author,content,filename,org_name,original_rating,pdf_link,publish_time,rating_adjust_mark_type,rating_changes,report_id,save_path,stock_code,stock_name,title
"郭新宇,吕伟,方竞","事件概述：2026年2月27日，寒武纪发布2025年度业绩快报，2025年实现营业总收入64.97亿元，同比增长453%；归母净利润20.59亿元（上年同期-4.52亿元），扣非归母净利润17.70亿元（上年同期-8.65亿元）。2025Q4业绩保持高增态势，国产算力龙头受益AI发展大趋势。按业绩快报数据计算，2025Q4归母净利润4.5亿元，同比增长67%；扣非归母净利润3.5亿元，上年同期为约-250万元。全年公司业绩大幅增长核心原因为：受益于人工智能行业算力需求的持续攀升，公司凭借产品的优异竞争力持续拓展市场，积极推动人工智能应用场景落地，带动营业收入规模大幅增长，进而实现净利润扭亏为盈。LPU架构有望成为发展重点，助力龙头加深平台护城河。2025年12月，英伟达与AI推理芯片公司Groq达成200亿美元技术许可协议，Groq保持公司独立，但核心团队及关键技术并入英伟达。2026年2月，英伟达CEO黄仁勋称，英伟达利用来自Groq的新技术来扩展产品线Groq的LPU架构依托SRAM实现极致推理速度，比GPU有望快多倍。此次交易有望助力英伟达获得低延迟、高效率的推理技术，加深平台护城河。国产算力龙头深度研究LPU，有望引领重要技术创新。1）龙头引领技术创新：中科院计算所与寒武纪团队发表于ASPLOS2026的论文《Hardwired-Neurons Language Processing Units as General-Purpose Cognitive Substrates》，提出的了HNLPU（硬连线神经语言处理单元）架构。大语言模型（LLMs）的快速发展确立了语言作为通用认知基底的核心地位，实现了自然语言处理领域的技术统一，能以人类级性能处理多种下游任务，且通用性不断增强，单个模型可替代此前多种专用系统。尽管LLM硬件开销大，但广泛应用催生了针对其推理的专用语言处理单元（LPUs）需求，现有LPUs（如Groq LPU、Cerebras WSE）通过预加载权重或固化数据流，能效较传统CPU、GPU、NPU提升4~20倍。2）技术创新点：现有AI基础设施仍面临较高能耗问题，根据论文原文，预计到2028年美国AI数据中心将占用12%总电力容量，核心原因是当前LPUs和GPU仍将模型视为动态数据，千亿级权重参数在自回归解码中反复调取，功耗进而提升。为从根本解决该问题，需将LPU专用化推向极致——提出硬连线LPU（Hardwired LPU），通过将权重参数物理硬连线到计算架构中，实现架构-模型完美匹配、零参数调取开销及极致计算效率。硬连线LPU的核心挑战是现代LLM规模过大：直接硬连线GPT-OSS 120B模型，在5nm工艺下需176,000mm²的CMAC阵列，经济性成为挑战。论文提出金属嵌入（Metal-Embedding）方法，将权重嵌入金属线3D拓扑而非硅器件二维网格，使硬连线LPU的非经常性工程（NRE）成本进入经济可行范围。3）论文成果：基于该方法设计的硬连线神经元语言处理单元（HNLPU），在5nm工艺下实现249,960 tokens/s吞吐（H100的5555倍、WSE-3的85倍）、36 tokens/J，但是能效是H100的1047倍、WSE-3的283倍，总芯片面积13,232mm²。投资建议：公司是国产AI芯片龙头，积极研发新一代智能处理器微架构和指令集，推动智能芯片及加速卡在互联网、运营商、金融、能源等多个重点行业持续落地。在LPU发展大趋势下，公司前瞻布局相关技术并取得创新性研究成果，有望在长期内受益于LPU发展大趋势。预计公司2025-2027年营业收入分别为64.97/95.37/118.53亿元，归母净利润为20.59/36.28/51.28亿元，EPS分别为4.88/8.60/12.16元，对应PE分别为241X、137X、97X，维持“推荐”评级。风险提示：政策落地不及预期；AI技术路线变化具有不确定性；同业竞争加剧。",,国联民生证券,推荐,[None],2026-02-28,,增持,8463735,pdf_downloads/2026/2026-02-28/688256-寒武纪（688256）：2025 年业绩快报点评：LPU引领推理算力创新，国产算力龙头新机遇可期.pdf,688256,寒武纪,寒武纪（688256）：2025 年业绩快报点评：LPU引领推理算力创新，国产算力龙头新机遇可期
"郭龙飞,张皓怡,林文富,王心怡",2026年2月08日│中国内地 半导体 近期，微软、Meta、谷歌、亚马逊陆续披露业绩，4Q25各厂商资本开支投入同比均大幅提升，且预计26年仍将保持较高增速。但资本市场出于对英伟达H200出口不确定性以及国产AI芯片竞争格局变化的担忧，近期公司股价出现较大幅度调整。我们认为公司当前正在拥抱历史重要发展机遇：1）国内CSP不断加码AI基础设施建设，AI芯片需求保持高速增长，且由于美国出口政策具备较大不确定性，国产替代需求已经明确，公司将核心受益；2）公司经过多年沉淀，在保供能力、产品迭代速度、产品定义精准度等方面依然保持领先，稳坐国产AI芯片第一梯队。综上考量，上调公司26/27年净利润预测至60/176亿元，目标价1679.4元，重申“买入”。AI芯片需求旺盛且国产替代不断加速，公司有望核心受益4Q25微软/Meta/谷歌/亚马逊资本开支分别达到375/221/279/385亿美元，同比增加66%/49%/95%/48%。展望后续，CSP厂商资本开支仍将保持较高增速，Meta/谷歌/亚马逊预计2026年资本开支将提升至1150-1350/1750-1850/2000亿美元，中值较2025年同比增长73%/97%/60%；此前，阿里CEO于2025云栖大会亦表示将在25年初提出的三年3800亿CapEx投入目标基础上再追加投资。海内外大厂AI基础设施建设持续加码，将带动AI芯片需求保持旺盛，微软表示4Q25资本支出中约2/3投向CPU以及GPU等短期资产。同时，AI芯片国产替代持续加速，一方面，中国政府鼓励倡导建设自主可控的算力基础设施，支持各类主体采购及使用国产算力芯片；此外，国产AI芯片性能表现持续提升，并在供应稳定性和综合性价比等方面逐渐显现优势，以寒武纪为代表的国产AI芯片厂商将核心受益。下一代产品进展顺利，产品定义和供应能力保持领先2022年11月公司被美国列入实体清单，经营受到较大影响，22年/23年营收仅维持在7.29/7.09亿元（yoy+1.1%/-2.7%）。经过盘整，25年公司营收恢复高速增长，公司预计2025年将实现营收60-70亿元，收入同比增长411%-496%。虽然投资人开始担心竞争格局恶化，但我们认为公司在保供和产品定义能力上仍然保持领先：1）供应能力：截至25年三季度末，公司预付账款6.9亿元，存货37.29亿元（较二季度末增加10.39亿元），供应能力持续提升；2）产品定义：凭借跟头部客户的紧密合作，公司深度把握客户需求，在产品定义方面具备先发优势。此外，公司保持较高研发投入，不断推进智能处理器微架构、指令集、基础软件系统平台等迭代优化，25年前三季度研发费用8.4亿元（yoy+28%），为下一代产品的研发及落地奠定基础。盈利预测与估值AI产业加速发展，国内对于算力芯片的采购需求亦快速增长，且26年开始国产芯片采购比例将显著提升，看好当前公司卡位保持领先。因此，我们上修公司26/27年收入至169/408亿元（较前值：+20%/+38%），对应归母净利60.27/175.76亿元（较前值：+13%/+36%）。考虑产能将在27年加速释放，我们基于公司27年业绩进行估值，公司在AI芯片产品定义和供应能力上保持国内领先优势，给予40倍27E PE（可比公司Wind一致性预期中位数为35X），维持目标价1679.4元，重申“买入”评级。风险提示：实体清单存在供应链风险，产品迭代不及预期，行业竞争加剧。,,华泰证券,买入,[None],2026-02-08,,买入,8405062,pdf_downloads/2026/2026-02-08/688256-寒武纪（688256）：新品进展顺利，上调27年预测.pdf,688256,寒武纪,寒武纪（688256）：新品进展顺利，上调27年预测
孙行臻,寒武纪发布2025年年度业绩预告。预计2025年收入端实现60-70亿元，同比增长410.87-496.02%；实现归母净利润18.5-21.5亿元，同比扭亏为盈；实现扣除非经常性损益后的归母净利润为16-19亿元。盈利拐点确立，规模效应已现。AI算力需求持续攀升叠加云端产品线技术成熟度高，带动公司业务大规模商业化落地，在运营商、金融、互联网及其他垂直行业等领域持续发力，营业收入较上年同期大幅增长，带动公司整体经营业绩提升，净利润实现扭亏为盈，规模效应凸显。单季度收入中枢环比增长，供应链保障有力。根据业绩预告，公司25Q4营收为13.93-23.93亿元，营收中枢环比25Q3有所增长。与此同时，25Q3末公司存货余额为37.29亿，环比提升39%，存货重回快速增长通道，供给端改善显著，为订单爆发做好供应链保障。豆包大模型每日token使用量翻倍，CSP大厂需求持续引爆增长。2025年12月18日，火山引擎总裁谭待在火山引擎在FORCE原动力大会上公布的数据显示，截至2025年12月，豆包大模型日均token使用量突破50万亿，较2024年同期增长超过10倍；目前已有超过100家企业客户累计token使用量超过一万亿。NeuWare基础软件平台发布，实现AI模型快速迁移与全栈优化。寒武纪基础软件平台Cambricon NeuWare日趋成熟，全面兼容社区最新PyTorch版本和Triton算子开发语言，支持用户模型和自定义算子快速迁移，在多项指标上表现领先，与搜广推训推解决方案完成大规模技术和产品验证，并且完善多项集群工具推动大规模训练推理业务在集群环境中的部署运维调试和调优。基础软件平台的发布构建起从自研芯片架构到高性能软件平台的完整体系，实现了计算架构、编译优化与算法调度的深度融合。维持“买入”评级。AI算力需求景气，公司算力芯片技术领先，导入客户加速，业务大规模商业化落地，软硬件协同发展进一步提升业绩弹性及业务粘性。预计公司2025-2027 年营收为63.68/130.91/209.53 亿，归母净利润为20.62/43.63/70.18 亿，维持“买入”评级。风险提示：产能供给不及预期、下游客户需求不及预期、行业竞争加剧等。,,国盛证券,买入,[None],2026-02-03,,买入,8391657,pdf_downloads/2026/2026-02-03/688256-寒武纪（688256）：25年业绩预告全年转盈，规模效应加速凸显.pdf,688256,寒武纪,寒武纪（688256）：25年业绩预告全年转盈，规模效应加速凸显
"郭新宇,吕伟,方竞",事件概述：2026年1月30日，公司发布2025年度业绩预告，预计营收60亿元-70亿元，同比增410.87%-496.02%；归母净利润18.5亿元-21.5亿元，实现扭亏为盈；扣非归母净利润16亿元-19亿元。业绩大幅增长，收入有望达到预期上限。1) 业绩大幅增长：2024年公司营收11.74亿元，归母净利润-4.52亿元，扣非归母净利润-8.65亿元。2025年公司在收入、归母净利润、扣非归母净利润方面均实现大幅增长。2）收入有望达到预期上限：公司在先前公告中提到，预计2025年全年实现营业收入50-70亿元。此次公司业绩预告给出的营收区间为60-70亿元，收入有望达到预期的上限。国内头部云厂商开支有望持续加大，国产算力龙头有望充分受益。阿里巴巴表示，将“积极”投资于人工智能能力的提升，不排除在已承诺的三年3800亿元人民币投资之外进行额外投资。在国产AI龙头不断加大资本开支并大力推动云业务发展的大趋势下，以寒武纪为代表的国产算力龙头凭借自身在推理等领域的优势，有望充分受益。生态的持续强化有望成为公司长期成长的重要基础，核心竞争力持续提升。1）核心算子与集群能力优化：持续打磨核心基础算子的功能、性能与稳定性，高效支撑开源及私有模型在寒武纪智能芯片上稳定运行。例如，大规模Embedding Table稀疏访存与计算深度优化；GEMM/BatchGEMM/GroupGEMM等矩阵乘类算子性能泛化能力显著提升，大规模矩阵乘HFU达行业领先水平。针对大规模场景专项优化，新增HDR/DBT等Allreduce通信算法，提升大规模通信带宽；深度优化Alltoall操作，大规模扩展性与国际主流竞品相当。同步强化可维可测能力，支持在线打点、模块化日志、高可靠服务模块，助力用户快速定位通信下发错误、异常卡死等问题，提升集群通信可用性。通过Kernel层支持RoCE网卡RDMA操作（类IBGDA），显著降低大规模专家并行场景下ALL2ALL通信延迟，提升MoE类模型推理端到端吞吐。同时，公司推出CntrainKit-Accu（大规模集群精度定位工具）、CntrainKit-Monitor（大规模集群监控调优工具）、CNCE（集群监管平台）、CNAnalyzeInsight（故障分析工具）等，为万卡级分布式训练提供全流程支撑。2）编译器与调试调优工具优化：BANG C语言作为寒武纪BANG异构并行编程模型的核心语言，基于C/C++扩展并适配MLU架构特性，可高效编写并行程序，充分发挥MLU大规模并行计算优势。该语言支持链接时优化（LTO）、Profiling 反馈优化（PGO）、函数级片上空间复用、Device侧动态链接、访存地址空间静态推导、并行指令流自动同步、内存依赖分析优化、指令级局部/全局调度及高性能指令布局等多项编译优化技术，最大化挖掘芯片性能，矩阵乘法等算子效率达行业领先。同时，持续迭代Triton算子开发语言，全面兼容Triton 3.4特性，支持FP8/FP4数据类型。在单算子调优方面，CNPerf支持GHz级硬件状态采样，精准记录MLU前后端运行信息，助力用户分析流间/核间同步、算子流水排布等问题，实现硬件后端资源高效利用。投资建议：公司是国产AI芯片龙头，积极研发新一代智能处理器微架构和指令集，推动智能芯片及加速卡在互联网、运营商、金融、能源等多个重点行业持续落地。软件生态的持续完善，有望进一步提升公司在行业内的竞争力，助力公司长期发展。预计公司2025-2027年归母净利润为20.05/36.10/51.04亿元，对应PE分别为265X、147X、104X，维持“推荐”评级。风险提示：政策落地不及预期；AI技术路线变化具有不确定性；同业竞争加剧。,,国联民生证券,推荐,[None],2026-02-01,,增持,8379398,pdf_downloads/2026/2026-02-01/688256-寒武纪（688256）：国产算力龙头迎来重要业绩拐点.pdf,688256,寒武纪,寒武纪（688256）：国产算力龙头迎来重要业绩拐点
吴鸣远,"“云-边-端”全场景布局，国产 AI 芯片龙头。公司成立于 2016 年，作为国内
AI芯片领域领军企业，核心聚焦AI芯片研发与技术创新。公司构建“云-边-端”全场景产品矩阵，涵盖云端智能芯片及加速卡、边缘端智能芯片及加速卡、终端智能处理器IP三大核心业务，产品包括思元590、思元370等云端训练与推理芯片，可满足互联网、金融、交通、能源等多行业AI应用场景需求。技术层面，公司已形成从指令集架构、芯片设计到基础系统软件的完整技术体系，是国内少数具备全栈自研能力的AI算力解决方案提供商，且已实现云端AI训练芯片大规模商用。2024Q4以来，公司营收持续爆发，2025Q1-2025Q3，公司连续三个季度实现营收增速+4230.22%/+4425.01%/+1332.52%，商业化提速发展。凭借“云-边-端”全场景产品矩阵、全栈自研技术及云端AI训练芯片商用突破，叠加连续高业绩增速，公司持续夯实行业领军地位。全球算力市场需求大爆发，国产替代加速发展。行业端，全球 GPU 市场正经
历结构性变革，人工智能、大数据、云计算等技术爆发式发展推动算力需求持续攀升。据弗若斯特沙利文数据显示，到2029年，我国AI芯片市场规模将从2024年1425.37亿元激增至13367.92亿元，2025年至2029年期间年均复合增长率为53.7%。从细分市场上看，GPU市场增长速度最快，其市场份额预计将从2024年69.9%上升至2029年77.3%。美国对高端芯片出口限制倒逼国内算力自主可控进程提速，国内厂商凭借对下游客户需求的快速响应和本地化服务，已在特定领域取得一定市场份额，并持续向新应用领域延伸。全栈技术自主及定增加码，构筑核心竞争壁垒。硬件端，当前已迭代至第五代
MLUarch微架构，7nm工艺思元590芯片集群FP16算力达2.048 PFLOPS，支持Chiplet异构集成与MLU-Link8卡互联技术，性能对标国际主流产品；软件端NeuWare统一基础系统软件平台实现“一次开发、多端部署”，兼容TensorFlow、PyTorch等主流AI框架，同时通过开源Torch-MLU等工具链降低客户应用迁移成本，开发者社区规模持续扩容。成长规划上，公司已经通过定增募集39.85亿元，重点投向大模型芯片平台（研发训练/推理/多模态芯片）与软件平台（构建编译/训练/推理全栈工具链），针对性突破大模型对高并行度、高存储效率的核心需求；公司正通过持续投入研发 “边缘及车载智能芯片” 等项目，长期拓展智能驾驶、智能制造等新兴场景的应用，逐步缩小与国际龙头的技术代差，为业绩增长注入长期动力。投资建议：作为国内 AI 芯片领域的头部企业，寒武纪构建了从指令集架构到
芯片设计、再到基础系统软件的完整技术体系。受益于AI算力需求持续增长，公司产品在互联网、运营商、金融等多个重点行业应用场景落地，业务有望实现爆发式增长。我们预计公司2025-2027年营业收入为72.62、132.28、206.85亿元，对应增速518.3%、82.2%、56.4%；归母净利润为25.20、48.97、77.99亿元，对应增速分别为657.0%/94.4%/59.3%；对应EPS分别为5.98、11.61、18.49元。首次覆盖，给予“推荐”评级。风险提示：技术迭代与生态建设不及预期；供应链与外部环境不稳定；客户集
中度过高。",,华创证券,推荐,[None],2025-12-12,,增持,8236931,pdf_downloads/2025/2025-12-12/688256-寒武纪（688256）：深度研究报告：国产 AI 芯片领军者，云边端共铸核心壁垒.pdf,688256,寒武纪,寒武纪（688256）：深度研究报告：国产 AI 芯片领军者，云边端共铸核心壁垒
黄晨,"推理应用加速落地，算力缺口亟待缓解业绩回顾：25Q3单季度，公司收入17.3亿元，大幅超过10亿-15亿的悲观预期，同环比分别为+1,333%/-2%。毛利率54.2%，同环比分别为+2pct/+1.6pct，环比下滑预计为阶梯价格的影响。归母净利润为5.7亿元，同环比分别为+391.5%/-17.0%，与研发费用占比提升有关。供应链方面，25Q3末公司存货37.3亿元，环比提升10.4亿元，预付款6.9亿元，环比减少1.4亿元，供应链表现稳健。25年10月完成定增融资40亿，为后续研发和供应链提供更多保障。AI应用加速落地，大客户需求展望积极：年初以来，全球大厂均在推动应用加速落地，文本对话、AI编程、图像、短视频等爆款应用层出不穷。字节跳动在应用落地上全球领先，日均Token消耗量在25年10月达到30万亿级别，仅次于谷歌的40万亿。公司产品在客户侧的特定场景大模型训练与推理、智能视觉、语音处理、推荐系统等典型AI场景中表现优异，有望迎来订单的持续突破。国产算力替代加速，供需缺口亟待缓解：大国科技竞争，算力成为关键商品而受限制，国产算力有望填补算力限售带来的需求缺口。IDC预测，2025年中国智算市场规模将达到400亿美元(3,000亿人民币)，预计2029年将突破1,400亿美元（10,000亿人民币）。面对万亿级市场，我们认为国产供应链已经取得积极进展，国产芯片将在未来数年持续抢占市场。寒武纪凭借自身技术能力和先发优势，有望在新一轮国产算力投资周期中获得显著市场份额。目标价1,683元，维持买入评级：预计25-27年收入分别为68.2亿/151.4亿/243.0亿，同比增长481%/122%/61%；归母净利润16.8亿/51.3亿/88.8亿，同比增长NA/205%/73%。我们认为随着AI大模型的不断迭代发展，国产算力芯片将在客户侧不断拓展应用场景，公司作为国产算力龙头企业，将显著受益于国产芯片的渗透率提升。给与公司目标价1,683元，市值7,100亿元，对应2027年80倍PE，较现价有26%的上升空间，维持买入评级。风险提示：供应链波动，行业竞争加剧，客户自研芯片，产品迭代延迟",,第一上海证券,买入,[None],2025-12-04,,买入,8215018,pdf_downloads/2025/2025-12-04/688256-寒武纪（688256）：推理应用加速落地，算力缺口亟待缓解.pdf,688256,寒武纪,寒武纪（688256）：推理应用加速落地，算力缺口亟待缓解
孙伯文,寒武纪(688256)事件：2025年10月18日，公司发布2025年三季报。前三季度，公司实现营业收入46.07亿元，同比增长2386.38%，归母净利润为16.05亿元，同比扭亏。观点：业绩延续高增长，维持高研发投入。前三季度，公司实现营业收入46.07亿元，同比+2386.38%，实现归母净利润为16.05亿元（去年同期为-7.24亿元），同比大幅扭亏。第三季度，公司实现营业收入17.27亿元，同比+1332.52%，实现归母净利润5.67亿元（去年同期-1.94亿元），同比扭亏，实现自2024Q4以来连续4个季度单季度归母净利润为正。公司前三季度销售毛利率为55.29%，同比基本持平；销售净利率为34.81%，盈利能力持续提升。费用端，公司前三季度销售费用率、管理费用率、财务费用率、研发费用率分别为0.93%、2.99%、0.35%、18.29%，除财务费用率同比由负转正外，公司销售费用率、管理费用率、研发费用率费用同比皆显著下降，主要受报告期内营收同比大幅增长影响。报告期内，公司保持高研发投入，前三季度公司研发投入合计7.15亿元（同比+8.45%），第三季度研发投入2.58亿元（同比+22.05%）。存货创历史新高，下游需求有望加速兑现。报告期末，公司存货达37.29亿元，同比+267.33%，创同期历史新高。年内，公司持续深化与大模型、互联网等领域头部企业技术合作，凭借人工智能芯片产品优势拓展市场份额。全年来看，公司有望充分受益于国产人工智能算力需求增长。定增落地，总募资39.85亿投入芯片、软件开发和补充。2025年10月21日，公司完成39.85亿元定增，用于应对智算需求快速增长。本次定增以1195.02元/股的价格发行333.49万股，募资主要用于：（1）面向大模型的芯片平台项目，拟使用募集资金20.54亿元；（2）面向大模型的软件平台项目，拟使用募集资金14.52亿元；（3）补充流动资金，拟使用募集资金4.79亿元。我们认为，本次定增有助于优化公司资本结构，支撑公司高研发投入需求。盈利预测及投资评级：前三季度，公司业绩同比高速增长，下游需求强劲。大国博弈背景下，公司作为AI算力国产化领军企业，有望充分受益于国产替代进程。此外，公司近期成功完成近40亿元的定增，为后续芯片研发和生态建设续航。我们预测公司2025-2027年归母净利润为21.30/46.39/72.47亿元，预测公司2025-2027年EPS分别为5.05/11.00/17.19元，当前股价为1429.5元，对应2025-2027年PE分别为283.1/129.9/83.2倍，首次覆盖，给予“增持”评级。风险提示：供应链稳定风险；行业竞争加剧；技术迭代不及预期；毛利率不及预期；宏观环境不及预期。,,华龙证券,增持,[None],2025-10-23,,增持,6698393,pdf_downloads/2025/2025-10-23/688256-寒武纪（688256）：业绩延续高增长，存货创同期历史新高.pdf,688256,寒武纪,寒武纪（688256）：业绩延续高增长，存货创同期历史新高
"谢春生,张皓怡,陈钰,林文富",2025年10月22日│中国内地 半导体 公司3Q25实现营收17.27亿元（yoy：+1332.5%，qoq：-2.4%），归母净利润5.67亿元（yoy：+391.5%，qoq：-17.0%），扣非归母净利润5.06亿元（yoy：+299.7%，qoq：-20.5%）。公司3Q25收入环比基本持平，客户采购需求仍保持旺盛，或因阶梯价致毛利率环比略有下降（54.24%，qoq：-1.64pct），叠加持续较高强度研发投入，研发费用环比增加11.73%至3.01亿元，3Q25净利率环比下降5.77pct至32.80%。我们认为随着AI模型不断发展，国内对于算力芯片的采购需求将快速增长，且国产芯片采购比例将加速提升，公司有望核心受益，维持“买入”评级。3Q25回顾：收入保持平稳，库存显著提升三季度公司收入仍主要来源于云端产品线，公司云端算力芯片在互联网、运营商等多个重点行业实现规模化部署，在大模型训练与推理、智能视觉、语音处理、推荐系统等典型AI场景中表现优异。毛利率方面，由于实现批量销售后毛利率将受阶梯价格影响，三季度毛利率为54.24%（yoy：+3.04pct，qoq：-1.64pct）。供应链方面，截止三季度末预付账款6.90亿元（较上季度末减少1.38亿元），存货37.29亿元（较上季度末增加10.39亿元），公司供应能力逐步提升。3Q25公司购买商品、接受劳务支付的现金17.28亿元，较2Q25增加9.29亿元。4Q25展望：蓄势待发，募资投入面向大模型的芯片/软件平台开发25年9/10月字节/谷歌Token月均调用量分别达900/1300万亿，我们认为，海内外大厂Token调用量已出现明显加速拐点，推理端算力需求将保持快速增长。在当前国际贸易形势下，AI芯片国产替代已在加速，我们预计公司25年收入有望超过60亿元。据10/1公告，公司已完成2025年度定增项目，募资总额39.85亿元将投资于面向大模型的芯片平台项目、面向大模型的软件平台项目及补充流动资金。此次开展的募投项目将增强公司面向大模型的芯片技术和产品综合实力，提升公司在智能芯片产业领域的长期竞争力。投资建议：国内AI芯片领军企业，维持“买入”评级2025年公司或将首次实现全年盈利，我们预计2026年随着公司保供能力提升，有望实现更多客户突破，芯片销量或将大幅增长。看好国内AI发展趋势以及公司当前卡位，预计 25/26/27年收入为63.96/140.53/294.94亿元（较前值：+3.39%/0%/0%），对应归母净利润20.95/53.49/129.24亿元（较前值：+6.45%/+1.61%/+0.75%）。给予2.28X 25E PEG（可比公司Wind一致性预期均值2.28X），目标价为1679.4元，维持“买入”评级。风险提示：实体清单存在供应链风险，产品迭代不及预期，行业竞争加剧。,,华泰证券,买入,[None],2025-10-22,,买入,6680837,pdf_downloads/2025/2025-10-22/688256-寒武纪（688256）：3Q25：库存环比显著提升.pdf,688256,寒武纪,寒武纪（688256）：3Q25：库存环比显著提升
"胡剑,胡慧,叶子,张大为,詹浏洋,李书颖,连欣然",前三季度营收同比增长2386.38%，归母净利润同比增长321.49%。公司发布2025年三季报，前三季度实现营收46.07亿元(YoY+2386.38%)，实现归母净利润16.05亿元，2024年同期为-7.24亿元，实现扭亏为盈。其中，公司单三季度实现营收17.27亿元(YoY+1332.52%，QoQ-2.40%)，实现归母净利润5.67亿元(同比扭亏为盈，QoQ-17.00%)。收入利润大幅增长，主要因公司持续拓展市场，积极助力人工智能应用落地。前三季度公司确认的非经常性损益为1.86亿元，主要为政府补助等。2025年营收预计50至70亿元，存货环比持续增长保障未来交付。公司结合实际情况，预计2025年全年实现营业收入50至70亿元。盈利能力方面，公司前三季度综合毛利率达到55.29%，净利率为34.81%，其中单三季度毛利率为54.24%，维持在较高水平。为应对旺盛的下游需求，公司积极备货，截至三季度末，公司存货达到37.29亿元，较二季度末增加约10.4亿元，为未来收入的持续增长提供了有力保障。预付款项为6.9亿元，较中报时的8.3亿元有所下滑。费用方面，公司持续加大研发投入，单三季度研发投入为2.58亿元（不含股份支付），同比增长22.05%。定增落地助力新平台研发，Day0适配DeepSeek-V3.2-Exp。公司完成2025年度定增项目，实际发行人民币普通过333.49万股，增发价格为1195.02元，募资金额为人民币39.85亿元。本次定增中20.54亿元用于面向大模型的芯片平台项目，14.52亿元用于面向大模型的软件平台项目，4.79亿元用于补充流动资金。其中，芯片平台包含4类：面向大模型训练的芯片、面向大语言模型推理的芯片、面向多模态推理的芯片和面向大模型需求的交换芯片；软件平台包含3类：灵活编译系统、训练平台以及推理平台。9月29日，DeepSeek-V3.2-Exp发布，公司实现Day0适配DeepSeek-V3.2-Exp，并同步开源大模型推理引擎vLLM-MLU源代码。寒武纪通过Triton算子开发实现了快速适配，利用BangC融合算子开发实现了极致性能优化，并基于计算与通信的并行策略，达到了业界领先的计算效率水平。投资建议：我们看好公司人工智能处理器芯片的核心竞争力，公司积极备货以满足下游旺盛需求，未来业绩有望逐步兑现。伴随AI产业趋势发展，以及地缘政治风险下国产替代需求的提升，公司产品销量持续向好，我们上修2025-2027年营收至67.73/121.85/201.00亿元（前值50.24/72.81/101.9亿元），维持“优于大市”评级。风险提示：公司尚未实现盈利且存在毛利率波动风险；客户集中度且上游供应链存在不稳定风险；行业竞争加剧风险等。,,国信证券,优于大市,[None],2025-10-21,,买入,6674958,pdf_downloads/2025/2025-10-21/688256-寒武纪（688256）：存货环比持续增长保障交付，定增落地助力新平台研发.pdf,688256,寒武纪,寒武纪（688256）：存货环比持续增长保障交付，定增落地助力新平台研发
"吕伟,郭新宇",业绩高增延续，自身壁垒有望不断强化事件概述：2025年10月17日，公司发布2025年第三季度报告，2025Q3实现营业总收入17.27亿元，同比增长1332.52%；归母净利润5.67亿元，同比大幅改善。单季度业绩大幅改善，存货等指标向好说明产业链供应的韧性较强。1) 业绩高速增长：2025年1-9月，公司实现营业总收入46.07亿元，同比增长2386.38%；归母净利润16.05亿元，同比大幅改善。公司持续拓展市场，积极助力人工智能应用落地，推动收入较上年同期大幅增长。同时，公司仍将研发作为投入重点，前三季度研发费用8.43亿元，同比增长约28%。2）存货大幅增加：截至三季度末，存货约37亿元，较上季度末增加约10亿元。作为国内AI芯片龙头，存货持续增加说明公司芯片等产业链供应的韧性较强。定增成功发行，自身壁垒有望不断强化，国产化大机遇下有望充分受益。1)根据寒武纪发布的《2025年度向特定对象发行A股股票发行情况报告书》，截至2025年9月26日15时止，公司本次向特定对象发行A股股票实际已发行人民币普通股333.49万股，每股发行价格人民币1195.02元，募集资金总额为人民币39.85亿元。2）通过本次发行募集资金投资项目的实施，公司在大模型领域的芯片和软件技术综合竞争实力将得到显著提升，并形成面向大模型规模应用领域的算力软硬件技术能力矩阵，有利于根据不同客户的需求快速构建不同芯片和软件组合的最佳解决方案。3）2025年9月29日，寒武纪已同步实现对深度求索公司最新模型DeepSeek-V3.2-Exp的适配，并开源大模型推理引擎vLLM-MLU源代码。大模型软件生态建设方面，寒武纪支持以DeepSeek为代表的所有主流开源大模型。芯片和算法的联合创新方面，以软硬件协同的方式，对DeepSeek系列模型进行了深入的软硬件协同性能优化，达成了业界领先的算力利用率水平。针对DeepSeek-V3.2-Exp新模型架构，寒武纪通过Triton算子开发实现了快速适配，利用BangC融合算子开发实现了极致性能优化，并基于计算与通信的并行策略次达成了业界领先的计算效率水平。依托DeepSeek-V3.2-Exp带来的全新DeepSeek Sparse Attention机制，叠加公司芯片的计算效率，可大幅降低长序列场景下的训推成本，共同为客户提供极具竞争力的软硬件解决方案，有望充分受益于AI算力国产化的重要机遇。投资建议：公司是国产AI芯片龙头，积极研发新一代智能处理器微架构和指令集，推动智能芯片及加速卡在互联网、运营商、金融、能源等多个重点行业持续落地。预计公司2025-2027年归母净利润为19.93/35.63/50.47亿元，对应PE分别为262X、147X、103X，维持“推荐”评级。风险提示：政策落地不及预期；AI技术路线变化具有不确定性；同业竞争加剧。,,民生证券,推荐,[None],2025-10-19,,增持,6648342,pdf_downloads/2025/2025-10-19/688256-寒武纪（688256）：业绩高增延续，自身壁垒有望不断强化.pdf,688256,寒武纪,寒武纪（688256）：业绩高增延续，自身壁垒有望不断强化
"舒迪,段笑南",维持“增持”评级，上调目标价至1717.10元。公司专注于AI芯片产品研发，考虑到AI需求加速增长，伴随自主可控趋势加强，业绩有望加速成长。我们上调公司2025/2026/2027年EPS为5.22/15.61/22.88元（前值为5.04/7.98/10.21元）。参考可比公司估值，考虑到公司营收、净利润规模与海光信息接近，并且公司专注于需求旺盛的AI芯片业务，给予一定估值溢价，给予其2026年110倍PE，上修目标价至1717.10元。2025Q3业绩符合预期。根据公司2025年三季报，2025Q3公司实现营收17.27亿元，同比+1332.52%，环比-2.40%，实现归母净利润5.67亿元，同比+391.47%，环比-17%。营收大幅增长主要系公司积极拓展市场，加速AI应用落地。2025Q3公司归母净利率达34.83%，同比扭亏为盈，环比-1.21 pct，基本保持稳定。2025Q3公司研发费用为3.01亿元，同比+41.98%，环比+11.90%，我们认为研发费用增长主要系公司加速新产品研发。存货水平充足保障后续供应，预付款仍处较高水平。根据公司2025年三季报，公司存货达37.29亿元，较2025Q2增长38.62%。并且公司预付款为6.90亿元，仍保持在较高水平。我们认为高存货储备以及较高的预付款或表明公司产品未来需求旺盛，公司目前在加紧备货确保未来交付。2025Q3公司合同负债为0.80亿元，较2025Q2降低4.63亿元，我们认为合同负债降低并不反映公司产品需求下行，其2025Q1合同负债仅0.01亿元，而2025Q2营收环比+59.19%。我们认为伴随中美AI竞争加剧，自主可控趋势增强，公司产品未来需求旺盛。催化剂。国内云厂商capex大幅增长；地方智算中心建设加速。风险提示。国产算力芯片性能迭代不及预期。,,国泰海通,增持,[None],2025-10-19,,买入,6644290,pdf_downloads/2025/2025-10-19/688256-寒武纪（688256）：业绩符合预期，芯片自主可控加速未来成长.pdf,688256,寒武纪,寒武纪（688256）：业绩符合预期，芯片自主可控加速未来成长
"童非,王凌涛,厉秋迪,安子超,张致远",寒武纪发布 2025 年三季报，前三季度实现营业收入46.07亿元，同比增长2386.38%；归母净利润16.05亿元，同比增321.49%；扣非后归母净利润14.19亿元，同比增长264.52%。单 Q3：营业收入17.27亿元，同比增长1332.52%；归母净利润5.67亿元，同比增长391.47%；扣非后归母净利润5.06亿元，同比增长299.68 %。存货高增，供给进一步提升存货创新高，达到37.29亿元，环比增长38.62%，单 Q3 收入环比基本持平下，供给在 Q3进一步放量。预付款项6.90 亿元，维持在高位。存货+预付款项合计44.19亿元，环比增长 25.60%。考虑到下游大厂等资本开支保持高增长，AI 应用持续打开，以及算力国产化趋势，我们认为供给端增长仍是影响寒武纪业绩的主因，看好Q4 及后续季度收入放量情况。单 Q3 研发费用3.01 亿元，同比增长42.24%；销售、管理费用分别为 0.15、0.40 亿元，同比分别减少2.16%、54.84%。国产算力大势所趋，重申寒武纪优势网信办约谈就 H20 芯片安全问题约谈英伟达，或反映出国产算力产业链逐步完善，且未来使用国产算力为大势所趋。智算芯片由于规模效应及生态壁垒，长期看格局或将相对集中：根据 Bernstein Research 数据，英伟达 2024 年中国 AI 芯片市场中占据 66%的市场份额。未来算力实现国产化后，我们预计国产AI芯片也将呈现集中格局，寒武纪作为独立的智算芯片提供商，或更受大厂青睐，优势凸显。盈利预测与估值我们预计公司25-27年分别实现收入75.3亿、134.6亿、205.6亿，同比增速为541%、79%、53%；归属母公司股东的净利润为18.3亿、28.2亿、46.5亿。对应25-27年PE估值分别为285、185、112倍，维持“买入”评级。风险提示产品研发不及预期、下游需求不及预期、晶圆厂产能释放不及预期、生态适配不及预期、贸易政策风险等。,,浙商证券,买入,[None],2025-10-19,,买入,6654033,pdf_downloads/2025/2025-10-19/688256-寒武纪（688256）：2025三季度点评：供给延续增长，存货创新高.pdf,688256,寒武纪,寒武纪（688256）：2025三季度点评：供给延续增长，存货创新高
"陈海进,李雅文",25Q3营收同比增长1333%，销售净利率达到32.8%。据公司25年三季报，25Q1-Q3实现营收46.07亿元，yoy+2386.38%；毛利率55.29%，yoy+0.06pcts；归母净利润16.05亿元。25Q3单季营收17.27亿元，yoy+1332.52%，qoq-2.37%；毛利率54.24%，yoy+3.04pcts，qoq-1.64pcts；销售净利率32.8%，环比减少5.77pcts。资产负债表方面，截至25Q3，公司存货qoq+38.6%达37亿元；货币资金qoq+165%达52亿元。产品体系完善，AI全场景布局加速落地。公司自成立以来，先后推出了用于终端场景的寒武纪1A、寒武纪1H、寒武纪1M系列智能处理器；基于思元100、思元270、思元290和思元370芯片的云端智能加速卡系列产品；基于思元220芯片的边缘智能加速卡。在这些产品的成功商用过程中，公司与产业链上下游环节构建起稳固的合作关系，共同推进人工智能产业的发展。公司的智能芯片和处理器产品可高效支持大模型训练及推理、视觉（图像和视频的智能处理）、语音处理（语音识别与合成）、自然语言处理以及推荐系统等技术相互协作融合的多模态人工智能任务，可支持目前市场主流开源大模型的训练和推理任务，经过多年的市场推广，目前公司产品广泛服务于大模型算法公司、服务器厂商、人工智能应用公司，辐射云计算、能源、教育、金融、电信、医疗、互联网等行业的智能化升级。AI生态协同加速，产业链合作持续深化。9月30日DeepSeek-V3.2-Exp 发布，基于 DSA 架构降低推理成本、延长上下文，寒武纪对其首日实现全兼容。10月15日，商汤科技宣布已与寒武纪签署面向新发展阶段的战略合作协议，重点推进软硬件的联合优化，并共同构建开放共赢的产业生态。盈利预测与投资评级：公司为国内AI芯片领军者，随着AI芯片市场规模的快速增长，公司有望依托不断扩展的产品布局和生态建设逐步抢占市场。我们基于公司业绩公告，基于公司目前业绩快速增长的趋势，上调公司2025-2027年营业收入预测，预计实现67.71/135.35/230.04亿元（前值：58.38/116.69/174.99亿元），上调归母净利润至21.06/48.69/87.33亿元（前值：17.03/40.26/61.74亿元）。维持“买入”评级。风险提示：AI需求不及预期风险，公司持续稳定经营风险，客户集中度较高风险，股价与估值较高风险，供应链稳定相关风险。,,东吴证券,买入,[None],2025-10-19,,买入,6650160,pdf_downloads/2025/2025-10-19/688256-寒武纪（688256）：2025年三季报业绩点评：业绩符合预期，AI生态协同深化.pdf,688256,寒武纪,寒武纪（688256）：2025年三季报业绩点评：业绩符合预期，AI生态协同深化
"刘高畅,赵伟博",供给端大改善寒武纪发布三季报，收入端略超市场预期。25Q3单季度公司实现营收17.27亿（同比+1333%），实现归母净利润5.67亿（去年同期亏损1.94亿），实现扣非后归母净利润5.06亿（去年同期亏损2.54亿），综合毛利率54.24%（环比Q2-1.64pct），收入表现好于市场预期。研发费用有所提升，存货重回高速增长通道。25Q3单季度公司实现销售费用0.15亿（同比-2.2%），实现管理费用0.40亿（同比-54.8%），实现研发费用3.01亿（同比+42.2%），公司加大研发投入。25Q3末公司存货余额为37.29亿再创历史新高，环比Q2提升39%，存货重回快速增长通道，我们认为公司供给端在Q3得到较大改善，看好公司后续收入持续释放。合同负债为0.80亿，环比Q2有所下降，我们预计公司Q3兑现部分前期订单。国产化趋势叠加AI浪潮，寒武纪有望持续受益。参考过往重大政策规划，2025年为“十五五”定调节点，科技自立有望成为重中之重。2020年11月“十四五”规划发布，把科技自立自强作为国家发展的战略支撑，而在2025年4月，习近平总书记召开部分省区市“十五五”时期经济社会发展座谈会，强调“十五五”时期，必须把因地制宜发展新质生产力摆在更加突出的战略位置，以科技创新为引领、以实体经济为根基，坚持全面推进传统产业转型升级、积极发展新兴产业、超前布局未来产业并举，加快建设现代化产业体系。叠加此前于8月26日国务院发布《国务院关于深入实施“人工智能+”行动的意见》，要求到2027年，率先实现人工智能与6大重点领域广泛深度融合，新一代智能终端、智能体等应用普及率超70%。到2030年，我国人工智能全面赋能高质量发展，新一代智能终端、智能体等应用普及率超90%。我们认为，在国产化趋势叠加AI浪潮下寒武纪有望充分受益。维持此前盈利预测，维持“买入”评级。我们在报告中表示寒武纪类似于2013-2015年的东方财富，东方财富2015年营收较2013年提升10.8倍，市值峰值较2014年初提升15.88倍，东方财富成为2013-2015年互联网金融浪潮下的主角。看好寒武纪成为本轮AI浪潮主角，维持此前盈利预测，预计2025-2027年营收为85.22/170.36/255.50亿，归母净利润为29.12/59.55/91.53亿，对应EPS6.96/14.23/21.88元，维持“买入”评级。风险提示：产能供给不及预期、下游客户需求不及预期、行业竞争加剧等。,,国盛证券,买入,[None],2025-10-17,,买入,6637521,pdf_downloads/2025/2025-10-17/688256-寒武纪（688256）：供给端大改善.pdf,688256,寒武纪,寒武纪（688256）：供给端大改善
何鹏程,投资要点公司业绩表现亮眼，AI算力芯片获下游客户认可2025年上半年，公司实现营收28.81亿元，同比增长4347.82%；实现归母净利润10.38亿元，同比增长295.82%；实现扣非归母净利润9.13亿元，同比增长249.88%。2025年第二季度，公司实现营收17.69亿元，同比增长4425.01%；实现归母净利润6.83亿元，同比增长324.97%；实现扣非归母净利润6.37亿元，同比增长283.07%。公司业绩提升主要原因系公司凭借AI算力芯片的技术优势，持续深化与大模型、互联网等前沿领域头部企业的技术合作以及公司积极推进AI应用的加速落地，进一步拓展收入规模。AI-Capex推动算力需求持续上行，AI算力国产化是大势所趋自2022年OpenAI发布ChatGPT以来，AI大模型成为推动人类社会加速迈入强人工智能时代的关键技术。全球领先的科技巨头持续加大在AI算力硬件上的投资，陆续宣布重量级的AI基础设施投入计划。AI-Capex成为市场跟踪算力产业链景气度的重要指标。海外方面，北美四大CSP厂商纷纷上修Capex，预计2025年全年capex有望达到3510~3570亿美元。国内方面，阿里、腾讯以及字节等CSP大厂也纷纷提升Capex用于算力基础建设。例如，阿里在云栖大会上宣布除了未来三年3800亿元的Capex计划之外，还计划追加更多投资，建设云和AI硬件。全球对于AI算力需求总体呈现爆发式增长。根据IDC的数据显示，2028年全球AI算力服务器市场规模有望达到2227亿美元，2025-2028年CAGR为11.96%。智能芯片作为算力基础设施的核心，迎来了前所未有的发展机遇。从政策端来看，海外AI算力芯片受到地缘政治因素扰动，供给情况存在较大的不确定性。例如，2025年4月，特供”中国市场的英伟达H20被美国政府列入出口管制。因此，国产自研AI算力芯片是大势所趋。 ▌中芯国际产能、工艺双升，晶圆制造环节“堵点”逐步打通国产算力芯片发展绕不开晶圆制造环节。目前，中芯国际在产能和工艺方面发展迅猛。截止2024年，中芯国际具备8英寸标准逻辑月产能94.8万片。2025年上半年，中芯国际进一步扩充产能，新增2万片12英寸标准逻辑月产能。展望未来三到五年，预计中芯国际将持续以每年5万片12英寸左右的节奏来扩产。同时，中芯国际的产能利用率也在逐步提升，2025年Q2，产能利用率达到92.5%，环比增长2.9个百分点。此外，中芯国际目前正在不断地优化28纳米、40纳米、65纳米以及90纳米制程的工艺。在地缘政治博弈严重的当下，我们认为中国AI相关企业的Capex将深度挂钩国产芯片供给。未来，随着国产晶圆代工厂商的产能持续扩充以及工艺的不断优化，百度旗下昆仑、寒武纪、华为等头部厂商AI芯片量产难的问题将逐步得到解决。AI芯片性能领先，软硬件协同发展提升未来业绩弹性近期，寒武纪募资39.85亿元。公司拟用募集资金投资20.54亿元，用于面向大模型芯片平台项目的建设，以增强公司在面向大模型的AI芯片技术和产品综合实力；拟用募集资金投资14.52亿元，用于面向大模型软件平台项目的建设。AI硬件方面，公司团队先后研制的智能处理器及芯片产品，包括用于终端场景的寒武纪1A、寒武纪1H、寒武纪1M系列智能处理器；基于思元100、思元270、思元290和思元370芯片的云端智能加速卡系列产品；基于思元220芯片的边缘智能加速卡。目前公司产品广泛服务于大模型算法公司、服务器厂商、人工智能应用公司，辐射云计算、能源、教育、金融、电信、医疗、互联网等行业的智能化升级。AI软件方面，智能芯片的大规模商用需要兼顾易用性和可编程性，离不开软件平台的深度赋能。例如，英伟达对其软件平台（CUDA）长期持续的迭代升级，助力英伟达芯片快速拓展应用领域和持续优化用户体验，提高用户粘性，奠定英伟达在人工智能市场中的领先地位。公司目前已初步具备软件平台的开放服务能力。未来，公司通过对面向大模型的软件平台的技术创新研究，进一步构建覆盖大模型技术开发到应用部署的全流程开放服务能力。良好的软件生态能够帮助开发者快速了解和使用公司产品，将已有的模型高效便捷地迁移到公司产品上，使得公司产品高效便捷地被各行各业的开发者使用。公司是目前行业内少数全面系统掌握了智能芯片及其基础系统软件研发和产品化核心技术的企业之一，公司掌握的核心技术具有一定技术壁垒，关键核心技术处于行业的领先水平。同时，公司的产品受到下游云计算、互联网等优质客户的认可。我们认为随着未来公司软硬件的协同发展，公司的AI算力芯片有望迎来更多订单，公司业绩有望持续提升。盈利预测预测公司2025-2027年收入分别为64.60、96.89、140.50亿元，EPS分别为5.25、8.05、12.17元，当前股价对应PE分别为252.5、164.5、108.9倍，我们认为随着未来公司软硬件的协同发展，公司的AI算力芯片有望迎来更多订单，公司业绩有望持续提升，首次覆盖，给予“买入”投资评级。风险提示AI需求不及预期风险，公司募投项目进展不及预期，客户集中度较高风险，供应链稳定相关风险。,,华鑫证券,买入,[None],2025-10-09,,买入,6517257,pdf_downloads/2025/2025-10-09/688256-寒武纪（688256）：公司动态研究报告：AI算力芯片技术领先，软硬件协同发展提升业绩弹性.pdf,688256,寒武纪,寒武纪（688256）：公司动态研究报告：AI算力芯片技术领先，软硬件协同发展提升业绩弹性
"舒迪,陈豪杰",维持“增持”评级，上调目标价至1674元。公司是国内人工智能芯片领先企业之一，持续拓宽产品格局，维持其25/26/27年EPS为5.04/7.98/10.21元，维持其25/26/27年营收至71.23/93.30/116.61亿元。半导体设计大芯片行业2026年平均估值为26倍PS，公司是AI加速卡稀缺标的，可比公司主要集中在图像GPU或者CPU大芯片，随着AI需求的持续爆发，因此考虑一定的估值溢价，给予其2026年75倍PS，上调目标价至1674元。25H1业绩同环比高增，随着国内CSP厂商需求增加，AI芯片加速放量，业绩有望维持高增。根据业绩公告，公司25年H1实现营收28.8亿元，YoY +4347.8%，24年同期只有0.6亿元；归母净利润10.4亿元，24年同期-5.3亿元，同比大幅转正；毛利率55.9%，同比有所降低。24年实现营收11.74亿元，YoY+65.56%；归母净利润-4.52亿元，亏损大幅收窄。其中公司研发投入24年在12.16亿元，YoY+8.77%，25H1研发5.42亿元，YoY+21.12%%。公司25H1方面，存货是26.90亿元，环比略有下降；预付款是8.28亿元，合同负债5.43亿元，其中合同负债环比大幅增加，显示AI放量加速。公司持续推进产品迭代，7nm先进工艺加持，依托智能芯片及加速卡，全面覆盖AI核心场景。其产品线包括思元系列智能芯片及板卡、玄思系列智能整机，广泛应用于数据中心和云服务器场景，提供高计算密度与高能效支持。同时，公司已构建覆盖云端、边缘端、终端的全栈产品体系，满足多样化的AI训练与推理需求，体现出公司在人工智能基础设施领域的全面布局和技术实力。公司已掌握7nm先进工艺下的物理设计技术，并成功应用于思元100、思元220、思元270、思元290、思元370等多款核心芯片，显著提升了产品性能。催化剂。AI芯片加速迭代；需求持续向上。风险提示。公司技术研发进度不及预期；市场竞争加剧。,,国泰海通,增持,[None],2025-09-09,,买入,6404486,pdf_downloads/2025/2025-09-09/688256-寒武纪（688256）：中报点评：AI芯片领先企业，中报业绩超预期.pdf,688256,寒武纪,寒武纪（688256）：中报点评：AI芯片领先企业，中报业绩超预期
"陈海进,李雅文",25H1营收同比增长4348%，销售净利率达到38.57%。据公司25年中报，25H1实现营收28.81亿元，yoy+4347.82%；毛利率55.93%；归母净利润10.38亿元，同比增长295.82%。25Q2单季营收 17.69亿元，yoy+4425.01%，qoq+59.19%；毛利率55.88%；销售净利率38.57%，环比增加6.61pcts。截至Q2，公司存货达到26.9亿元，yoy+1042.66%，qoq-2.36%；合同负债达到5.43亿元，yoy+86748.17%。7nm先进工艺加持，产品性能领先且具备跨场景适配能力。公司已掌握7nm先进工艺下的物理设计技术，并成功应用于思元100、思元220、思元270、思元290、思元370等多款核心芯片，显著提升了产品性能。产品不仅在大模型训练与推理、智能视觉、语音处理、推荐系统等典型AI场景中表现优异，还实现了在运营商、金融、互联网等多个重点行业的规模化部署，展现了强大的市场适应能力和行业渗透力。构建云边端协同生态体系，拓展垂类应用市场。公司依托自研智能芯片和统一的基础系统软件平台，构建了云边端一体化的智能计算生态体系，具备高能效、高计算密度、低延时等核心优势。在生态方面，训练软件平台持续跟进并支持了PyTorch最新版本，支持图融合和算子自动生成能力，取得了显著的性能加速效果，得到了客户的认可。在大模型方面，训练软件平台进一步扩展了对DeepSeek系列、Qwen系列、Hunyuan系列模型的支持，重点优化了通信计算并行方面的性能，提高了混合专家模型训练的整体吞吐。在强化学习领域，新增了对主流强化学习框架和Qwen模型的支持，其验证精度和整体性能均已达到主流竞品同等水平。在国内市场，公司通过智能计算集群系统业务，为人工智能应用部署能力较弱的客户提供一站式解决方案，并在智慧矿山、智能工厂等场景形成标杆案例。盈利预测与投资评级：公司为国内AI芯片领军者，随着AI芯片市场规模的快速增长，公司有望依托不断扩展的产品布局和生态建设逐步抢占市场。我们基于公司业绩公告，基于公司目前业绩快速增长的趋势，上调公司2025-2027年营业收入预测，预计实现58.38/116.69/174.99亿元（前值：52.55/81.41/109.87亿元），上调归母净利润至17.03/40.26/61.74亿元（前值：13.13/22.13/30.56亿元）。维持“买入”评级。风险提示：AI需求不及预期风险，公司持续稳定经营风险，客户集中度较高风险，股价与估值较高风险，供应链稳定相关风险。,,东吴证券,买入,[None],2025-09-01,,买入,6372359,pdf_downloads/2025/2025-09-01/688256-寒武纪（688256）：2025年中报业绩点评：25H1营收同比增长4348%，Q2净利率环比快速提升.pdf,688256,寒武纪,寒武纪（688256）：2025年中报业绩点评：25H1营收同比增长4348%，Q2净利率环比快速提升
"谢春生,张皓怡,陈钰",公司1H25实现营收28.81亿元（yoy：+4348%），归母净利润10.38亿元（yoy：+296%），其中2Q25实现营收17.69亿元（yoy：+4425%，qoq：+59%），归母净利润6.83亿元（yoy：+325%，qoq：+92%）。公司2Q25收入环比显著增长，客户采购需求旺盛，毛利率基本保持稳定（55.88%，qoq：-0.11pct），由于研发费用环比略降1.4%至2.69亿元（通常于四季度计提奖金），规模效应下2Q25净利率环比显著提升6.60pct至38.58%。我们认为随着AI模型不断发展，国内对于算力芯片的采购需求快速增长，且国产芯片采购比例将加速提升，公司有望核心受益，维持“买入”评级。2Q25回顾：收入同环比大增，采购现金支出大幅减少分业务来看，1H25云端产品线/边缘产品线营收分别为28.70/0.02亿元（yoy：+4600%/-54%），公司云端算力芯片在互联网、运营商等多个重点行业实现规模化部署，在大模型训练与推理、智能视觉、语音处理、推荐系统等典型AI场景中表现优异。毛利率方面，云端产品线毛利率56.01%（yoy：-7.01pct），实现批量销售后毛利率通常低于样品阶段，但环比来看二季度毛利率已基本稳定。供应链方面，截止二季度末预付账款8.28亿元（较上季度末减少1.45亿元），存货26.90亿元（较上季度末减少0.65亿元）。2Q25公司购买商品、接受劳务支付的现金7.99亿元，较1Q25减少10.67亿元。2H25展望：蓄势待发，募资投入面向大模型的芯片/软件平台开发25年5月字节火山引擎Token日均调用量为16.4万亿，是24年5月的137倍。我们认为，海内外大厂Token调用量已出现明显加速拐点，推理端算力需求将保持快速增长。在当前国际贸易形势下，AI芯片国产替代已在加速，我们预计公司25年收入有望超过60亿元。据8/15公告，公司拟募资总额不超过39.85亿元投资于面向大模型的芯片平台项目、面向大模型的软件平台项目及补充流动资金。此次拟开展的募投项目将增强公司面向大模型的芯片技术和产品综合实力，提升公司在智能芯片产业领域的长期竞争力。投资建议：国内AI芯片领军企业，维持“买入”评级2025年公司或将首次实现全年盈利，我们预计2026年公司在芯片销量上将迎来下一个重大突破。看好国内AI发展趋势以及公司当前卡位，考虑公司交付好于预期，上调25/26/27年收入预测至61.86/140.53/294.94亿元（前值：52.71/80.13/105.63亿元），对应上调归母净利润至19.68/52.64/128.28亿元（前值：13.91/24.75/32.71亿元），维持“买入”评级。风险提示：实体清单存在供应链风险，产品迭代不及预期，行业竞争加剧。,,华泰证券,买入,[None],2025-08-29,,买入,6365516,pdf_downloads/2025/2025-08-29/688256-寒武纪（688256）：2Q25：备货现金支出环比下降.pdf,688256,寒武纪,寒武纪（688256）：2Q25：备货现金支出环比下降
"童非,王凌涛,代云龙,厉秋迪,张致远",寒武纪发布2025年中报，营业总收入为28.81亿元，同比+4347.82%；归母净利润为10.38亿元，由负转正（24H1 亏损 5.30 亿元）；扣非后归母净利润为9.13亿元，由负转正（24H1 亏损 6.09 亿元）。单Q2：营业总收入为17.69亿元，同比+4425.01%；归母净利润为6.83亿元，由负转正（24Q2 亏损 3.03 亿元）；扣非后归母净利润为6.37亿元，由负转正（24Q2 亏损 3.48 亿元）。点评供需两端齐发力，财务表现亮眼毛利率方面，25Q2 毛利率为55.88%，较上一季度下降0.10 pct，基本稳定。存货方面，25H1存货为26.90亿元（2024H1仅2.35亿元），总体仍然保持高位，存货储备有望支撑下游市场需求；合同负债方面，Q2合同负债由Q1的142万元激增至5.43亿元，反映下游需求旺盛。下游规模化部署，优势得到验证云端智能芯片及加速卡收入28.70亿元，同比增长4600.44 %，占营收比例99.62%。产品在运营商、金融、互联网等多个重点行业规模化部署并通过了客户严苛环境的验证。公司深化与大模型、互联网等前沿头部企业技术合作，产品在核心应用领域开展规模化应用，展现了公司产品在业界领先的产品力。卓越的产品适配能力、开放合作的务实态度， 以技术合作促进应用落地的举措，是推动公司市场拓展的重要原因。“人工智能+”行动利好国产算力芯片8月26日，国务院印发的《关于深入实施“人工智能+”行动的意见》对外发布，意见提出大力发展智能网联汽车、人工智能手机和电脑、智能机器人、智能家居、智能穿戴等新一代智能终端，刺激国内算力需求上涨。7月下旬，国家网信办正式约谈了英伟达公司，官方声明直指H20芯片可能存在严重安全漏洞，要求英伟达就此做出说明并提交证明材料。国产芯片替代窗口扩大。公司训练平台适配DeepSeek、Qwen、混合专家等主流国产模型，与算力需求端对接良好，有望快速确定订单，扩大市场份额。盈利预测与估值我们预计公司25-27年分别实现收入75.3亿、134.6亿、205.6亿，同比增速为541%、79%、53%；归属母公司股东的净利润为18.3亿、28.2亿、46.5亿。对应25-27年PE估值分别为313、204、123倍，维持“买入”评级。风险提示产品研发不及预期、下游需求不及预期、晶圆厂产能释放不及预期、生态适配不及预期、贸易政策风险等。,,浙商证券,买入,[None],2025-08-28,,买入,6362688,pdf_downloads/2025/2025-08-28/688256-寒武纪（688256）：业绩超预期，关注下一代国产芯片研发进程.pdf,688256,寒武纪,寒武纪（688256）：业绩超预期，关注下一代国产芯片研发进程
"吕伟,郭新宇",寒武纪(688256)事件概述：2025年8月26日，公司发布2025年中报，2025年上半年实现营业收入28.81亿元，同比增长4347.82%；实现净利润10.38亿元，去年同期亏损5.3亿元。收入与利润大幅增长，关键指标验证AI芯片业务高景气。1)业绩高速增长，盈利能力显现：2025年上半年，公司实现营业收入28.81亿元，同比增长4347.82%，主要得益于云端产品线业务的强劲表现，该业务线收入达28.70亿元。公司首次实现半年度盈利，归母净利润达10.38亿元，扣非归母净利润9.13亿元，盈利能力得到市场验证。2)存货及合同负债大幅增长，未来增长可期：截至2025H1，公司合同负债5.43亿元（2025Q1末仅为0.01亿元）；存货26.90亿元，保持较高水平。存货和合同负债等前瞻性指标，在一定程度上验证了公司下游需求旺盛，且在手订单充足，AI芯片业务高景气度有望延续。多领域规模化落地，持续高研发投入构筑核心壁垒。1)多行业应用取得规模化突破：2025H1，公司产品在运营商、金融、互联网等多个重点行业实现规模化部署，并通过了客户严苛环境的验，。在金融领域，公司不仅支持传统AI应用，还为金融大模型的训练与推理提供算力支撑；在互联网领域，公司产品已在大模型、多模态等核心应用中规模化应用，产品通用性与技术领先性获客户广泛认可。2)持续高强度研发，夯实技术护城河：2025年上半年，公司研发投入达4.56亿元。硬件方面，公司正积极研发新一代智能处理器微架构和指令集，针对大模型训练推理场景进行重点优化。软件方面，基础系统软件平台持续迭代，训练软件平台已支持DeepSeek、Qwen、Hunyuan等系列主流大模型；推理软件平台对DeepSeek-R1-671B等大语言模型的推理性能提升显著，达到业界领先水平。投资建议：公司是国产AI芯片龙头，积极研发新一代智能处理器微架构和指令集，推动智能芯片及加速卡在互联网、运营商、金融、能源等多个重点行业持续落地。预计公司2025-2027年归母净利润为19.93/35.61/50.50亿元，对应PE分别为288X、161X、114X，维持“推荐”评级。风险提示：政策落地不及预期；AI技术路线变化具有不确定性；同业竞争加剧。,,民生证券,推荐,[None],2025-08-28,,增持,6360803,pdf_downloads/2025/2025-08-28/688256-寒武纪（688256）：2025年半年报点评：国产AI算力龙头，2025Q2业绩延续高增态势.pdf,688256,寒武纪,寒武纪（688256）：2025年半年报点评：国产AI算力龙头，2025Q2业绩延续高增态势
"刘高畅,赵伟博",时代的主角，利润率大超预期寒武纪发布2025年中报。25H1公司实现营收28.81亿（同比+4348%），实现归母净利润10.38亿（同比+296%），扣非后归母净利润9.13亿（同比+250%）。其中25Q2单季度实现营收17.69亿（同比+4425%），归母净利润6.83亿（同比+325%），扣非后归母净利润6.37亿（（同比+283%）。营收与利润表现均超预期。多项财务指标表现亮眼，存货数据预计25Q3显著提升，合同负债大幅增长。毛利率方面，25Q2单季度公司实现毛利率55.88%，环比25Q1略降0.11pct，表明公司在收入放量阶段毛利率基本保持稳定，后续盈利水平有望得到保证。费用方面，25Q2单季度公司销售费用0.14亿（同比+6%），管理费用0.55亿（同比-37%），研发费用2.69亿（同比-3%），费用控制情况良好。现金流方面，25Q2单季度公司收现为32.77亿（24Q2仅0.81亿），经营性净现金流流入23.11亿，现金流情况表现良好。资产负债表方面，25H1末存货余额为26.90亿（较25Q1末下降2%），我们认为主要由于晶圆厂25Q2良率有所波动导致公司存货余额下滑，25Q3有望得到显著修复。25Q2末公司合同负债余额达到5.43亿（25Q1末仅142万），综合多项财务指标预计公司后续收入增长势头强劲。AI浪潮叠加芯片国产化率提升，看好公司后续供需两旺。8月26日，国务院发布《国务院关于深入实施“人工智能+”行动的意见》，要求到2027年，率先实现人工智能与6大重点领域广泛深度融合，新一代智能终端、智能体等应用普及率超70%。到2030年，我国人工智能全面赋能高质量发展，新一代智能终端、智能体等应用普及率超90%。我们预计本轮AI浪潮持续性大超预期，将显著带动算力需求提升，且之前根据每日新闻报道，国家互联网信息办公室于2025年7月31日约谈了英伟达公司，要求英伟达公司就对华销售的H20算力漏洞后门安全风险问题进行说明并提交相关证明材料，我们判断后续我国算力需求国产卡份额将持续提升。寒武纪类似上一轮“互联网+”时代的东方财富，维持“买入”评级。我们在报告中表示寒武纪类似于2013-2015年的东方财富，东方财富2015年营收较2013年提升10.8倍，市值峰值较2014年初提升15.88倍，东方财富成为2013-2015年互联网金融浪潮下的主角。看好寒武纪成为本轮AI浪潮主角，预计2025-2027年营收为85.22/170.36/255.50亿，归母净利润为29.12/59.55/91.53亿，对应EPS6.96/14.23/21.88元，维持“买入”评级。风险提示：产能供给不及预期、下游客户需求不及预期、行业竞争加剧等。,,国盛证券,买入,[None],2025-08-27,,买入,6353249,pdf_downloads/2025/2025-08-27/688256-寒武纪（688256）：时代的主角，利润率大超预期.pdf,688256,寒武纪,寒武纪（688256）：时代的主角，利润率大超预期
"童非,王凌涛,代云龙,厉秋迪,张致远",国产AI快速发展，算力需求持续攀升2025年初，DeepSeek等国产大模型密集发布，掀起新一轮AI浪潮，显著推高算力需求。在GPU受限、模型需求激增的背景下，算力基础设施“国产化、自主化”建设迫在眉睫。AI芯片作为上游核心环节，因技术壁垒高、验证周期长、客户黏性强，呈现寡头格局，具备研发积累和系统集成能力的企业优势显著。公司作为少数具备云端AI芯片量产交付能力的厂商，已构建涵盖芯片架构、训练推理软件平台、整机系统的全栈方案，产品在互联网、运营商、金融等多个重点行业中落地。2025Q1，公司营收同比增长4230.22%，归母净利润实现扭亏为盈，凭借成熟产品矩阵和自研架构，正逐步构筑国产AI“硬件底座”。WAIC释放算力红利，AI应用场景不断扩展WAIC 2025上，AI在多场景快速落地，展现强劲算力需求与商业潜力。京东发布JoyAI大模型，参数覆盖3B至750B，已应用于物流、零售、供应链等垂直领域，显著提升推理效率与行业赋能。具身智能成为热点，商汤发布“悟能”平台，融合大模型与世界模型，推动机器人具备真实环境中的感知、理解与执行能力。自动驾驶加速落地，WeRide获L4 Robotaxi运营牌照，斑马智行展示多模态智能座舱，萝卜快跑接入Uber全球网络，部署千辆无人车。高并发、低延迟、端侧部署等新需求为公司提供广阔市场空间与落地机遇。中美贸易战带来结构性利好，出口管制倒逼本土创新崛起美国持续收紧高性能AI芯片出口，限制A100、H800等型号，制约国内训练与推理能力。但这也为国产芯片提供替代窗口。公司具备自研指令集与微架构能力，能绕开关键依赖，成为“去美化”背景下的重要支撑。尽管H20放开出口将短期加剧竞争，但中长期看，自主可控仍是主线，政策与应用倾斜将持续利好本土厂商。行业出清有望加快，推动缺乏核心技术的企业出局，有助于公司进一步巩固市场地位。在政策支持、需求升级与客户信任增强下，公司“国产化”属性正成为打开市场的关键标签。盈利预测与估值我们预计公司25-27年分别实现收入75.3亿、134.6亿、205.6亿，同比增速为541%、79%、53%；归属母公司股东的净利润为18.3亿、28.2亿、46.5亿。对应25-27年PE估值分别为162、105、64倍，维持“买入”评级。风险提示产品研发不及预期、下游需求不及预期、贸易政策风险等。,,浙商证券,买入,[None],2025-08-11,,买入,6298979,pdf_downloads/2025/2025-08-11/688256-寒武纪（688256）：需求满载，关注供给.pdf,688256,寒武纪,寒武纪（688256）：需求满载，关注供给
"王凌涛,安子超,代云龙,陈颖,黄王琥",投资要点公司于6月4日发布2025年度向特定对象发行A股股票公告，拟投入面向大模型的芯片平台和软件平台研发项目，为产品持续迭代奠定基础。公司25Q1单季营收环比增长12.4%，归母净利润环比增长31%，存货环比增加9.8亿元，一季度财务表现已显露放量增长的积极信号，2025 年有望成为公司全面收获之年。定增加码芯片平台和软件平台研发公司本次募集资金总额不超过49.8亿元，投资项目围绕大模型需求的多样化，研发新一代的智能芯片技术和相关产品，将全面提升公司在大模型演进趋势下的技术和产品综合实力。在软件方面，开展相应的优化策略、软件算法以及软件工具的创新研究，并建设面向大模型的软件平台，支撑公司智能芯片算力性能的充分发挥，增强公司智能芯片对大模型新技术趋势和新应用拓展的灵活适应能力，将有效提升面向大模型算法开发和应用部署的高效支撑与服务能力。2024年报&amp;2025年一季报产能继续爆发，AI芯片领军步入收获之年公司产品持续在互联网、运营商、金融等多个重点行业应用场景落地，在互联网及运营商领域，公司的产品力得到了客户的广泛认可。研发方面，公司高档云端智能芯片处于迭代研发中，训练软件平台增加了对 DeepSeek 系列、Llama 系列、Qwen 系列等主流模型训练的支持，同时全面支持基于 ROCE 网卡的分布式通信功能，实现了接近线性扩展的多机分布式训练性能。盈利预测及投资建议公司作为国产 AI 芯片领军，着力推进供应渠道多元化，产能瓶颈逐步缓解，一季度财务表现已显露放量增长的积极信号，2025 年有望成为公司全面收获之年。我们预计公司25-27年分别实现收入75.3亿、134.6亿、205.6亿，同比增速为541%、79%、53%；归属母公司股东的净利润为18.3亿、28.2亿、46.5亿。6月23日收盘价对应25-27年PE估值分别为129、84、51倍，上调至“买入”评级。风险提示产品研发不及预期、下游需求不及预期、贸易政策风险等。,,浙商证券,买入,[None],2025-06-24,上调评级,买入,6184980,pdf_downloads/2025/2025-06-24/688256-寒武纪（688256）：公司更新点评：定增加码研发，步入收获之年.pdf,688256,寒武纪,寒武纪（688256）：公司更新点评：定增加码研发，步入收获之年
"胡剑,胡慧,叶子,张大为,詹浏洋,李书颖","1Q25营收同比增长4230.22%，归母净利润同比扭亏为盈。公司发布2025年第一季度报告，实现营收11.11亿元(YoY+4230.22%)，归母净利润3.55亿元，同比扭亏为盈，扣非归母净利润2.76亿元，综合毛利率约为55.99%。公司收入大幅增长主要受益于持续拓展市场，积极助力人工智能应用落地。在AI产业化趋势的浪潮下，国产算力需求旺盛且国产替代加速，公司产品获得市场认可。公司期末存货达27.55亿元，较年初17.74亿元增长55.3%；预付款项达9.73亿元，较年初7.74亿元增长25.7%。存货和预付款的持续增长，印证了公司积极备货应对旺盛的下游需求，为后续订单交付提供保障。2024年营收同比增长65.56%，利润端亏损同比收窄46.69%。公司2024年实现营收11.74亿元(YoY+65.56%)，归母净利润-4.52亿元，公司综合毛利率为56.71%，研发费用维持高位达到12.16亿元。分产品来看，云端产品线增长强劲，实现营收11.66亿元，同比增长1187.78%，毛利率为56.69%，已成为公司业绩增长的核心驱动力。边缘产品线实现收入654万元，IP授权及软件业务收入41万元%。公司产品在互联网、运营商、金融等多个重点行业应用场景持续落地，产品力获得客户广泛认可。产品多行业应用场景落地，软件生态持续更新迭代。在互联网及运营商领域，公司的产品力得到了客户的广泛认可；金融领域与银行、保险、基金公司探索业务；交通领域参与多地车路云一体化项目、智慧停车、智慧高速业务；轨道行业推进铁路服务智能化升级，公司智能芯片产品为传统产业实现智能化转型提供硬件支持。软件方面，公司持续推进训练软件平台的研发和改进，在大规模分布式训练软件平台投入研发，迭代更新了Megatron、TransformerEngine等业界主流的分布式训练组件，使训练软件平台能够支撑主流的大模型分布式训练需求，降低新模型的适配周期。生态方面，提供Pytorch2.1/2.3/2.4/2.5支持,适配FSDP、SDPA、Inductor、MLUGraph等重要功能，支撑多个训练和推理的重点业务落地，并实现了快速跟进社区版本的长效机制，可在社区版本发布后快速实现MLU适配版本的发布。投资建议：我们看好公司人工智能处理器芯片的核心竞争力，公司积极备货以满足下游旺盛需求，未来业绩有望逐步兑现。我们预计2025-2027年公司营收增长至50.24/72.81/101.9亿元，归母净利润11.19/21.20/33.27亿元，当前股价对应PE分别为263/139/88倍，给予“优于大市”评级。风险提示：公司尚未实现盈利且存在毛利率波动风险；客户集中度且上游供应链存在不稳定风险；行业竞争加剧风险等。",,国信证券,优于大市,[None],2025-06-16,,买入,6170215,pdf_downloads/2025/2025-06-16/688256-寒武纪（688256）：一季度业绩同环比高增，积极备货保障下游供应.pdf,688256,寒武纪,寒武纪（688256）：一季度业绩同环比高增，积极备货保障下游供应
黄晨,"国产算力芯片中军，迎接智算时代历史机遇国产芯片中军，技术立足，生态完整：寒武纪是国内智算芯片领域的标杆企业，能提供完善的云、边、端系列化智能芯片和基础开发软件套件产品，具有完善统一的产品生态。公司与服务器厂商合作，将自研算力芯片应用于互联网、金融、交通、能源、电力和制造等领域。公司主要云端算力芯片思元590综合性能接近英伟达A100，处于国内领先水平。下一代产品思元690预计性能翻倍，竞争力将更加突出。人工智能高歌猛进，应用落地推升算力需求：2022年底，ChatGPT横空出世，世界进入智算时代，全球算力芯片需求井喷。2025开年，DeepSeek发布R1推理模型，以其极低的训练成本和超强的推理能力震惊全球，带动大模型在各行各业广泛落地。国产芯片在推理应用阶段性价比和可用性大增，互联网、金融、运营商等行业客户国产芯片验证积极推进，订单持续落地。中美竞争加速国产替代，成就千亿级市场：大国科技竞争的宏大叙事下，算力国产化替代的紧迫性和重要性持续提升。预计2024年英伟达算卡在中国的市场规模超过100亿美元，占据70-80%的市场份额。预计2025年国内算力需求高速增长，市场容量有望翻番。在美国限制芯片出口的背景下，国产算力芯片有望占据更多份额，成就千亿级市场。寒武纪凭借技术能力和先发优势，有望在新一轮国产算力投资周期中获得显著市场份额。目标价987元，首次评级买入：预计公司2025-2027年收入84.2亿/134.8亿/216.0亿元人民币，归母净利润27.7亿/48.1亿/82.3亿元人民币。首次评级买入，给与目标价987元，对应市值4,114亿元，对应2027年50倍PE，较现价有63.5%的上升空间，首次评级买入。风险提示：AI芯片需求放缓，供应链波动，行业竞争加剧",,第一上海证券,买入,[None],2025-06-03,,买入,6580183,pdf_downloads/2025/2025-06-03/688256-寒武纪（688256）：国产算力芯片中军，迎接智算时代历史机遇.pdf,688256,寒武纪,寒武纪（688256）：国产算力芯片中军，迎接智算时代历史机遇
"高宇洋,傅盛盛",事件近日，寒武纪发布2024年报和2025年一季报，2024年公司实现营收11.74亿元，同比增长65.56%；归母净利润-4.52亿元，同比大幅减亏；扣非净利润-8.65亿元，同比2023年的-10.43亿元有所改善。2025Q1，公司实现营业收入11.11亿元，同比增长4230.22%，环比+12.36%；实现归母净利润3.55亿元，同比扭亏，环比+30.61%；实现扣非净利润2.76亿元，同比扭亏。点评2024Q4归母净利润扭亏为盈，2025Q1扣非净利润迎来盈利拐点。2024Q4，公司归母净利润2.72亿元，首次实现单季度盈利；2025Q1，公司扣非净利润2.76亿元，迎来盈利拐点。2025Q1毛利率55.99%，环比2024Q4的56.99%下滑一个百分点，同比2024Q1的57.61%下降1.62pct。规模效应显现，费用率同比大幅下降。2025Q1销售、管理和研发费用率分别为1.29%、3.88%、24.53%，较2024年同期大幅下降。存货增长明显，为后续业绩增长提供有力支撑。2025Q1公司存货27.55亿元，环比2024年报的17.74亿元增长明显。公司专注于智能芯片的设计和销售，将晶圆制造、封装测试等其余环节委托给晶圆代工厂、封测企业，公司存货主要为代工晶圆和库存商品，参考2024年年报，库存商品和委托加工物资（代工晶圆）合计占比80.33%。在AI芯片供需紧张背景下，公司存货大幅增长为后续业绩增长提供有力支撑。产品力得到客户广泛认可，有望持续受益AI产业趋势。根据Yole测算，为了应对人工智能对算力的需求，全球IDCGPU市场规模有望从2024年的856亿美元增长到2029年的1620亿美元。在美加大出口管制背景下，国内互联网运营商等终端客户对AI芯片自主可控需求强烈。公司持续迭代产品，获得客户广泛认可。公司产品持续在互联网、运营商、金融等多个重点行业应用场景落地，在软件平台易用性、大规模商业场景部署的稳定性、人工智能应用场景的普适性方面获得了行业客户的广泛认可。投资建议：我们预计公司2025-2027年归母净利润为16.24/21.92/30.14亿元；EPS分别为3.89/5.25/7.22元；对应公司2025年4月22日收盘价694.98元，2025-2027年PE分别为178.7/132.4/96.3。寒武纪是国内领先的AI芯片供应商，有望持续受益AI产业发展浪潮和芯片自主可控趋势，首次覆盖，给予公司“买入-A”评级。风险提示：核心竞争力风险公司所处行业为技术密集型行业。公司是目前行业内少数全面系统掌握了智能芯片及其基础系统软件研发和产品化核心技术的企业之一，公司掌握的核心技术具有一定技术壁垒，关键核心技术处于行业的领先水平。但随着人工智能应用及算法的逐步普及，人工智能芯片受到了多家集成电路龙头企业的重视，该领域也成为多家初创集成电路设计公司发力的重点。此外，研发项目的进程及结果的不确定性较高，公司将面临前期的研发投入难以收回、预计效益难以达到的风险。,,山西证券,买入-A,[None],2025-04-25,,买入,6023403,pdf_downloads/2025/2025-04-25/688256-寒武纪（688256）：国内领先的AI芯片供应商，2025Q1扣非净利润迎拐点.pdf,688256,寒武纪,寒武纪（688256）：国内领先的AI芯片供应商，2025Q1扣非净利润迎拐点
"陈海进,李雅文",业绩基本符合预期，Q1净利率持续提升。24年公司实现营收11.7亿元，yoy+66%，25Q1营收11.1亿元，yoy+4230%，qoq+12%。24年实现归母净利润-4.5亿元，yoy+47%，25Q1归母3.6亿元，yoy+257%，qoq+32%。盈利能力方面，24Q4/25Q1公司毛利率为56.99%/55.99%，公司净利率为27.45%/31.96%，在毛利率环比略降的情况下，净利率实现较大幅度的提升，或体现规模效应。资产负债表再超预期，25年业绩可期。存货方面，24Q2/24Q3/24Q4/25Q1存货分别达到2.4/10.2/17.7/27.6亿元。货币资金方面，24Q4/25Q1货币资金分别达到19.9/6.5亿元。假设该产品毛利率对应55.99%（以公司25Q1毛利率计算），或对应62.7亿潜在营收贡献。展望全年，我们认为公司营收有望逐季释放，规模效应有望逐季增强。第一大客户贡献较高，占据客户资源优势。据公司24年年报，前五大客户合计贡献11.1亿营收，占总营收比重达到94.6%。其中第一大客户为公司长期合作伙伴，24年贡献9.3亿营收，占总营收比重达到79%。主要由于公司的智能芯片产品竞争力不断提升，在长期合作过程中得到客户认可，因此该客户于24年增加采购。我们认为寒武纪占据客户资源优势，有望支撑营收再上新台阶，并且凭借技术优势和产品布局，有望在新一轮增长周期中获得显著市场份额。盈利预测与投资评级：公司为国内AI芯片领军者，随着AI芯片市场规模的快速增长，公司有望依托不断扩展的产品布局和生态建设逐步抢占市场。基于公司2024年&amp;25Q1季度业绩公告，我们上调2025-2026年归母净利润分别为13.1/22.1亿元（前值：2.1/4.1亿元），新增2027年归母净利润预测为30.6亿元。维持“买入”评级。风险提示：AI需求不及预期风险，公司持续稳定经营风险，客户集中度较高风险，供应链稳定相关风险。,,东吴证券,买入,[None],2025-04-25,,买入,6023278,pdf_downloads/2025/2025-04-25/688256-寒武纪（688256）：2024年报&25Q1季报点评：第一大客户营收贡献高，存货持续大增.pdf,688256,寒武纪,寒武纪（688256）：2024年报&25Q1季报点评：第一大客户营收贡献高，存货持续大增
刘牧野,"寒武纪(688256)单季度业绩创新高,或转向新客户结构2025年一季度公司实现收入11.11亿元(同比增速4230.22%,环比增速12.36%),归母净利润3.55亿元(同比增速256.82%,环比增速30.61%)。公司一季度取得历史最高单季度营收,并且打破了公司前三季度是淡季的历史传统,我们认为可能是由于公司客户结构改变所致。据公司2024年报,由于公司积极助力人工智能应用落地,使得公司2024年的云端产品线收入较上年同期大幅增长。我们认为2025Q1的增长也是源于AI算力的驱动,且为公司带来了新的客户或业务增量,有别于历史,新客户或业务的付款周期可能大幅缩短,利于公司获得更充足的现金流进行备货。供给充足,继续大额采购公司在购买商品、接受劳务支付的现金继续高速增长,2025Q1达18.66亿元(24Q3为11.28亿元,24Q4为11.97亿元)。公司存货水位随着采购增长而增加,达到27.55亿元(24Q3为10.15亿元,24Q4为17.74亿元)。我们认为,公司积极备货或能说明产品得到客户认可,且需求旺盛,有望保障公司业绩快速增长。投资建议中美贸易争端激烈,海外算力芯片的获取难度上升,我国科技独立的逻辑进一步强化。公司作为GPU稀缺标的,以业绩说明国产算力正获得客户认可。预计2025-2027年分别实现归母净利润12.93亿元、24.18亿元、36.10亿元。当前股价对应PE分别为216.21、115.60、77.42倍。鉴于公司业绩处于加速增长阶段,收入和利润率有望继续超预期,维持公司“买入”评级。风险提示下游需求不及预期;新品市场拓展速度不及预期;行业竞争加剧的风险;高端芯片量产爬坡进度不及预期。",,中航证券,买入,[None],2025-04-23,,买入,6020228,pdf_downloads/2025/2025-04-23/688256-寒武纪（688256）：2025Q1 季报点评：反季节性创新高，强化算力扩张逻辑.pdf,688256,寒武纪,寒武纪（688256）：2025Q1 季报点评：反季节性创新高，强化算力扩张逻辑
黄晨,2025年4月18日，寒武纪发布2024年年报和2025年一季报。2024年，公司实现营收11.7亿元，同比增长65.6%，实现归母净利润亏损4.5亿元，扣非归母净利润亏损8.7亿元，同比实现减亏。2025年一季度，公司实现收入11.1亿元，同比增长4230.2%，环比增长12.4%，实现归母净利润3.6亿元，同比增长256.8%，环比增长30.8%，实现扣非归母净利润2.8亿元，同比扭亏，环比高速增长。收入环比增长验证需求高景气，存货预付款增加展现供应链韧性1）收入端：2025年一季度，公司收入实现环比增长，验证了公司在互联网和其他行业客户端市场拓展取得成效，公司产品的需求和出货有持续性。2）存货端：2025年一季度，公司存货27.6亿元，较2024年末的17.7亿元环比大幅提升55.3%。3）预付款端：2025年一季度公司预付款9.7亿元，环比2024年末的7.7亿元环比大幅增长25.7%。存货和预付款大幅增长，为公司未来的产品交付提供保障，进一步展现了客户端需求的旺盛和国产芯片供应链的韧性。应用持续落地，国产芯片需求强劲2025年开年以来，以DeepSeek为代表的公司推动大模型训练和推理大幅降本，促进AI在各行各业不断应用落地，带动AI芯片需求保持强劲。随着AI芯片需求重心从训练往推理演进，国产芯片落地场景进一步拓宽，市场空间扩大。互联网客户：公司产品已经在包括字节、阿里，百度、腾讯等互联网大厂进行广泛测试，2024年底开始在部分客户中迎来批量出货。随着大模型应用持续落地，公司在互联网公司推理服务器市场有望迎来新机遇。据不完全统计，包括字节、阿里、腾讯在内的互联网厂商有数十万台的AI服务器需求，短中期市场空间可达千亿元人民币。行业客户：公司配合各个行业客户进行细分场景落地。金融领域，除为传统人工智能应用提供算力支持，公司产品还助力银行、保险、基金公司将大模型应用于实际业务场景。交通领域，公司参与多地车路云一体化、智慧停车、智慧高速项目，推动交通数字化发展。在轨道行业与关键客户在智慧货检、语音购票等方面深入合作，实现铁路服务的智能化升级。此外，公司还配合传统产业智能化转型，助力智慧矿山、智慧粮仓项目的落地。美国限制AI芯片出口助力公司业务腾飞美国政府层层收紧对中国高端算力芯片供应。2025年1月13日，美国商务部发布了关于《人工智能扩散的临时最终规则》，对AI芯片出口到其核心“朋友圈”以外的国家进一步收紧。2025年4月16日，英伟达公告称，因美国出口限制，认列了向一些地区和国家出口H20芯片产生相关支出约55亿美元，间接证实了美国对H20及类似性能芯片（如AMD MI308）的出口管制。我们认为相关禁令显著利好以寒武纪为代表的国产芯片公司，在下游客户难以获取海外竞争对手先进算力芯片的情况下，国产替代成为必然的选择。 芯片国产化供应链成为后续关注点2025年1月15日，美国商务部BIS发布《先进计算集成电路额外尽职调查措施》，限制台积电、三星等晶圆代工厂对客户16nm/14nm以下制程芯片流片的管制，核心目的是限制中国芯片设计公司获取海外先进代工产能来生产高算力芯片。在美国对海外先进代工产能持续收紧的背景下，国产算力供应链，包括晶圆代工厂、先进封装厂，成为支撑国产算力芯片量产落地的保障。建议持续关注国产供应链在产能、良率以及更先进制程上的突破。,,第一上海证券,,[None],2025-04-22,,,6675938,pdf_downloads/2025/2025-04-22/688256-寒武纪（688256）：公司评论.pdf,688256,寒武纪,寒武纪（688256）：公司评论
"谢春生,张皓怡,陈钰",2025年4月22日│中国内地 半导体 24年公司实现营收11.74亿元（yoy：+65.56%），归母净利润-4.52亿元（亏损同比收窄46.69%），好于我们此前预期（11.16/-6.59亿元），其中信用减值损失转回1.37亿元，扣非归母净利润-8.65亿元（亏损同比收窄17.06%）。24年公司积极推进互联网客户的导入验证工作，3Q24开始样品测试，4Q24规模出货后营收环比提升720.6%至9.89亿元，毛利率亦环比+5.79pct至56.99%，扣非归母净利润-0.02亿元。1Q25公司出货规模进一步扩大，实现营收11.11亿元（yoy：+4230.22%，qoq：+12.36%），归母净利润3.55亿元，扣非归母净利润2.76亿元，实现上市后首季扣非扭亏。25年国内CSP AI资本开支同比有望保持快速增长，公司存货持续提升或体现后续交付能力，维持“买入”评级。2024&amp;1Q25回顾：互联网客户规模出货，存货大增有望保障后续交付24年公司云端智能芯片及加速卡营收11.67亿元（yoy：+1188%），边缘产品线及IP授权及软件营收占比进一步缩小（24年合计0.06%），智能计算集群系统未有营收贡献（23年营收占比85%）。受上述客户结构变化影响，24年综合毛利率同比下降12.45pct至56.71%，但分季度来看，3Q24/ 4Q24/1Q25毛利率分别为51.20%/56.99%/55.99%，3Q24主要为小批量样品交付，4Q24开始大批量交付后毛利率显著提升，未来有望保持稳定。此外，23/24年公司研发费用率分别为158%/104%，1Q25进一步下降至25%，规模效应得以体现。截至一季度末，公司存货27.55亿元，较24年末增加9.81亿元；预付账款9.73亿元，较24年末增加1.99亿元，资产端连续多季度出现积极变化，后续交付有望得到保障。2025展望：AI CAPEX快速增长，国产AI芯片加速替代2025年，阿里、字节等互联网企业将进一步增加AI资本开支投入，但根据近期英伟达披露的8-K文件，4月9日起H20对华出口须获得美国政府许可，国内市场仍面临需求快速增长和海外供给受限的瓶颈，国产AI芯片替代有望加速。公司AI加速卡产品已具备较强竞争力，其训练/推理软件平台已针对DeepSeek系列、Llama 系列、Qwen 系列等主流模型训练实现适配及优化，在大模型适配、开源生态建设、算子优化等方面取得较大进展。在硬件方面，公司新一代智能处理器微架构和指令集正在研发当中，将在编程灵活性、易用性、性能、功耗、面积等方面进一步提升产品竞争力。投资建议：看好长期业绩增长潜力，维持“买入”评级我们预计25年订单落地将为公司带来较大营收及利润弹性，给予公司25/26年营收预测52.71/80.13亿元，新增27年营收预测105.63亿元，对应25/26/27年归母净利润分别为13.91/24.75/32.71亿元，维持“买入”评级。风险提示：实体清单存在供应链风险，产品迭代不及预期，行业竞争加剧。,,华泰证券,买入,[None],2025-04-22,,买入,6018984,pdf_downloads/2025/2025-04-22/688256-寒武纪（688256）：利润开始释放，经营杠杆显著.pdf,688256,寒武纪,寒武纪（688256）：利润开始释放，经营杠杆显著
"舒迪,陈豪杰",本报告导读：25Q1业绩同环比高增，随着国内CSP厂商需求增加，AI芯片加速放量，业绩有望维持高增。投资要点：维持“增持”评级，上调目标价至836.08元。公司是国内人工智能芯片领先企业之一，持续拓宽产品格局，考虑到Q1业绩大幅度超出预期（25Q1归母净利润同比增速256.82%，25年原来全年预期归母净利润为负），上调其25/26年EPS为5.05/8.00元（原值25/26年为-0.64/0.25元），预计27年EPS为10.23元；上调其25/26年营收至71.23/93.30亿元（原值25/26年为21.72/29.86元），预计27年营收为116.61亿元。半导体设计大芯片行业2025年平均估值为43倍PS，公司是AI加速卡稀缺标的，可比公司主要集中在图像GPU或者CPU大芯片，因此考虑一定的估值溢价，给予其2025年49倍PS，目标价836.08元。25Q1业绩同环比高增，随着国内CSP厂商需求增加，AI芯片加速放量，业绩有望维持高增。根据业绩公告，公司25年Q1实现营收11.11亿元，YoY +4230%，QoQ+12%；归母净利润3.55亿元，24年同期-2.27亿元，同比大幅转正，QoQ+31%；毛利率55.99%，环比增加-1pcts。24年实现营收11.74亿元，YoY+65.56%；归母净利润-4.52亿元，亏损大幅收窄。其中公司研发投入24年在12.16亿元，YoY+8.77%，25Q1研发2.73亿元，YoY+60.73%。公司25Q1方面，存货是27.55亿元，环比增加9.81亿元；预付款是9.73亿元，环比增加1.99亿元，显示AI芯片放量加速。公司持续推进产品迭代，依托智能芯片及加速卡，打开新市场需求。1）思元系列：公司已推出多款云端智能芯片，包括思元100、思元270、思元290和思元370等。后续还将持续推进AI芯片的研发；2）训练整机：公司推出的玄思1000和1001智能训练整机，为大规模人工智能训练提供了强大的计算支持。催化剂。AI芯片加速迭代；需求持续向上。风险提示。公司技术研发进度不及预期；市场竞争加剧。,,国泰海通,增持,[None],2025-04-22,,买入,6676207,pdf_downloads/2025/2025-04-22/688256-寒武纪（688256）：季报点评：AI芯片领先企业，业绩超预期.pdf,688256,寒武纪,寒武纪（688256）：季报点评：AI芯片领先企业，业绩超预期
"刘高畅,赵伟博","时代的主角，业绩迎爆发拐点寒武纪发布2024年报及2025年一季报。根据公司公告，寒武纪发布年报与一季报，24Q4/25Q1分别实现营收9.89/11.11亿，分别同比+76%/4230%，归母净利润2.72/3.55亿，分别同比+769%/257%，扣非归母净利润-0.02/2.76亿，分别同比+97%/206%。24Q4业绩符合此前业绩快报数据，25Q1收入端符合预期，利润端扭亏超市场预期。收入前置指标持续表现亮眼，业绩有望进入爆发拐点。资产负债表方面，24Q4/25Q1存货余额分别为17.74/27.55亿元，分别环比增加7.6/9.8亿，存货余额持续创历史新高，我们判断公司主力芯片出货持续增加。现金流量表方面，24Q4/25Q1单季度付现分别为11.97/18.66亿，付现持续创新高，我们判断公司在流片/元器件购买方面持续加大投入，后续收入高增速有望持续。费用控制良好，25Q1单季度实现扭亏，看好后续公司盈利表现。利润率方面，24Q4/25Q1公司综合毛利率分别为56.99%/55.99%，毛利率较24Q3有较为明显回升，后续稳定出货后毛利率仍有提升空间。25Q1公司利润超预期主要基于收入规模效应，25Q1销售费用0.14亿（同比+11%）,管理费用0.43亿（同比-55%），研发费用2.73亿（同比+61%），费用控制情况良好。看好寒武纪在当前市场稀缺性，维持“买入”评级。24Q4/25Q1公司收入先行指标显著超市场预期，公司费控情况良好，叠加目前H20禁售以及国内AI芯片需求旺盛，预计后续收入利润进入持续快速放量阶段，预计2025-2027年公司营收分别为52.56/73.56/102.95亿元，归母净利润分别为13.60/19.61/28.29亿元，维持“买入”评级。风险提示：产能供给不及预期、下游客户需求不及预期、行业竞争加剧等。",,国盛证券,买入,[None],2025-04-20,,买入,6014732,pdf_downloads/2025/2025-04-20/688256-寒武纪（688256）：时代的主角，业绩迎爆发拐点.pdf,688256,寒武纪,寒武纪（688256）：时代的主角，业绩迎爆发拐点
"吕伟,郭新宇",业绩超预期，存货关键指标预示国产AI芯片拐点有望到来事件：公司2025年4月18日发布2024年年报及2025年一季报，2024年实现营业收入11.74亿元，同比增长65.56%；归母净利润亏损4.52亿元，上年同期亏损8.48亿元；2025年一季度实现营业收入11.11亿元，同比增长4230.22%；归母净利润为3.55亿元，上年同期为亏损2.27亿元。收入持续大幅提升，存货等关键指标验证AI芯片业务高景气度延续。1）收入持续高增：2024年公司云端产品线业务收入11.66亿元，同比增加1187.78%。2024年公司持续拓展市场，积极助力人工智能应用落地，使得报告期内云端产品线收入较上年同期大幅增长。2025年一季度公司持续拓展市场，积极助力人工智能应用落地，收入较上年同期大幅增长。2）存货及预付账款端：公司2025年一季度末存货27.55亿元，较2024年年末的17.74亿元大幅提升；2025年一季度末预付账款9.73亿元，较2024年年末的7.74亿元同样大幅提升。2024年底公司存货17.74亿元，2023年年底约为1亿元；2024年末预付账款7.74亿元，2023年底约为1.48亿元。存货、预付账款持续大幅增加，验证公司需求端景气度以及自身供应链韧性，AI芯片业务高景气度有望延续。多个细分领域取得重要突破，持续投入研发保持自身核心竞争力。1）多个细分领域市场突破：在互联网及运营商领域，公司的产品的性能和稳定性获得了客户的广泛认可；在金融领域，公司不仅为传统人工智能应用提供算力支持，还全面开展大模型的适配优化工作，助力银行、保险公司及基金公司等客户将大模型应用于实际业务场景；在交通领域，公司参与多地车路云一体化项目、智慧停车和智慧高速业务，推动交通数字化发展，在轨道行业与关键客户在智慧货检、语音购票等方面深入合作，实现铁路服务的智能化升级。2）持续投入研发保持自身核心竞争力：公司投入研发大规模分布式训练软件平台，迭代更新了Megatron、Transformer Engine等业界主流分布式训练组件，使训练软件平台能够满足主流大模型的分布式训练需求，有效降低新模型的适配周期。在生态建设方面，训练软件平台支持Pytorch多个版本，适配多种重要功能，实现对多个训练和推理重点业务的支撑，并建立了快速跟进社区版本的长效机制。同时，增加了对多种主流模型训练的支持，优化热点算子性能，全面支持基于ROCE网卡的分布式通信功能，提升了多机分布式训练性能。投资建议：公司是国产AI芯片龙头，积极研发新一代智能处理器微架构和指令集，推动智能芯片及加速卡在互联网、运营商、金融、能源等多个重点行业持续落地。预计公司2025-2027年归母净利润为12.71/22.66/31.97亿元，对应PE分别为220X、123X、87X，维持“推荐”评级。风险提示：行业竞争加剧的风险；下游需求释放不及预期；海外政策波动风险。,,民生证券,推荐,[None],2025-04-20,,增持,6014593,pdf_downloads/2025/2025-04-20/688256-寒武纪（688256）：2024年年报及2025年一季报点评：业绩超预期，存货关键指标预示国产AI芯片拐点有望到来.pdf,688256,寒武纪,寒武纪（688256）：2024年年报及2025年一季报点评：业绩超预期，存货关键指标预示国产AI芯片拐点有望到来
"陈海进,李雅文",投资要点厚积薄发，打造人工智能产业核心引擎。寒武纪作为中国智能芯片领域的标杆企业，专注于人工智能芯片的研发与技术创新，产品矩阵覆盖云、边缘和终端三大场景，逐步构建出完整的生态体系。公司股权结构稳定，核心管理层具备深厚的行业经验，同时通过激励机制保障团队活力，展现出对市场拓展和业务规模增长的信心。2024年公司预计实现营业收入10.7-12.0亿元，同比增长50.8%到69.2%。国产算力腾飞在即，寒武纪迎来黄金发展期。在政府政策支持和企业需求激增的双重推动下，国产算力市场空间广阔。2025年或将成为政府和运营商算力采购的大年，六部门定调到25年建设105EFlops智能算力，中国移动计划24-25年采购AI服务器7994台。互联网企业，特别是字节跳动等公司，在资本开支和AI推理需求上持续加码，这为国产算力厂商提供了历史性机遇。字节CapEx自24年800亿元飙升至25年1600亿元，对比北美云厂商24年平均CapEx约合3800亿人民币左右。我们预计国内云厂商CapEx上升空间依然广阔，有望带动算力芯片需求增长。我们认为寒武纪凭借技术优势和产品布局，有望在新一轮增长周期中获得显著市场份额。智算未来先锋，寒武纪引领国产算力新格局。寒武纪在技术路径上采取通用型智能芯片的开发路线，兼具高性能和低功耗，适配多场景应用，与国内外竞争者相比具备显著优势。具体体现在1）“领跑者“计划推动数据中心算力国产替代；2）公司通过不断推出高性能芯片，强化产品迭代能力，进一步巩固其在国产算力领域的领先地位；3）差异化设计架构，凭借多样化运算的高效适配能力，与Google TPU对比各有千秋。盈利预测与投资评级：公司为国内AI芯片领军者，随着AI芯片市场规模的快速增长，公司有望依托不断扩展的产品布局和生态建设逐步抢占市场。我们预计公司2024-2026营业收入11.16 / 35.88 /54.12亿元，对应当前PS估值292/91/60倍。截至目前，可比公司2024-2026年PS估值为52/36/28倍。我们认为公司作为国产AI芯片稀缺标的，有望同时受益于AI行业的蓬勃发展以及算力国产替代的双重逻辑，故可享受一定估值溢价。首次覆盖，给予“买入”评级。风险提示：AI需求不及预期风险，公司持续稳定经营风险，客户集中度较高风险，供应链稳定相关风险。,,东吴证券,买入,[None],2025-02-26,,买入,5932018,pdf_downloads/2025/2025-02-26/688256-寒武纪（688256）：寒武破晓，算力腾飞.pdf,688256,寒武纪,寒武纪（688256）：寒武破晓，算力腾飞
黄晨,"公司简介寒武纪是国内智算芯片领域的龙头企业，能提供完善的云边端系列化智能芯片和基础开发软件套件产品，具有云边端一体、软硬件协同、训练推理融合、具备统一生态的特点。公司与服务器厂商和产业公司合作，为互联网、金融、交通、能源、电力和制造等领域的复杂AI应用场景提供充裕算力。公司的产品包括云端智能芯片、加速卡及训练整机，边缘智能芯片及加速卡，终端智能处理器IP等。董事长兼总经理陈天石从研究生开始便投入芯片研发工作，是全世界最早探索专用AI芯片的少数科研人员之一。自成立以来，公司一直深耕于专用AI芯片领域，在发展中进行了大量处理器指令集与微架构的创新，并对开发者套件和开发者生态进行了不断迭代完善，使得公司已经成长为国产智算芯片的核心供应商。核心团队公司创始团队来自中科院计算所，核心研发人员多来自于著名高校或者科研院所。
董事长兼总经理陈天石毕业于中科院计算所，是全球最早提出专用 AI 芯片概念的科
研人员之一，其论文获得国际顶级学术会议 ASPLOS 最佳论文奖，相关成果被 Nvidia
以及 Google TPU 芯片研发团队多次引用。副总经理刘少礼、陈煜，核心技术人员刘
道福等均科班出身，拥有扎实的专业知识积累和丰富的产业从业经验。股权结构董事长陈天石直接及间接持有公司共计 35.97%股权，是公司的实际控制人。第二大
股东为中科院计算所旗下中科算源，为寒武纪的发展提供了良好的背景和产业资源，
通过产学研协同使得公司在 AI 芯片发展中充分受益。其余前十股东多为产业投资背
景。",,第一上海证券,,[None],2025-02-11,,,5915884,pdf_downloads/2025/2025-02-11/688256-寒武纪（688256）：技术立足，算力中军，充分受益AI浪潮.pdf,688256,寒武纪,寒武纪（688256）：技术立足，算力中军，充分受益AI浪潮
"刘高畅,杨然,赵伟博",国产算力底座，推动人工智能赋能产业升级。寒武纪成立于2016年，专注于人工智能芯片产品的研发与技术创新，致力打造人工智能领域核心处理器芯片。寒武纪提供云边端一体、软硬件协同、训练推理融合、具备统一生态的系列化智能芯片产品和平台化基础系统软件。寒武纪产品广泛应用于服务器厂商和产业公司，面向互联网、金融、交通、能源、电力和制造等领域的复杂AI应用场景提供充裕算力，推动人工智能赋能产业升级。国产算力发展正当时，优质算力厂商显著受益。自2022年ChatGPT持续爆火出圈，全球科技龙头纷纷大幅增长算力投入，拉开本轮全球算力大增长序幕。当前时点往后看，训练侧投资仍在扩张，对标GPT3.5及GPT4，o1的参数量或可达到10万亿级别；微软“星际之门”项目成本预计超千亿美元。另外，近期发布的OpenAI o1说明“Scaling-law”在推理侧或同样成立，即推理效果随着更多的强化学习和更多的思考时间而提高，推理需求空间有望再抬升。美国持续限制中国进口高端AI芯片，倒逼国产芯片加速发展。就国产算力而言，2024年上半年，北京、上海等地均发布了智算建设规划，其算力中心正在加速落地，部分地区国产化要求比例2025年达到50%、2027年达到100%，运营商大单或亦验证了国产化的持续渗透。寒武纪能为云端、边缘端、终端提供全品类系列化智能芯片和处理器产品，也是国内少数具有先进集成电路工艺（如7nm）下复杂芯片设计经验的企业之一，有望充分受益本轮国产算力建设。当前的寒武纪：类似2013-2015年的东方财富。24Q2、24Q3寒武纪购买商品、接受劳务支付的现金分别为6.14亿和11.28亿，分别同比增长1077%、588%，24Q3单季度公司付现创历史新高。存货方面，24Q3末公司存货为10.15亿，创公司上市以来新高。我们认为目前寒武纪类似于2013-2015年的东方财富，东方财富2015年营收较2013年提升10.8倍，市值峰值较2014年初提升15.88倍，东方财富成为2013-2015年互联网金融浪潮下的主角。在当前的AI浪潮下，寒武纪目前营收已经初步放量，存货、付现等收入前瞻指标表现良好，我们认为公司即将进入收入快速放量周期，寒武纪作为国产AI芯片明珠，有望成为本轮AI浪潮下的主角。首次覆盖，给予公司“买入”评级。我们预计寒武纪处于营收快速放量前期，预计2024-2026年营收分别为17.07/49.75/64.48亿元，归母净利润分别为-5.12/2.08/7.51亿元，对应EPS分别为-1.23/0.50/1.80元。我们选取同为国产芯片公司的海光信息、龙芯中科作为可比公司，结合可比公司2025年平均PS为40x，考虑公司目前处于收入突破阶段给予公司适当溢价，给予公司2025年50x目标PS，对应目标市值2488亿元，首次覆盖给予“买入”评级。风险提示：产能供给不及预期、下游客户需求不及预期、行业竞争加剧等。,,国盛证券,买入,[None],2024-11-06,,买入,5820525,pdf_downloads/2024/2024-11-06/688256-寒武纪（688256）：国产算力核心，时代的主角.pdf,688256,寒武纪,寒武纪（688256）：国产算力核心，时代的主角
"陈蓉芳,陈瑜熙",事件：2024年10月30日，公司发布2024年第三季度报告，2024年前三季度实现营业收入1.9亿元，yoy+27.1%，实现归母净利润-7.2亿元，同比减亏0.9亿元。营业收入开始起量，交付期业绩释放可期。公司2024年前三季度实现营业收入1.9亿元，yoy+27.1%，我们认为可能是因为公司在进入“实体清单”后，初步迎来转机，部分产品线市场拓展卓有成效；实现毛利率55.2%，同比下降14.6pcts，主因采购；实现归母净利润-7.2亿元，同比减亏0.9亿元，亏损或主因公司继续大规模投入研发。单季度来看，公司24Q3实现营业收入1.2亿元，qoq+208.3%；实现归母净利润-1.9亿元，环比减亏1.1亿元；实现毛利率51.2%，环比下滑14.9pcts。存货+预付账款大幅增长，或积极备货交付期。我们在Q2开始观察到公司预付账款的大幅增长，并在中报点评中认为其反映了公司未来积极的生产规划，彰显良好的增长预期。当下，公司预付账款进一步提升，24Q3末预付账款8.5亿元，环比Q2末增加3亿元；同时公司存货规模也大幅增长，24Q3末存货规模10.2亿元，环比Q2末增长7.8亿元，我们推测是采购原材料有所增加。从公司历年财务数据观察，Q4通常是公司的交付期与业绩释放期，我们认为公司存货和预付账款的大幅增长是公司Q4业绩的积极指引，伴随着存货与预付账款逐步结转至成本，公司收入放量可期。积极调整研发策略，产品和生态持续加强。截至24H1，公司拥有727人的研发团队，其中78.82%的研发人员拥有硕士及以上学历，有力支撑了公司的技术创新和产品研发。2024年前三季度，公司继续高强度投入研发，实现研发费用6.6亿元，从研发进展来看：硬件方面，公司正研发新一代智能处理器微架构和指令集，重点优化自然语言处理大模型、视频图像生成大模型以及推荐系统大模型的训练推理等场景；软件方面：公司一方面推进训练平台的通用性，缩短公司产品适配周期。另一方面也积极建设生态，例如公司训练软件平台实现了Transformers以及Accelerate社区对于MLU的原生支持，增加了Triton3.0.x的寒武纪后端，并开源了跨平台AI编译器前端Triton-Linalg。此外，公司调整研发战略，陆续暂停部分预期毛利率较低的项目，有望在短期缓解公司财务压力，并在长期带动盈利能力提升。投资建议：公司产品实力不断加强，生态建设逐步完善，且不断在业务层面取得积极进展。我们预计公司在2024-2026年将分别实现营业收入14.76/34.91/50.03亿元，实现归母净利润-7.48/-0.55/5.04亿元，以2024年11月01日收盘价计算，对应PS分别为116/49/34倍。维持“买入”评级。风险提示：供应链政策波动、研发进展不及预期、行业竞争加剧,,德邦证券,买入,[None],2024-11-03,,买入,5815020,pdf_downloads/2024/2024-11-03/688256-寒武纪（688256）：存货、预付款大幅增长，或彰显乐观业绩预期.pdf,688256,寒武纪,寒武纪（688256）：存货、预付款大幅增长，或彰显乐观业绩预期
"吕伟,郭新宇",事件概述：公司2024年10月30日发布2024年三季度报告，前三季度公司营业收入1.85亿元，同比增长27.09%；归母净利润-7.25亿元，同比减亏；扣非归母净利润-8.62亿元，同比减亏。单季度收入大幅增加，同时存货等指标增加体现公司对未来发展信心。2024Q3公司营业收入1.21亿元，同比增长284.59%。公司营业收入增加，主要原因是公司持续拓展市场。同时，公司调整战略，陆续暂停部分预期毛利率较低的研发项目，研发投入占比下降。同时，存货方面，2024年三季度末公司存货达到10.15亿元，较2024年中报的2.35亿元大幅提升。预付账款方面，2024年三季度末公司预付账款达到8.54亿元，较2024年中报的5.50亿元也有明显提升。公司大量备货，体现了对未来发展的信心。从中长期看，公司的芯片产品已与多个行业领域中的头部公司建立了合作意向，凭借历代产品的过硬测评指标及优良服务口碑，公司的品牌效应逐步凸显司聚焦网信业务发展，深入推进以网信业务为核心的自主产品、行业解决方案和服务化业务持续发展。重要客户持续取得突破，高度重视研发为长期发展奠定基础。1）重要客户突破：以运营商行业为例，截至2023年12月，中国移动已有12个省公司、超过70个AI业务完成向寒武纪思元（MLU）系列云端智能加速卡的迁移。经充分验证，寒武纪思元（MLU）系列云端智能加速卡的可行性、易用性及运算性能均达到或超过国际主流产品水平。中国移动依托云边端协同管理架构和智能算力感知调度能力，围绕东西部枢纽节点，形成多中心、大规模AI算力集群，支持对复杂AI场景的计算需求，赋能中国移动全网AI业务。2）持续加强研发与生态建设：在硬件方面，公司的新一代智能处理器微架构和指令集正在研发中；在软件方面，公司的基础软件系统平台也在不断进行优化和迭代。同时，公司与智象未来达成了算力产品的合作以及视觉多模态大模型的深度适配，与百川智能等头部客户进行了大模型适配等，在互联网、运营商、金融、能源等多个重点行业持续落地。投资建议：公司是国产AI芯片龙头，积极研发新一代智能处理器微架构和指令集，不断进行优化和迭代推理和训练软件平台，推动智能芯片及加速卡在互联网、运营商、金融、能源等多个重点行业持续落地。预计公司2024-2026年营业收入为15.36/35.44/50.15亿元，2024-2026年对应PS分别为112X、48X、34X，维持“推荐”评级。风险提示：行业竞争加剧的风险；下游需求释放不及预期。,,民生证券,推荐,[None],2024-11-02,,增持,5814505,pdf_downloads/2024/2024-11-02/688256-寒武纪（688256）：2024年三季报点评：单季度收入大幅提升，国产AI算力龙头潜力可期.pdf,688256,寒武纪,寒武纪（688256）：2024年三季报点评：单季度收入大幅提升，国产AI算力龙头潜力可期
"谢春生,张皓怡,陈钰",2024年10月30日│中国内地 半导体 3Q24公司实现营收1.21亿元（yoy：+284.59%，qoq：+208.30%），归母净利润-1.94亿元（亏幅同比收窄0.69亿元，环比收窄1.09亿元），扣非归母净利润-2.54亿元（亏幅同比收窄0.54亿元，环比收窄0.94亿元）。第三季度营收同环比高增主要由于公司产品性能得到市场认可，部分云端产品陆续出货，但按照往年惯例，智能计算集群项目通常年底集中交付，我们预计今年营收贡献仍主要来自于四季度。此外，观察到公司三季报中存货以及预付账款大幅提升，我们判断公司正走出困境，后续成长有望得到支撑。长期看好AI大模型发展对高性能算力芯片需求的拉动以及国产替代机遇，维持“买入”评级。3Q24回顾：公司市场拓展顺利，存货/预付进一步增长尽管公司22-24年经营面临较大困难，仍然积极推进产品研发及市场推广，3Q24成效初步显现，营收同环比实现高增。从毛利率来看，3Q24毛利率51.20%（yoy：-14.92pct，qoq：-14.88pct），我们判断主要由于云端智能芯片及加速卡销售占比提升，而毛利率较高的智能计算集群项目交付通常集中在四季度。此外，由于公司调整战略，陆续暂停部分毛利率较低的研发项目，3Q24研发费用环比减少0.66亿元至2.12亿元。截至三季度末，公司预付款项8.54亿元，较二季度末增加3.04亿元；存货10.15亿元，较二季度末增加7.80亿元。同时，三季度公司购买商品和接受劳务支付的现金也增加至11.28亿元（第一/二季度分别为1.48/6.14亿元）。继半年报后，公司资产端进一步出现积极变化，我们认为公司正在逐步走出困境。2025年展望：持续完善性能迭代和生态建设，国产算力需求下充分受益今年8月中国移动发布了2024-2025年新型智算中心采购中标结果（采购人工智能服务器7994台，共计190亿元），以地方智算中心、运营商为主的国产AI服务器采购加速推进当中。公司积极研发新一代智能处理器微架构和指令集，不断进行优化和迭代推理和训练软件平台，开源了PyTorch设备后端扩展插件Torch-MLU，并实现了公司硬件对于PyTorch的原生支持，还支持并优化了对主流模型的适配。我们认为国内企业加快算力平台国产化迁移/备份是大势所趋，公司推出的智能芯片及加速卡有望在互联网、运营商、金融、能源等多领域落地，带动25/26年营收同比实现高增。投资建议：国产AI芯片领军企业，维持“买入”评级我们认为公司资产端已预示增长潜力，长期积累的软硬件优势及客户资源为公司奠定基础，25/26年营收存在较大增长弹性。公司作为国产AI算力龙头将持续受益国产化替代趋势，我们维持公司2024/2025/2026年营收预测11.16/30.43/50.53亿元，维持“买入”评级。风险提示：实体清单存在供应链风险，产品迭代不及预期，行业竞争加剧.,,华泰证券,买入,[None],2024-10-31,,买入,5809885,pdf_downloads/2024/2024-10-31/688256-寒武纪（688256）：存货、预付大幅增长提供成长支撑.pdf,688256,寒武纪,寒武纪（688256）：存货、预付大幅增长提供成长支撑
"吕伟,方竞,郭新宇","事件概述：公司2024年8月30日发布2024年半年度报告，公司营业收入6476.53万元，同比下降43.42%；归母净利润亏损5.3亿元；扣非归母净利润亏损6.09亿元。持续的研发投入为长期发展奠定重要基础。公司尚未实现盈利且存在累计未弥补亏损，主要原因有二：一是受供应链等不利因素影响，收入有所下滑；二是公司为确保智能芯片产品及基础系统软件平台的高质量迭代，在竞争激烈的市场中保持技术领先优势，持续进行了大量的研发投入。2024年上半年，公司研发投入44747.60万元，研发投入占营业收入比例为690.92%。但从中长期看，公司的芯片产品已与多个行业领域中的头部公司建立了合作意向，凭借历代产品的过硬测评指标及优良服务口碑，公司的品牌效应逐步凸显司聚焦网信业务发展，深入推进以网信业务为核心的自主产品、行业解决方案和服务化业务持续发展。AI芯片行业属于竞争较为激烈的领域，技术的领先是公司占领市场、实现长期发展的核心基础。基础系统软件平台持续完善，生态的逐步强大也将助力公司长期发展。1）训练软件平台：公司训练软件栈已经能够完整支撑主流大模型分布式训练需求，完善了各组件的支撑程度，缩短了业界新模型在公司产品的适配周期。在生态方面，公司训练软件平台更新迭代了PyTorch2.1/2.3的支持,支撑了多个训练和推理的业务场景，并实现了快速跟进社区版本的长效机制。在大模型方面，公司的训练软件平台增加了对Llama3系列、Qwen系列等主流网络的支持并重点优化了并行训练功能。2）推理软件平台：在AIGC业务适配方面，公司的推理软件平台紧随业界应用需求和发展，支持并优化了Llama 系列、Qwen系列等一系列文生文模型，以及StableDiffusion3等多个主流多模态模型，实现了文生文、文生图、文生视频和多模态等AIGC主流业务场景覆盖。在算子优化方面，公司开发了PyTorch第三方算子加速库，实现了对大模型关键算子的专门加速，使公司的推理平台算子计算效率达到业界领先水平。投资建议：公司是国产AI芯片龙头，积极研发新一代智能处理器微架构和指令集，不断进行优化和迭代推理和训练软件平台，推动智能芯片及加速卡在互联网、运营商、金融、能源等多个重点行业持续落地。预计公司2024-2026年营业收入为15.36/35.44/50.15亿元，2024-2026年对应PS分别为69X、30X、21X，维持“推荐”评级。风险提示：行业竞争加剧的风险；下游需求释放不及预期。",,民生证券,推荐,[None],2024-09-02,,增持,5751007,pdf_downloads/2024/2024-09-02/688256-寒武纪（688256）：2024年半年报点评：持续研发奠定发展基础，生态逐步完善助力加速成长.pdf,688256,寒武纪,寒武纪（688256）：2024年半年报点评：持续研发奠定发展基础，生态逐步完善助力加速成长
"谢春生,张皓怡,陈钰",2024年9月02日│中国内地 半导体 2Q24：营收符合预期，经营指标显现积极变化1H24公司实现营收0.65亿元（yoy：-43.42%），归母净利润-5.3亿元（亏损同比收窄0.15亿元）。其中，2Q24公司实现营收0.39亿元（yoy：-0.21%，qoq：+52.34%），符合我们业绩前瞻报告中预计的0.4亿元；归母净亏损3.03亿元（亏损同比/环比扩大0.13/0.76亿元）。2Q24公司收入规模仍然较小，且由于研发费用同环比增长较多（测试化验加工费影响），导致2Q24亏幅有所扩大。我们观察到半年度资产负债表出现多项积极变化，公司有望逐步走出困境。考虑智能计算集群项目通常集中在下半年交付，我们仍然维持24年营收预测11.16亿元，并上调25/26年营收至30.43/50.53亿元，长期看好AI大模型对算力芯片需求拉动以及国产替代机遇，维持“买入”。2Q24回顾：研发费用显著增长，经营活动现金流出大幅增加1H24公司云端/边缘产品线分别实现营收0.61/0.03亿元（yoy：-43.88%/-34.63%），公司已基本完成战略重心向云端产品线的转移。从毛利率来看，1H24综合毛利率62.72%（yoy：-8.14pct），其中云端产品线毛利率为63.02%（yoy：-8.73pct），公司毛利率受项目影响较大，但总体仍处于较高水平。2Q24公司研发费用环比增加1.08亿元（主要为测试化验加工费增加），公司总人数较去年末仅略增13人。截至二季度末，公司预付款项5.50亿元（1年内预付款占比99.83%），较一季度末增加3.46亿元；存货2.35亿元，较一季度末增加1.07亿元。与23年末存货结构相比，原材料账面价值较23年末增加1.39亿元至1.62亿元，库存商品账面价值较23年末减少0.12亿元至0.34亿元。同时，我们观察到二季度公司购买商品、接受劳务支付的现金增加至7.61亿元（一季度为1.48亿元）。2024全年展望：国内算力需求缺口仍然较大，国产芯片有望充分受益24年以来，政府、运营商、互联网不断加大算力基础设施的投入，包括三大运营商合计1.6万台AI服务器的招标以及各地智算中心项目建设。除了加快现有产品的客户导入以外，公司仍在推进新一代产品研发，目前新一代智能处理器微架构和指令集正在研发中，预计将在性能、功耗、面积等方面实现优化。在软件方面，公司大力推进自有软件平台针对大模型及AIGC业务的适配和优化，并积极推动开源生态建设及易用性改良。我们认为，在算力芯片出口管制收严的背景下，国内企业加快算力平台的国产迁移/备份，公司作为国内AI芯片龙头有望受益，25/26年营收有望实现高增。投资建议：国产AI芯片领军企业，维持“买入”评级我们长期看好AI对算力芯片需求拉动以及国产替代机遇，预计公司24/25/26年营收分别为11.16/30.43/50.53亿元，维持“买入”评级。风险提示：实体清单存在供应链风险，产品迭代不及预期，行业竞争加剧。,,华泰证券,买入,[None],2024-09-02,,买入,5749999,pdf_downloads/2024/2024-09-02/688256-寒武纪（688256）：经营指标预示积极变化.pdf,688256,寒武纪,寒武纪（688256）：经营指标预示积极变化
"陈蓉芳,陈瑜熙",事件：2024年8月30日，寒武纪发布2024年半年度业绩报告，24H1实现营业收入0.65亿元，yoy-43.4%，实现归母净利润-5.30亿元，yoy+2.7%。供应链不利影响较大，24H1业绩承压。24H1公司实现营业收入0.65亿元，yoy-43%，主要因“实体清单”等因素对公司供应链造成不利影响；实现毛利率62.72%，同比下滑8.14pct；实现归母净利润-5.30亿元，yoy+2.7%，较上年同期亏损收窄1472万元，亏损主要因公司继续大力投入研发。单季度来看，公司24Q2实现营业收入0.39亿元，qoq+52.34%；实现归母净利润-3.03亿元，环比减少0.76亿元；实现毛利率66.08%，环比提升8.47pct。预付账款大幅提升，彰显业务增长预期。公司预付账款从2023H2的1.48亿元大幅增长至2024H1的5.50亿元。预付账款最终会结转至营业成本，我们认为这反映了公司未来积极的生产规划，彰显良好的增长预期。从业务层面看：今年上半年公司与下游客户持续深度合作，部分领域取得一定进展：1）在互联网领域不断加深与该领域内客户的合作，自然语言应用场景中实现了批量出货，且产品实测能力、迭代预期均满足客户的需求。2）在大模型领域，公司与国内头部算法公司持续开展商务与技术合作。3）在视觉大模型领域，获得客户的多个产品兼容性认证。4）金融领域，公司与多家金融机构进行了大语言模型的测试以及行业应用的探索，积极推动金融领域的应用落地。从公司历年财务情况来看，业绩释放通常也在下半年。随着公司产品逐步准备就绪，下半年业绩可期。积极投入研发，产品和生态持续加强。公司拥有727人的研发团队，其中78.82%的研发人员拥有硕士及以上学历，有力支撑了公司的技术创新和产品研发。24H1，公司继续高强度投入研发，上半年研发费用4.5亿元，从研发进展来看：硬件方面，公司正研发新一代智能处理器微架构和指令集，重点优化自然语言处理大模型、视频图像生成大模型以及推荐系统大模型的训练推理等场景；软件方面：公司一方面推进训练平台的通用性，缩短公司产品适配周期。另一方面也积极建设生态，例如公司训练软件平台实现了Transformers以及Accelerate社区对于MLU的原生支持，增加了Triton3.0.x的寒武纪后端，并开源了跨平台AI编译器前端Triton-Linalg，提升了业界人工智能应用与公司产品进行适配的开发效率。此外，公司成功验证了集群上的大语言模型预训练功能，实现了业界领先水平的单训练任务长时间持续稳定运行，计算效率和能效业界领先。投资建议：公司产品实力不断加强，生态建设逐步完善，且不断在业务层面取得积极进展。我们预计公司在2024-2026年将分别实现营业收入16.79/22.71/30.85亿元，实现归母净利润-4.46/-2.08/1.48亿元。维持“买入“评级。风险提示：供应链政策波动、研发进展不及预期、行业竞争加剧,,德邦证券,买入,[None],2024-09-01,,买入,5747881,pdf_downloads/2024/2024-09-01/688256-寒武纪（688256）：产品与生态持续加强，AI应用方兴未艾.pdf,688256,寒武纪,寒武纪（688256）：产品与生态持续加强，AI应用方兴未艾
宝幼琛,"产业线多维发展，短期内亏损收窄公司的主营业务是应用于各类云服务器、边缘计算设备、终端设备中人工智能核心芯片的研发、设计和销售，以及为客户提供丰富的芯片产品。目前，公司的主要产品线包括云端产品线、边缘产品线、IP授权及软件。2023年，公司实现营业收入70,938.66万元，归母净利润-84,844.01万元，公司智能计算集群系统/云端产品线/边缘产品线营业收入分别为60453.27万元/9056.51万元/1082.45万元，营收占比为85.22%/12.77%/1.53%。2024年第一季度营业收入2566.61万元，同比下降-65.91%，归母净利润/扣非净利润分别约为-22667.73万元/-26113.81万元，同比亏损收窄11.12%/13.52%。收入下降系受供应链影响。公司智能计算集群系统业务是将公司自研的加速卡或训练整机产品与合作伙伴提供的服务器。设备、网络设备与存储设备结合，并配备公司的集群管理软件组成的数据中心集群，为人工智能应用部署技术能力相对较弱的客户提供软硬件整体解决方案。云端产品线目前包括云端智能芯片、加速卡及训练整机。其中，云端智能芯片及加速卡是云服务器、数据中心等进行人工智能处理的核心器件。公司边缘产品线中的边缘计算是近年来兴起的一种新型计算范式，在终端和云端之间的设备上配备适度的计算能力。2024年7月18日，公司董事长陈天石主动提出利用公司自有资金以集中竞价交易方式回购公司股票用于员工持股计划或股权激励，回购价格不超过人民币297.77元/股，回购资金总额不低于人民币2,000万元，不超过人民币4,000万元。此举将激励管理层和员工，并进一步提振投资者信心。芯片技术创新突破，与中国移动合办大额项目自2016年3月成立以来，公司快速实现了技术的产业化输出，公司已推出的产品体系覆盖了云端、边缘端的智能芯片及其加速卡、终端智能处理器IP，可满足云、边、端不同规模的人工智能计算需求。公司先后推出了用于终端场景的寒武纪1A、寒武纪1H、寒武纪1M系列智能处理器；基于思元100、思元270、思元290芯片和思元370的云端智能加速卡系列产品；基于思元220芯片的边缘智能加速卡。其中，寒武纪智能处理器IP产品已集成于超过1亿台智能手机及其他智能终端设备中，思元系列产品也已应用于浪潮、联想等多家服务器厂商的产品中。思元220自发布以来，累计销量突破百万片。公司核心产品处理器和芯片中，寒武纪1A处理器是全球首款商用终端智能处理器IP产品，思元100（MLU100）芯片是中国首款高峰值云端智能芯片。思元290（MLU290）芯片是寒武纪首款云端训练智能芯片，采用了7nm工艺，在4位和8位定点运算下，理论峰值性分别高达1024TOPS、512TOPS。思元370（MLU370）芯片是寒武纪首款采用Chiplet（芯粒）技术的人工智能芯片，是寒武纪第二代云端推理产品思元270算力的2倍。公司智能计算集群系统业务稳步发展，2023年8月，公司与中国移动通信集团浙江有限公司台州分公司、浙江省公众信息产业有限公司组成联合体，参与了“浙东南数字经济产业园数字基础设施提升工程（一期）”的投标，合同金额为75,308.18万元，公司作为联合体牵头方，负责智算硬件部分的供货、安装和后续服务，公司所占金额为52,809.23万元，合同已履行完成。在视觉大模型领域，公司与智象未来达成了算力产品的合作以及视觉多模态大模型的深度适配，寒武纪产品为其在线商业应用提供了算力保障。在语言大模型领域，公司产品与百川智能等头部客户进行了大模型适配，并获得了产品兼容性认证，产品性能亦达到国际主流产品水平。在金融领域，公司与多家大型银行进行了语言大模型的测试，并正在推动金融领域的应用落地。目前交通银行已选择嵌入公司智能加速卡的GPU服务器为指定选型.市场规模高速扩增，国产算力新基建驶入快车道Gartner的报告预测，2023年全球人工智能芯片的市场规模将达到530亿美元，并预计在2024年增长至671亿美元。到2027年，该市场的规模预计将超过 2023 年的两倍，达到 1,194 亿美元。根据《2023-2024中国人工智能计算力发展评估报告》，2022年中国智能算力规模达259.9每秒百亿亿次浮点运算（EFLOPS），2023年将达到414.1 EFLOPS，预计到2027年将达到1117.4 EFLOPS，年复合增长率达33.9%。全球边缘人工智能基础设施处理器和加速器的增长将由2022年的11亿美元增加至2027年的94亿美元，年复合增长率为52.3%。2023 年 10 月，工信部等 6 部门联合发布的《算力基础设施高质量发展行动计划》文件提出 “到 2025 年，计算力方面，算力规模超过 300EFLOPS，智能算力占比达到 35%”。2024年7月，《关于实施支持科技创新专项担保计划的通知》提出提高对科技创新类中小企业风险分担和补偿力度，对于科技型中小企业、创新型中小企业，融担基金分担最高不超过30%的风险责任。面对AI产业快速发展，国内运营商、互联网云厂商等也积极布局。今年以来，三大运营商已合计推出310亿元的AI服务器集采，且国产化程度大幅提高。其中中国移动2024年算力规划投资475亿元，已形成10.1EFLOPS智算算力，规划2024年底实现智算算力大于17EFLOPS。预计重点行业国产算力替换提速，公司将大幅受益于国产算力高速扩张。盈利预测我们看好公司作为国内少数具有先进集成电路工艺复杂芯片设计经验的企业之一，在软件和信息技术服务行业的领先地位，在芯片和智能计算集群领域全面技术布局，业绩稳步提升。预测公司2024-2026年收入分别为14.04、22.40、34.35亿元，EPS分别为-1.21、-0.5、0.33元，当前股价对应PE分别为-213.2、-519.6、781.7倍，首次覆盖，给予“买入”投资评级。风险提示（1）软件和信息技术服务行业人力成本上升和规模持续扩张带来的管
理风险；（2）为保持和提升公司竞争力带来的技术创新风险；（3）
主要客户之收入占比与业务粘性较大带来的客户集中风险；（4）税收
优惠和政府补贴政策变化风险；（5）员工持股计划/股权激励进展低
于预期风险。",,华鑫证券,买入,[None],2024-08-02,,买入,5709572,pdf_downloads/2024/2024-08-02/688256-寒武纪（688256）：公司动态研究报告：产业线多维发展，芯片技术创新突破居领先地位.pdf,688256,寒武纪,寒武纪（688256）：公司动态研究报告：产业线多维发展，芯片技术创新突破居领先地位
"蒋高振,安子超","2024年7月18日，基于对寒武纪未来发展的信心和对公司价值的认可，公司控股股东、实际控制人、董事长、总经理陈天石博士提议公司以自有资金回购部分股份，并用于员工持股计划或股权激励。回购股份的价格不超过董事会通过决议前30个交易日公司股票交易均价的150%；回购资金总额不低于人民币2,000万元（含），不超过人民币4,000万元（含）。政策自上而下促进国产算力加速发展2024年4月，北京市发布《北京市算力基础设施建设实施方案（2024-2027年）》，明确表示对采购自主可控GPU芯片开展智能算力服务的企业，按照投资额的一定比例给予支持。技术突破与政策扶持互相驱动打造更加可靠的国产算力。北京、贵州、甘肃庆阳、湖北武汉、江苏无锡等多地纷纷推出政策，通过发放算力券的方式，促人工智能产业发展。推出算力券以来，南京智能计算中心算力的平均使用率达到80%，峰值使用率接近100%，不少人工智能企业因此匹配到了合适的算力。公司高研发投入推动自有生态不断落地硬件方面，寒武纪新一代智能处理器微架构和指令集正在研发中，将对自然语言处理大模型、视频图像生成大模型以及推荐系统大模型的训练推理等场景进行重点优化，将在编程灵活性、易用性、性能、功耗、面积等方面提升产品竞争力。软件方面，公司近期开源了跨平台AI编译器前端Triton-Linalg，以此帮助开发者降低硬件适配成本，提高集成效率；寒武纪与飞桨经过长时间的适配合作和持续集成（CI）建设，已正式纳入飞桨例行版本发布体系。盈利预测及投资建议2024年有望成为国内算力跨越鸿沟元年。公司作为国产 AI 芯片领军，供应渠道多元化、产能瓶颈有望逐步缓解，预计将实现困境反转。我们预计公司24-26年分别实现收入13.8亿、21.4亿、35.2亿，同比增速为95%、55%、65%；归属母公司股东的净利润（亏损）为-5.36亿、-3.15亿、1.75亿。7月18日收盘价对应24-26年PS估值分别为77、50、30倍，维持“增持”评级。风险提示产品研发不及预期、下游需求不及预期、贸易政策风险等。",,浙商证券,增持,[None],2024-07-19,,增持,5694168,pdf_downloads/2024/2024-07-19/688256-寒武纪（688256）：科技自立，成则大成.pdf,688256,寒武纪,寒武纪（688256）：科技自立，成则大成
"吕伟,郭新宇",中国AI芯片龙头，智能算力行业领导者。寒武纪能提供云边端一体、软硬件协同、训练推理融合、具备统一生态的系列化智能芯片产品和平台化基础系统软件，也是国内少数具有先进集成电路工艺下复杂芯片设计经验的企业之一。2023年，智能计算集群系统业务实现营业收入6.05亿元，同比增长31.85%，主要系公司成功在沈阳、台州实施智能计算集群项目，保持了智能计算集群系统业务收入的持续增长。随着地方算力基础设施建设的持续推进，公司作为行业标杆有望持续受益。2017年-2023年营业收入复合增速达111%，股权激励目标彰显公司业绩增长信心。根据《中科寒武纪科技股份有限公司2023年限制性股票激励计划（草案）》，公司的股权激励目标为，2024年营业收入值不低于11亿元；2024-2025年累计营业收入值不低于26亿元；2024-2026年累计营业收入值不低于46亿元。国内AI产业有望迎来快速增长期，重视底层核心技术构筑成长低座。1）AI算力需求有望进入快速增长期。根据IDC数据，预计到2027年将达到1117.4EFLOPS（基于FP16计算），2022-2027年期间中国智能算力规模年复合增长率达33.9%。2）三大运营商大额招标彰显行业景气度。根据中国移动2023年至2024年新型智算中心（试验网）采购项目、中国移动2024-2025年新型智算中心集采项目、中国联通2024年人工智能服务器集中采购项目以及中国电信AI算力服务器（2023-2024年）集中采购项目，三大运营商共有超1.7万台的AI服务器采购计划；根据已经公布的招标计划，截至2024年5月，AI服务器的采购规模已经达到300亿元。3）打造新一代AI软硬件技术体系。在硬件方面，公司的新一代智能处理器微架构和指令集正在研发中；在软件方面，公司的基础软件系统平台也在不断进行优化和迭代。4）积极与头部客户开展适配工作。公司与智象未来达成了算力产品的合作以及视觉多模态大模型的深度适配，与百川智能等头部客户进行了大模型适配等，在互联网、运营商、金融、能源等多个重点行业持续落地。投资建议：公司是国产AI芯片龙头，积极研发新一代智能处理器微架构和指令集，不断进行优化和迭代推理和训练软件平台，推动智能芯片及加速卡在互联网、运营商、金融、能源等多个重点行业持续落地。在AI算力需求高速增长、美多次更新出口管制标准、算力基础设施建设有望加速的大背景下，公司高度重视研发投入，打造核心产品紧抓AI算力市场机遇，有望开启长期增长空间。预计公司2024-2026年营业收入为15.36/26.74/33.42亿元，2024-2026年对应PS分别为51X、29X、23X，首次覆盖，给予“推荐”评级。风险提示：新技术推进不及预期的风险；供应链变动的风险；同业竞争加剧的风险。,,民生证券,推荐,[None],2024-05-22,,增持,5637641,pdf_downloads/2024/2024-05-22/688256-寒武纪（688256）首次覆盖报告：预期差较大的国产AI芯片引领者.pdf,688256,寒武纪,寒武纪（688256）首次覆盖报告：预期差较大的国产AI芯片引领者
"黄乐平,张皓怡,陈钰",1Q24：受供应链因素拖累营收同环比下降，人员规模大幅精简公司2023年实现营收7.09亿元（yoy：-2.70%），归母净利润-8.48亿元，同比亏幅收窄，符合此前业绩预告。1Q24实现营收0.26亿元（yoy：-65.91%，qoq：-95.45%），归母净利润-2.27亿元（4Q23：-0.41亿元，1Q24：-2.55亿元），基本符合我们前瞻预期（-2.4亿元）。2023年受供应链因素影响，营收同比略有下滑，公司通过加强费用管控、精简人员，23年亏损幅度收窄。1Q24为行业传统淡季，且产品库存仍较紧张，公司营收同环比均出现较大幅度下滑，但研发费用同环比分别下降27.80%/57.61%至1.70亿。根据历史季节性规律，公司智能计算集群项目通常集中在下半年交付，我们预计全年营收仍有望实现同比增长。我们预计公司24/25/26年营收分别为11.16/20.25/30.05亿元，长期看好AI大模型对算力芯片需求拉动以及国产替代机遇，维持“买入”评级。2023&amp;1Q24：重点保障智算集群项目交付，供应链问题尚待解决23年公司受供应链影响调整经营战略，分业务来看：1）智算集群系统实现营收6.05亿元（yoy：+31.85%），沈阳和台州智算集群项目完成交付；2）云端产品线包括云端智能芯片、加速卡及训练整机产品，23年营收为0.91亿元（yoy：-58.73%）；3）边缘产品线营收0.11亿元（yoy：-71.39%），已大幅收缩。截至23年底公司总人数下降至999人（22年末1516人），公司集中力量发展云端算力芯片，整体人员规模有所精简，我们预计24年人数将基本保持稳定。1Q24由于集群项目占比较低，毛利率同环比下降19.18/11.37pct至57.61%。存货方面，截至1Q24末公司存货1.29亿元，较23年末增加0.3亿元，但仍处于较低水平。2024年展望：国内AI训练需求快速增长，国产算力芯片导入加速ChatGPT大模型热潮下算力需求不断提升，训练和推理端都存在较大的芯片供应缺口。以政府、运营商、互联网为主体的AI项目采购招标陆续加速。中国移动今年已两次启动智算中心服务器（1250台+7994台）招标，中国电信、中国联通也已启动AI服务器采购，分别对应4175和2503台需求。在大算力芯片出口管制收严的背景下，国内企业加快算力平台的国产迁移/备份，公司作为国内AI芯片龙头有望受益，25/26年营收有望恢复高增。投资建议：国产AI芯片领军企业，维持“买入”评级我们长期看好AI大模型对算力芯片需求拉动以及国产替代机遇，我们预计公司24/25/26年营收分别为11.16/20.25/30.05亿元，维持“买入”评级。风险提示：实体清单存在供应链风险，产品迭代不及预期，行业竞争加剧。,,华泰证券,买入,[None],2024-05-06,,买入,5616179,pdf_downloads/2024/2024-05-06/688256-寒武纪（688256）：1Q24：供应链问题尚待解决.pdf,688256,寒武纪,寒武纪（688256）：1Q24：供应链问题尚待解决
"黄乐平,张皓怡,陈钰",2023年：供应链因素影响营收，优化资源配置亏幅缩窄公司发布2023年业绩预告，预计实现营收6.8-7.2亿元（yoy：-3.98%），符合我们此前预期的7.15亿元；归母净亏损7.56-9.24亿元（yoy：+26.47%~39.84%）；扣非归母净亏损9.45-11.55亿元（yoy：+26.87%~40.17%）。按照预告中值计算，4Q23预计实现营收5.54亿元（yoy：+19.22%，qoq：+1667%），归母净利润-3200万元 （yoy：+89.74%，qoq：+87.82%），扣非归母净利润-1.01亿元（yoy：+76.76%，qoq：+67.18%）。2023年受供应链因素影响，公司营收（中值）同比略有下滑，但公司积极优化组织效率，预计全年管理费用/研发费用（中值）同比减少49.44%/27.12%，资产减值（中值）同比减少33.82%。我们预计公司23/24/25年营收分别为7.15/14.26/20.04亿元，长期看好AI大模型对算力芯片需求拉动以及国产替代机遇，维持“买入”评级。4Q23回顾：中标项目集中交付，股权激励彰显信心4Q23公司营收环比大幅增长，主要由于此前中标的浙江台州智算项目（合同金额5.28亿元）和沈阳汽车城智算项目（合同金额1.55亿元）主要集中在四季度交付。面对多变的外部环境，2023年公司战略重新聚焦云端算力芯片，整体人员规模有所精简（截至23/6/30总人数1265人，2022年底总人数1516人），2023年研发费用9.99-12.21亿元（yoy：-19.83~-34.41%），使得全年亏损幅度有所收窄。公司于2023/11/18发布2023年限制性股票激励计划，激励人数715人（占比56.52%）。根据本次激励解锁目标值，2024年收入应不低于11亿元，2024-2025年累计营收应不低于26亿元，2024-2026年累计营收应不低于46亿元，彰显公司对中长期成长信心。2024年展望：国内大模型训练需求保持增长，AI芯片国产替代有望加速随着ChatGPT引领的大模型热潮，国内的公司开始相继投入研发自己的人工智能大模型，对算力需求不断扩大，部分终端应用厂商同步研发垂类模型，国内芯片需求与供给缺口仍然存在。芯片出口限制下，国内企业加快算力平台的国产迁移/备份，寒武纪作为国内AI芯片龙头有望受益。根据近期交通银行采标网信息，公司成功中标交通银行国产GPU服务器等项目，公司新一代AI训练芯片性能受到客户广泛认可。投资建议：国产AI芯片领军企业，维持“买入”评级长期看好AI大模型对算力芯片需求拉动以及国产替代机遇，我们预计公司23/24/25年营收分别为7.15/14.26/20.04亿元，维持“买入”评级。风险提示：实体清单存在供应链风险，产品迭代不及预期，行业竞争加剧。,,华泰证券,买入,[None],2024-02-05,,买入,5510647,pdf_downloads/2024/2024-02-05/688256-寒武纪（688256）：4Q23：智能计算集群项目集中交付.pdf,688256,寒武纪,寒武纪（688256）：4Q23：智能计算集群项目集中交付
"蒋高振,安子超,赵洪,苗霄寒",公司推出股权激励计划，业绩考核目标为24-26年营收分别达到11/15/20亿元。回顾过去一年，公司因被列入实体清单，对供应链产生了较大影响，23年前三季度营收明显下滑。此次激励在美商务部公布新一轮AI芯片出口管制的重要时点适时落地，有望助力公司享受AI算力需求爆发和国产替代红利。列入实体清单导致业务波动，重要时点出台激励彰显信心2023年11月17日，公司发布限制性股票激励计划草案，拟向715名激励对象（约占公司截至2023年6月30日全部职工人数的56.52%）授予800万股限制性股票，约占公告时公司股本总额的1.92%，预计摊销的总费用为 5.39亿元。2024-2026年业绩考核要求为：2024年营业收入值不低于11亿元； 2024-2025年累计营业收入值不低于26亿元； 2024-2026年累计营业收入值不低于46亿元。即对应24-26单年度营收分别为11/15/20亿元，25-26年同比增速分别为36%、33%。2022年12月15日，美商务部将公司列入新一轮实体清单。2023年前三季度，公司营收同比下滑45%，截至2023年6月30日员工数相比22年底减少17%，实体清单对公司业务造成了一定冲击。此次公司推出股权激励计划，覆盖范围较广，有助于增强信心，重新坐稳国产AI芯片第一梯队。公司产品性能国内突出，高研发投入推动生态不断落地寒武纪思元系列产品性能达到国际主流产品水平，云端智能加速卡支持多种数据位宽、超大内存容量和高速内存带宽等产品优势，与自研BangTransformer算法加速库充分协同。且近日与百川智能旗下的大模型Baichuan2-53B、Baichuan2-13B、Baichuan2-7B等完成全面适配，满足了百川大模型对加速卡计算、通信和能效等多方面需求，显著加速了大模型从训练到部署的全部流程。针对快速发展的大模型领域，2023年公司从底层硬件架构指令集的设计，到基础软件迭代，都针对大模型的应用场景进行相应的优化，思元系列产品在大语言模型、视觉大模型等领域的性能进一步提升。美继续收紧出口管制，国产AI芯片面临前所未有机遇在AIGC持续快速发展的时代背景下，国产GPU产品研发、应用部署和生态建设取得了长足进步，部分领先产品性能参数已经可以实现对标海外主流产品。虽仍待经过大批量出货和大规模组网带来的稳定性考验，但业已能望见放量增长的曙光，预计中期内可以跨越鸿沟，享受AI算力需求爆发和国产替代红利。盈利预测及投资建议我们预计公司23-25年分别实现收入5.13亿、13.83亿、21.38亿，同比变动为-29.66%、+169.68%、+54.57%；归属母公司股东的净亏损为9.53亿、5.98亿、3.74亿。11月20日收盘价对应23-25年PS估值分别为 134倍、50倍、32倍，维持“增持”评级。风险提示产品研发不及预期、下游需求不及预期、贸易政策风险等。,,浙商证券,增持,[None],2023-11-21,,增持,5396269,pdf_downloads/2023/2023-11-21/688256-寒武纪（688256）：股权激励彰显信心，内外兼修抢抓机遇.pdf,688256,寒武纪,寒武纪（688256）：股权激励彰显信心，内外兼修抢抓机遇
"陈海进,徐巡,谢文嘉",寒武纪(688256)投资要点公司概况：全球知名AI芯片新星，构建“云、边、终”多位一体新生态。公司能提供云边端一体、软硬件协同、训练推理融合、具备统一生态的系列化智能芯片产品和平台化基础系统软件。2022年公司实现营收7.29亿元，同比增长1.11%，受益于云端产品思元290、370系列成功导入多家头部客户。边缘端和IP授权产品线营收下滑较为严重。22年公司期间费用率总体上升，研发费用率上涨最为显著。22年公司实现归母净利润-12.57亿元，较上年同期扩大4.32亿元，主要系研发费用的增长和部分云边端产品销量不及预期。行业格局：AI浪潮拉动算力需求，人工智能芯片前景广阔。目前AIGC、高端服务器、高性能计算、5G等应用快速发展，这些应用离不开高制程算力芯片的底层支撑。根据我们测算，在理想条件下通过租用线上算力完成一次参数量为1750亿的GPT-3模型训练需要1024块A10080G，时长约25天，训练成本约为93万美元。但实际成本和时间往往会更长全球GPU呈现“一超一强”的竞争格局，根据IDC数据，2021英伟达在企业级GPU市场中占比91.4%，AMD占比8.5%。目前中国加速计算服务器市场需求主要被GPU所承接。但AI智能芯片定制化程度更高，未来有望凭借更灵活的架构设计和更高的算力，成为市场主流。公司业务：云端芯片为基，云边终端三位协同。公司产品线涵盖云端、边缘端和IP授权及软件几大板块，各产线产品持续高端化迭代。其中，云端智能芯片为业务核心，同时延伸发展训练整机与智能计算集群，主力产品思元370采用7nm先进工艺和Chiplet技术，较前代产品算力提升显著。边缘产品思元220已进入生命周期后期，受主力客户需求变化明显。终端IP授权及软件为公司早期产品，目前逐渐成为业务中间形态，服务于公司云边端的生态建设。投资建议：公司为国内AI芯片龙头，“云、边、终端”全链路协同覆盖。随着AI芯片市场规模的快速增长，公司有望依托完备的云、边、终端全面产品布局和AI生态建设的持续推进，逐步抢占市场份额。我们预计公司将在2023年至2025年实现收入11.26/15.38/20.44亿元，归母净利润-8.7/-7.2/-4.9亿元，对应当前PS估值57/42/31倍。首次覆盖，给予“买入”评级。风险提示：AI需求不及预期风险，客户集中度较高风险，供应链稳定相关风险。,,德邦证券,买入,[None],2023-11-17,,买入,5392639,pdf_downloads/2023/2023-11-17/688256-寒武纪（688256）：国产AI龙头，云边终端三位协同.pdf,688256,寒武纪,寒武纪（688256）：国产AI龙头，云边终端三位协同
"张皓怡,黄乐平",寒武纪(688256)1Q23营收同比增长，关注云端产品国产替代加速2022年公司实现营收7.29亿元（yoy：+1.11%），归母净亏损12.57亿元，亏损幅度同比增加4.32亿元，22年亏损敞口扩大主要因为研发费用增长以及资产/信用减值损失增加（分别为1.96/1.17亿元）。1Q23公司营收为0.75亿元（yoy：+19.52%，qoq：-83.80%），归母净亏损2.55亿元，亏损幅度同/环比减少3235万元/5675万元。1Q23营收同比增长主要受云端产品线拉动，由于智能计算集群项目通常集中在下半年确认，营收环比下降属于正常季节性波动。预计23/24/25年营收分别为9.10/14.26/20.04亿元，长期看好AI大模型对算力芯片需求拉动以及国产替代机遇，“买入”评级。1Q23回顾：云端产品线持续增长，产品结构变化拉动毛利率大幅提升2022年随着思元290、思元370系列产品在多家头部企业完成产品导入，云端产品收入2.19亿元（yoy：+173.51%），营收占比达到30%；而受客户去库存影响，边缘产品线实现收入0.38亿元（yoy：-78.40%）；智能计算集群系统收入4.59亿元，同比基本持平。从毛利率来看，22年云端产品线毛利率63.47%（yoy：+4.93pct），边缘产品线毛利率31.11%（yoy：-10.18pct），智能计算集群业务毛利率70.42%（yoy：-0.16pct）。1Q23公司云端产品线营收保持同比快速增长，边缘产品需求仍旧疲软，营收结构变化使得公司综合毛利率提升至76.79%（yoy：+20.21pct，qoq：+6.71pct）。存货方面，截止一季度末公司存货2.64亿元，较上季度末减少0.23亿元，随着存货逐步形成销售，减值压力有望降低。2023展望：AI大模型拉动云端训练/推理芯片需求，关注国产替代加速根据IDC数据，2022年中国云端智能芯片市场规模超过35亿美元，其中互联网客户需求占比50%以上，预计2025年云端智能芯片及加速卡市场规模超过70亿美元。目前，英伟达GPU芯片和加速卡产品在上述市场占据90%以上份额，公司云端产品思元370等已在国内多家互联网头部厂商实现规模化销售。此外，公司新一代云端产品已与某互联网企业进行了大模型训练的初步合作，目前处于技术探索和测试阶段，未来有望加速国产替代。投资建议：维持“买入”评级由于公司被纳入实体清单导致短期供应链存在不确定性，下调23/24/25年营收预测至9.10/14.26/20.04亿元。但我们长期看好AI大模型发展对算力芯片的拉动，维持“买入”评级。风险提示：实体清单存在供应链风险；产品迭代不及预期。行业竞争加剧。,,华泰证券,买入,[None],2023-05-24,,买入,5220667,pdf_downloads/2023/2023-05-24/688256-寒武纪（688256）：云端产品线保持较快增长.pdf,688256,寒武纪,寒武纪（688256）：云端产品线保持较快增长
"蒋高振,赵洪",寒武纪(688256)寒武纪作为中国最具代表性的本土AI芯片厂商，其主要提供各类云服务器/边缘计算/终端设备中人工智能核心芯片的研发、设计和销售，主要产品包括云端智能芯片及加速卡、训练整机、边缘智能芯片及加速卡、终端智能处理器IP及相应的配套软件开发平台，近年来陆续推出思元、玄思等芯片/加速卡产品系列。中国AI芯片领域先行者，布局云边端车一体新生态公司是国内稀缺的AI算力芯片公司，公司拥有完善的智能芯片产品布局，能提供云边端一体、软硬件协同、训练推理融合、具备统一生态的系列化智能芯片产品和平台化基础系统软件。云端产品线方面，公司已先后推出了思元290和思元370芯片及相应的云端智能加速卡系列产品、训练整机。边缘产品线方面，公司面向边缘计算场景推出的思元220芯片和边缘智能加速卡已落地多家头部企业，自发布以来累计销量突破百万片。IP授权及软件方面，公司先后推出了用于终端场景的寒武纪1A、寒武纪1M系列智能处理器，授权给客户在其产品中使用。GPT开启AI商用普及加速，驱动算力产业链新成长OpenAI于2022年12月推出的对话AI模型ChatGPT，一经面世便受到广泛关注。大模型预训练数据量已增加到TB量级。AI算力是ChatGPT模型训练与产品运营核心基础设施，AI芯片是AI算力基础设施的关键组成。以ChatGPT为代表的的AI应用蓬勃发展，对上游AI芯片算力提出了更高的要求，AI新时代有望加速AI芯片成长。云端及车规新品同步推进，本土AI芯片龙头新征程22年公司云端产品线思元290、思元370等产品成功导入了阿里云等多家头部客户。云端训练新品思元590芯片快速迭代中，该芯片浮点运算能力较上一代290产品有较大提升，云端产品线有望更进一步。此外，根据2022年9月美国证券交易委员会SEC的通知，英伟达将需要获得许可才能向中国和俄罗斯出口任何基于最新架构的A100GPU或DGX/HGX等系统。在该指令影响下，海外高端产品供应受阻，公司产品有望获得更多发展机遇。盈利预测与估值结合公司2022年业绩快报实际情况，我们预计公司2022-2024年营业收入分别为7.29/10.50/15.50亿元，同比增速分别为1.11%/44.03%/47.62%；预计公司2022-2024年归母净利润分别为-11.66/-8.40/-5.07亿元，同比变动幅度分别为-41.33%/27.97%/39.68%。2022-2024年PS分别为67.64X、46.96X、31.81X。公司作为国内自主AI芯片企业地位稀缺，GPT落地有望驱动公司新成长。首次覆盖，给予“增持”评级。风险提示AI需求不及预期，供应链稳定相关风险、研发成果转化不及预期等。,,浙商证券,增持,[None],2023-03-21,,增持,5144788,pdf_downloads/2023/2023-03-21/688256-寒武纪（688256）深度报告：中国AI芯片先行者.pdf,688256,寒武纪,寒武纪（688256）深度报告：中国AI芯片先行者
"张皓怡,黄乐平",3Q22边缘端拖累营收，研发投入增加及计提减值导致亏损敞口同比扩大 公司3Q22营收0.93亿元（yoy：+10%，qoq：-15%），归母净亏损3.22亿元，亏损幅度同比增加8451万元，环比减少1200万元，扣非净亏损3.87亿元，亏损幅度同比增加3148万元，环比减少1098万元。受互联网及其他行业客户云端产品采购需求增长拉动，3Q22营收同比增长。亏幅扩大主因研发投入同比加大，且资产减值损失和信用减值损失同比增加2479/1953万元。我们下调2022/23/24年收入预测至9.71/11.72/15.87亿元，但长期看好国产替代下国内大算力芯片的发展，给予26x 23PS（可比公司Wind一致预期8x 23PS），下调目标价至76元（原值：83.7元），“买入”评级。3Q22：云端产品收入占比提升，边缘端客户消化库存仍在持续 3Q22营收同比增长主要受云端产品线拉动，公司思元370产品顺利导入。但边缘端客户仍在消化库存，需求下降幅度较大；集群业务三季度营收贡献有限。受上述产品结构变动影响，3Q22毛利率64.16%（qoq：+10.16pct，yoy：+17.06pct），目前售价及成本基本保持稳定。3Q22末公司存货账面价值4.21亿元，较上季度末增加0.52亿元，存货周转天数增长至863天。3Q22公司资产减值损失和信用减值损失分别为2683万元和2201万元，资产减值损失主要来自边缘端产品及其他老产品存货计提，预计四季度仍存在一定压力。信用减值损失则主要来自前期无锡数据湖项目。展望：国内客户对国产芯片适配意愿增强，关注云端训练芯片及车规新品 明年公司看点包括：1）云端训练新品思元590芯片今年底有望在客户端送测，该芯片浮点运算能力较上一代290产品有较大提升，下游客户适配意愿增强；2）L2+自动驾驶行泊一体芯片SD5223和L4高阶自动驾驶多域融合平台SOC芯片SD5226进展顺利，其中L2+自动驾驶芯片已经流片，今年下半年有望陆续推广，预计将率先搭载到一汽某自主品牌车型。我们认为近期贸易环境变化可能会刺激国内云计算等客户加快国产芯片测试导入，公司作为国内领先企业有望受益。投资建议：目标价76元，维持“买入”评级考虑下游客户仍在消化库存，我们预计公司边端产品销量下降明显，下调2022/23/24年营收至9.71/11.72/15.87亿元（原值：10.02/15.64/24.35亿元）。由于公司研发投入持续增加，且库存水位较高可能导致资产减值计提增加，我们下调2022/23/24年净利润至-11.12/-6.45/-2.45亿元。但我们认为公司将受益于国产替代背景下大算力芯片的发展，参考可比公司Wind一致预期8x 23PS，给予26x 23PS，目标价76元，维持“买入”评级。风险提示：美国切断供应链风险；短期无法盈利；行业竞争加剧。,,华泰证券,买入,[None],2022-10-31,,买入,5031832,pdf_downloads/2022/2022-10-31/688256-寒武纪（688256）：边缘端拖累营收环比下滑.pdf,688256,寒武纪,寒武纪（688256）：边缘端拖累营收环比下滑
"黄乐平,张皓怡",1H22业绩低于预期，研发费用持续高增公司1H22实现营收1.72亿元（yoy：+25%），归母净亏损6.22亿元，亏幅同比扩大2.31亿元。2Q22营收1.09亿元（yoy：+7%，qoq：+73%），归母净亏损3.35亿元，亏幅环比扩大0.48亿元，业绩低于此前业绩预览预期（-1.3亿元），扣非归母净亏损3.99亿元，亏幅环比扩大0.4亿元。2Q22公司亏损幅度扩大主要由于研发费用持续增长及产品结构变动导致毛利率下滑。考虑今年疫情对市场需求的影响，我们下调2022/23/24年收入预测至10.02/15.64/24.35亿元（原值：11.06/16.77/25.10亿元），公司虽短期业绩承压，但我们长期看好国内计算芯片发展，给予21.4x23PS（数字芯片可比公司Wind一致预期8x 23PS），维持目标价83.7元，“买入”评级。1H22回顾：云端产品放量拉动营收增长，边缘客户仍在消化库存1H22营收同比增长25%，主要得益于云端产品收入快速提升，集群项目基本保持稳定。具体来看，上半年云端产品线收入为1.3亿元，同比增长190.85%，基于思元370智能芯片技术的加速卡今年已在阿里云等互联网公司形成一定收入规模，基于思元290的训练整机产品也已顺利导入多家AI客户。但上半年由于边缘客户仍在消化去年囤积库存，公司边缘侧产品出货减少，1H22营收同比下滑45%至0.34亿元。公司2Q22毛利率53.97%（qoq：-2.61pct，yoy：-2.13pct），我们推测主要系整机形态的290产品出货较多以及370产品导入客户初期价格较低所致。受研发人员数量、薪酬增加以及上半年新品流片费用影响，1H22研发费用6.29亿元（yoy：+51%）。未来展望：云端产品持续升级，关注自动驾驶芯片落地公司云端产品线不断迭代更新，主要面向中高端推训场景的思元370，与主要面向训练的高端产品思元290形成协同，在互联网、金融、运营商、AI等客户得到广泛应用，有望接力边缘端产品成为公司主要营收增长动力。在自动驾驶芯片方面，子公司行歌科技已规划不同档位的车载智能芯片产品，与公司既有的云边端产品线紧密联动，在通用大算力车载智能芯片领域拥有较强的技术优势和市场竞争力，目前已经与一些传统车企展开战略合作，向适配L3+车型的大算力芯片看齐。投资建议：亏损幅度扩大，目标价83.7元公司云端新产品开始放量，集群项目下半年有望陆续交付，但边缘侧短期仍存在消化库存压力。我们预计2022/23/24年归母净利润-8.86/-5.16/-3.10亿元（原值：-8.05/-6.62/-3.31亿元），参考数字芯片可比公司Wind一致预期8x 23PS，给予公司21.4x 23PS，目标价83.7元，维持“买入”。风险提示：行业竞争加剧；研发投入过高导致短期无法盈利。,,华泰证券,买入,[None],2022-08-15,,买入,4950969,pdf_downloads/2022/2022-08-15/688256-寒武纪（688256）：2Q22亏损扩大，关注云端产品放量.pdf,688256,寒武纪,寒武纪（688256）：2Q22亏损扩大，关注云端产品放量
赵晋,业绩简评营收，亏损扩大：4月27日寒武纪公告2022年一季度符合预期的营收及获利数字。营收6299万元，同比增长74%（同比增主要是因为云端产品增加），环比衰退87%，营收占Wind分析师预期6%，占我们预期7%；归母净损／扣非归母净损2.87亿/3.59亿，比去年同期2.06亿／223亿亏损扩大。同期毛利率改善，但研发比重提升：公司一季度毛利率56.6%，高于去年同期的44.1%，但环比下滑近11个点。营业费用同比大增主要系增加管理费用（9355万，增加因限制性股票按期分摊）及研发费用（2.79亿），但营业费用率从去年同期的771%，下降到今年一季度的643%。投资建议我们维持2022年8.8亿营收及9.05亿归母净损预测及“增持”评级，但评估二季度封控将对全年预测有些影响，我们下调目标价从88元到57元。风险提示估值偏高的风险，终端AI处理器IP业务减少的风险，智能计算集群系统事业的风险，同业竞争的风险，负向现金流的风险。,,国金证券,增持,[None],2022-04-28,,增持,4830350,pdf_downloads/2022/2022-04-28/688256-寒武纪（688256）：研发费用居高不下，短期亏损难降低.pdf,688256,寒武纪,寒武纪（688256）：研发费用居高不下，短期亏损难降低
"黄乐平,张皓怡",1Q22业绩略低于预期，关注后期新产品放量寒武纪发布1Q22业绩：营收6299.07万元（yoy：+74%，qoq：-87%），归母净利润-2.87亿元（亏幅同比扩大0.82亿元），略低于我们1Q业绩预览预期（-2.50亿元）。扣非归母净利润-3.59亿元（亏幅同比扩大1.36亿元）。1Q22营收实现同比大幅增长主要得益于云端产品线销售增加，但由于公司研发投入（2.79亿元，yoy+42.68%）及限制性股票按归属期分摊的股份支付费用较上年同期增加，导致公司亏损幅度扩大。我们维持2022/23/24年归母净利润-8.05/-6.62/-3.31亿元，参考可比公司Wind一致性预期9x 23PS，考虑到公司是国内稀缺的高性能计算芯片公司，给予20x 23PS，对应目标价83.7元，维持“买入”评级。1Q22：云端产品线拉动营收增长，毛利率属正常波动1Q22公司营收实现同比大幅增长主要得益于云端产品线销售增加，思元370自2021年11月推出之后开始逐步放量。从毛利率来看，1Q22综合毛利率56.58%（yoy：+12.46pct；qoq：-11.01pct），公司毛利率波动主要受到项目交付节奏以及产品结构变化影响：1Q21毛利率较低的边缘端智能芯片及加速卡销售大幅增加，4Q21毛利率水平更高的智能集群业务集中交付，而1Q22云端产品线支撑营收增长。考虑到疫情和产能紧张带来的供应链不确定性，公司主动加大备货，1Q22存货3.49亿元，较21年末增加0.62亿元。22展望：思元370竞争力大幅提升，看好云端业务恢复硬件方面公司持续推进两年一代的边缘侧产品迭代，云端将随着思元370的逐步放量而带来营收放量。同时我们看到2022年3月推出的MLU370-X8提供了两倍于标准思元370加速卡的内存、编解码资源，直接对标英伟达在售T4、A10等产品，产品竞争力大幅提升。软件方面，公司最新升级的统一基础软件平台Cambricon Neuware整合了训练和推理的全部底层软件栈，新增推理加速引擎MagicMind，软件栈全新升级有力地支撑公司构建云边端一体化的生态体系。场景方面，公司积极拓展智能驾驶领域，目前已经与一些传统车企展开战略合作，向适配L3+车型的大算力芯片看齐。目标价83.7元，维持“买入”评级公司边缘端产品已落地多家头部企业，出货量有望保持快速增长；新一代云端产品思元370竞争力大幅加强，有望在互联网及服务器客户中得到广泛应用。公司智能集群系统业务市占率较高，在手项目支撑全年增长，长期东数西算等政策或将对行业发展起到提速作用。我们预计2022/23/24年归母净利润分别为-8.05/-6.62/-3.31亿元，参考可比公司Wind一致预期9x 23PE，给予公司20x 23PE，对应目标价83.7元，维持“买入”评级。风险提示：行业竞争加剧；研发投入过高导致短期无法盈利。,,华泰证券,买入,[None],2022-04-28,,买入,4830444,pdf_downloads/2022/2022-04-28/688256-寒武纪（688256）：云端产品放量拉动营收增长.pdf,688256,寒武纪,寒武纪（688256）：云端产品放量拉动营收增长
赵晋,"寒武纪(688256)业绩简评寒武纪于4/15日公布符合预期的2021年营业收入7.21亿，同比增57%，归母净损8.25亿，比2020年净损4.35亿扩大近倍，扣非归母净损11.1亿，也比2020年扣分净损6.59亿扩大。评论公司2021年营收增长动能主要来自思元220边缘AI芯片及加速卡，其营收占比从2020年的5%，到2021年的24%，营收同比增加达741%，智能集群系统的40%同比增长也有相当的贡献，主要系成功中标昆山智能计算中心的项目（占寒武纪2021年营收62.5%）。但云端芯片，加速卡，整机训练业务于2021年小幅衰退，我们认为主要是因为7nm思元370芯片及MLU370-S4/X4/X8还未大量出货，仅小批量销售所致。公司综合毛利率为62.4%，小幅低于2020年的65.4%，主要系云端及边缘运算AI芯片及加速卡毛利率下滑从2020年的76.3%／49.0%,下滑到2021年的58.5%／41.3%，云端产品线毛利率下滑主要是因为训练整机比重增加，其中搭载服务器硬件，单位成本较高，毛利率较芯片及加速卡来得低。就季度而言，因四季度高毛利率的智能集群系统（70.6%）营收认列，所以四季度毛利率有明显回升到67.6%，高于三季度的47.1%，及2020年四季度的65.7%。为了持续投入研发推出新产品竞争及吸引员工，公司研发费用，及管理费用持续大幅增加，营业费用率从2020年的212%，增加到2021年的220%。研发费用增加是因为持续提升研发人员数量及平均薪资，增加IP，EDA工具采购的折旧摊销费用。管理费用增加系实施股权激励计划。投资建议我们预计公司22-24年净利润为-9.05/-8.58/-7.85亿元，给予公司未来6-12个月64元目标价位,256.5亿市值空间，相当于2024年15xPS，维持“增持”评级。风险提示估值偏高风险；终端AI处理器IP月减少的风险；智能计算集群系统事业的风险；同业竞争的风险；负向现金流的风险。",,国金证券,增持,[None],2022-04-18,,增持,4807721,pdf_downloads/2022/2022-04-18/688256-寒武纪（688256）：边缘运算芯片及智能集群系统加速迭代.pdf,688256,寒武纪,寒武纪（688256）：边缘运算芯片及智能集群系统加速迭代
"黄乐平,张皓怡",2021业绩符合预期，2022关注新产品放量寒武纪发布21年业绩：营收7.21亿元（yoy：+57%），归母净利润-8.25亿元（亏损扩大90%），处于预告-7.65～-9.35 亿元之间，符合预期。4Q21营收4.99亿元（yoy：+65%，qoq：+490%），归母净利润-1.96亿元（同比亏损扩大56%），4Q21营收增长主要来自集群业务收入确认。2021年公司亏损敞口扩大主要由于三费快速增长：1）研发费用为11.36亿元（yoy：+48%）；2）20/21年两次股权激励按归属期分摊股份支付费用2.1元（yoy：+1670%）。我们预计22/23/24E归母净利润-8.05/-6.62/-3.31亿元，参考可比公司Wind一致性预期8x 23E PS，考虑到公司是我国优秀的高性能计算芯片公司，给予20x 23E PS，下调目标价至83.7元（原值：131.95元），维持“买入”。21年业绩回顾：边缘产品实现突破性增长，智能集群再次中标大额项目21年公司边缘产品线营收1.75亿元，同比大幅增长741.1%。MLU220芯片及加速卡落地多家头部企业，成为公司第一款年度出货量近百万片的产品。云端产品线营收0.8亿元，同比略有下滑，主要由于2021年公司云端芯片处于更新换代时期，在2021年11月推出思元370的背景下，以思元270为主的传统产品全年贡献营收较少。公司2020年推出的思元290主要以训练整机形式出货，2021年营收0.4亿元，实现快速放量。此外，公司智能集群系统业务成功中标昆山智能计算中心项目，全年实现营收4.56元（yoy：+39.91%），在国内的市场占有率处在第一梯队。22业绩展望：思元370竞争力大幅提升，看好云端业务恢复云端产品方面，公司4Q21发布的推训一体思元370已在阿里云、百度、浪潮等客户完成测试、导入，目前已进入小批量销售环节。2022年3月推出的MLU370-X8提供了两倍于标准思元370加速卡的内存、编解码资源，直接对标英伟达在售T4、A10等产品，产品竞争力大幅提升。软件方面，公司最新升级的统一基础软件平台Cambricon Neuware整合了训练和推理的全部底层软件栈，新增推理加速引擎MagicMind，软件栈全新升级有力地支撑公司构建云边端一体化的生态体系。目标价83.7元，维持“买入”评级公司边缘端产品已落地多家头部企业，出货量有望保持快速增长；新一代云端产品思元370竞争力大幅加强，有望在互联网及服务器客户中得到广泛应用。由于国内新冠疫情反复，集群系统业务可能有所影响，但长期趋势不改。我们预计22/23/24E归母净利润-8.05/-6.62/-3.31亿元（原值：22/23E-9.42/-7.99亿元），参考可比公司Wind一致预期8x 23EPS，给予公司20x 23EPS，下调目标价至83.7元（原值：131.95元），维持“买入”。风险提示：行业竞争加剧；研发投入过高给业绩带来压力。,,华泰证券,买入,[None],2022-04-17,,买入,4807298,pdf_downloads/2022/2022-04-17/688256-寒武纪（688256）：业绩符合预期，边缘端产品快速放量.pdf,688256,寒武纪,寒武纪（688256）：业绩符合预期，边缘端产品快速放量
"郑弼禹,赵晋","业绩简评亏损难改善，库存风险提高：1月28日公司预告2021年营收6.7-7.5亿元，同比增长46.0-63.4%, 明显高于Wind 分析师预期的6.85亿营收（49% y/y）， 虽然营收高于预期但归母净亏损7.65-9.35亿元，公司预告亏损扩大76.1-115.2%，也明显高于Wind分析师预期的 7.84亿亏损。公司预告扣非亏损为10.2-12.4亿元，亏损同比扩大54.4-88.7%。边缘运算产品线出货高于预期：公司归因营收高于预期于16nm思元220边缘运算芯片及加速卡在多家头部AI企业实现落地及其智能集群系统较2020年的3.26亿营收有一定的增长，我们测算仍超过公司一半的营收。研发及管理费用高于预期：公司预计2021年研发费用为10.44－12.76亿元，同比增长35.9-66.1%，明显高于我们之前9.5亿元的预期，主要系积极引进优秀人才，研发人员薪酬增长所致。公司预计管理费用中的股份支付费用大增至1.98-2.42亿元，系因摊销2020年底及2021年实施的股权激励计划费用所致。投资建议由于边缘运算产品线出货高于预期及智能集群业务增长，我们上修2021年营收预测21个点到7.1亿元，同比增加55%。但由于费用高于预期，预计归母净亏损到8.56亿（增加17%），我们维持寒武纪“增持”评级及88元目标价，并调整2022年/2023年归母净亏损预测从6.6亿元/6.2亿元到7.2亿元（增加9%）/6.7亿元（增加8%）。风险提示估值偏高的风险，终端AI处理器IP业务减少的风险，智能计算集群系统事业的风险，同业竞争的风险，负向现金流的风险。",,国金证券,增持,[None],2022-02-04,,增持,4737911,pdf_downloads/2022/2022-02-04/688256-寒武纪（688256）：亏损难改善，费用高于预期.pdf,688256,寒武纪,寒武纪（688256）：亏损难改善，费用高于预期
"闫慧辰,黄乐平",2021业绩符合预期，2022关注新产品放量可能寒武纪发布业绩预告：全年营收6.7-7.5亿元（YoY:+46%～+63%），中位数高于我们预期（7.03亿元）1%，归母净利润-7.65～-9.35亿元（亏损扩大76%～115%），中位数高于我们预期（-9.27亿元）8%；扣非归母净利润-10.17～-12.43亿元（亏损扩大54～89%）。其中4Q21营收4.48～5.28亿元（YoY: +49～+75%），归母净利润-1.36～-3.06亿元（亏损扩大8%～145%），我们看好公司产品在云边场景需求放量，以及4Q21思元370产品在云端的部署，维持21/22/23 EPS-2.32/-2.36/-2.00元，参考可比公司23年12x PS，考虑到公司是少有在AI芯片能够直接对标英伟达等龙头的标的，给予35x 23E PS，下调目标价至131.95元（原值：158.33元），维持 “买入”。4Q21业绩回顾：现有产品保持健康增长，智能集群业务落地公司4Q21在售云端产品思元270、思元290和边缘产品思元220均有较好的成长。特别地，边缘产品思元220芯片及加速卡产品全年实现了规模化销售。另外公司中标了江苏昆山高新技术产业投资发展有限公司的智能计算中心基础设施建设项目，合同金额5.09亿元，贡献了4Q21最重要的收入来源。另外公司在4Q21发布了思元370新产品，成为2022年重要产品增量。公司也调整了人员薪酬，为长期稳定的研发队伍打下基础。4Q21公司CTO辞职，公司聘任陈煜先生、曾洪博先生为公司副总经理负责研发，业务过渡仍保持平稳。2022业绩展望：思元370产品正式出货，云端训练、汽车产品在路上4Q21发布的思元370产品凭借7nm制程和最新智能芯片架构MLUarch03，峰值算力可达256TOPS(INT8)，是前代可比产品思元270算力的2倍。同时，思元370芯片支持LPDDR5内存，高带宽且低功耗，可在板卡有限的功耗范围内给AI芯片分配更多能源，输出更高的算力，且是寒武纪首次采用Chiplet技术。根据公司官网新闻，思元370产品将于2022年正式商用，直接对标英伟达在售T4、A10等产品，可以满足互联网公司、服务器厂商需求。同时根据公司云端产品每两年左右迭代一次的经验，我们认为2022年新款云端产品有望发布，汽车产品也将持续研发，有望拉近和英伟达距离。下调目标价至131.95元，维持“买入”评级我们认为公司2022年思元370带动的云端产品商业化将会形成突破，同时在研产品的技术水平可能有进一步提升，维持盈利预测，参考可比公司2023年一致预期均值12x PS（上次报告估值17x 23E PS），给予2023年35xPS（溢价基于我们认为公司是国内少有在AI芯片等相关领域能够直接对标英伟达等全球龙头的），下调目标价至131.95元，维持“买入”评级。风险提示：行业竞争加剧；研发投入过高给业绩带来压力。,,华泰证券,买入,[None],2022-01-30,,买入,4737818,pdf_downloads/2022/2022-01-30/688256-寒武纪（688256）：边缘计算产品和集群业务贡献成长.pdf,688256,寒武纪,寒武纪（688256）：边缘计算产品和集群业务贡献成长
"闫慧辰,黄乐平",寒武纪(688256)寒武纪发布下一代新产品向英伟达发出挑战11 月 3 日寒武纪发布第三代云端 AI 芯片思元 370 和基于该芯片的两款加速卡 MLU370-S4、MLU370-X4；以及全新升级的 Neuware 软件栈。我们认为寒武纪在数据中心领域技术不断提升， 在模型推理和边缘计算场景里和英伟达在销产品形成可比竞争，正在不断拉近同全球头部企业距离，建议关注新产品商业落地。维持公司 2021/2022/2023 年 EPS 预期-2.32/-2.36/-2.00元。参考可比公司 2023 年一致预期均值 16.87 倍 PS 估值，给予 2023 年42 倍 PS 估值（溢价基于我们认为公司是国内少有在 AI 芯片等相关领域能够直接对标英伟达等全球龙头的） ，维持目标价 158.33 元及买入评级。硬件升级，同英伟达数据中心产品 A10/T4 直面竞争思元 370 采用了新的设计，并在供应链侧采用台积电 7nm 工艺和 Chiplet先进封装，应用领域包括数据中心和边缘计算，可用于 AI 推理和训练场景，覆盖任务包括图像识别、语音语义处理、传统机器学习等。思元 370 可以对标英伟达在销 T4 和 A10 产品。目前英伟达在数据中心领域针对大型模型训练（功耗 350W 以上）主要推出了 A100 芯片，针对一般场景（功耗 150W以下）推理训练主要产品为 A10、A30、A40（2020 年推出）和 T4（2018年推出）。思元 370 在和 A10 和 T4 的性能对比方面显示出了明显的竞争力，体现了公司在软硬件设计、7nm 流片和 Chiplet 封装领域较强研发能力。软件升级，对标 Cuda 性能差距逐渐缩小公司全新升级 Cambricon Neuware 软件栈， 新增推理加速引擎 MagicMind，支持跨框架的模型解析、自动后端代码生成及优化，支持训推一体，支持FP32、FP16 混合精度、BF16 和自适应精度训练。同时公司丰富了高性能算子库，覆盖视觉、语音、自然语言处理等典型应用。软件的升级显著提升了开发部署的效率，降低用户的学习成本、开发成本和运营成本。形成了同英伟达 CUDA 生态的竞争，差距逐渐缩小。新产品已经实现商业化测试，商业化进展有望超过前代思元 370 在 3Q20 流片，加速卡产品于 2Q21 送测客户。阿里云、百度、招商银行和浪潮信息&amp;中国移动等客户已完成测试、导入，产品进入早期销售阶段。我们认为，传统的产品已经在部分客户留下了较好口碑，而新产品对标英伟达在售产品，新产品的市场化拓展可能快于前几代产品。关注公司技术带动的市场成长，目标价 158.33 元，维持买入评级随着公司的产品范围逐步完备，性能逐渐优化，生态更加全面，公司的增长有望加速。我们维持公司目标价 158.33 元和买入评级。风险提示：行业竞争加剧，研发投入过高导致业绩难以短期转正,,华泰证券,买入,[None],2021-11-09,,买入,4667567,pdf_downloads/2021/2021-11-09/688256-寒武纪（688256）：新产品性能可比英伟达在售主流产品.pdf,688256,寒武纪,寒武纪（688256）：新产品性能可比英伟达在售主流产品
"郑弼禹,赵晋",业绩简评亏损难改善，库存风险提高：10月29日寒武纪公告2021年三季度营收8455万元，同比增加20%，环比衰退17%， 但归母净损从去年的1.08亿，上季度的1.86亿，扩大至历史新高的2.38亿，前三季度营收仅占Wind分析师全年预期的32个点，亏损却达到Wind全年预期近8成，主要归因于毛利率明显低于预期近10个点及管理／研发费用同比倍数增加所致。值得关注的是库存月数从上季度／去年同期的11.7／7.5个月，大幅增加到14.8个月(行业平均3-4个月)，虽然四季度营收动能可能增强，但提列未来库存损失风险也大幅增加。扭亏不易，静待新产品改善成本结构，注意现金流： Wind分析师预期公司2021年营收增长52%达6.98亿，亏损为7.9亿，我们认为今年营收同比增长三成都有难度，净损应该与市场预期类似。随着公司持续加大云边端产品线及软件开发平台的研发投入，我们认为寒武纪短期缩减扣除非经常性利益后的亏损并不容易，建议投资人静待新产品改善成本结构，并注意因持续亏损造成的现金流出，而驱使公司进行必要性的增资活动。投资建议我们下修2021年营收达4个点到5.85亿，同比增加27%，并预期公司未来两年营收将低于市场预期达20－30个点，我们维持寒武纪“增持”评级，目标价从118元调降到88元，并调整2021/2022/2023E每股亏损从1.23/0.99/0.74元 到1.83/1.66/1.56元。风险提示估值偏高的风险，终端AI处理器IP业务减少的风险，智能计算集群系统事业的风险，同业竞争的风险，现金流短缺的风险。,,国金证券,增持,[None],2021-10-31,,增持,4655912,pdf_downloads/2021/2021-10-31/688256-寒武纪（688256）：亏损难改善，库存风险提高.pdf,688256,寒武纪,寒武纪（688256）：亏损难改善，库存风险提高
"闫慧辰,黄乐平","1H21营收快速增长，维持盈利预测和目标价寒武纪发布2021年中报：营收1.38亿元，同比增长58.10%，归母净利-3.92亿元，同比亏损扩大（去年亏损2.02亿元）。其中2Q21营收1.02亿元，同比增长34.49%，归母净利-1.86亿元（2Q20为-0.94亿元）。我们认为公司收入高增长主因边缘智能芯片及加速卡的规模化应用与落地，亏损幅度增大主因公司扩大“云边端”产品线布局，加大研发投入。我们维持公司2021/22/23年EPS为-2.32/-2.36/-2.00元，目标价158.33元，对应2023年42x PS，维持“买入”评级。边缘产品线高增长、加速场景落地、建立汽车能力成为业务亮点1H21公司边缘产品线收入8,374万元，同比增长739.52%，体现了思元220产品在多家头部应用公司的规模出货，面向车路协同、电力等行业智能化场景实现突破。云端产品线（包括训练整机和云端智能芯片及加速卡）收入4481万元，同比下降27.98%，但业务场景更加丰富，除了金融行业OCR外，还在语音处理、NLP、智慧畜牧等应用实现突破，其中4Q20推出的思元290和玄思1000加速器实现了2604万元收入，超过思元270（2019年推出）和思元100（2018年推出）成为云端市场的主力产品，体现了公司产品迭代的市场正反馈。另外子公司行歌科技进入车载智能芯片市场，实现“云边端车”产品的全面布局，向英伟达等全球头部企业看齐。云端业务下滑、智能计算集群的不确定性和人员流动受到投资人关注公司云端产品商业化丰富的同时，毛利率同比下滑13pct，训练整机的毛利率低于芯片和加速卡，进一步拉低毛利润水平，毛利润下滑46.69%。我们认为公司在新商业案例市场的毛利率波动属于正常现象。另外智能集群业务同去年类似仍然没有确认规模项目，因此全年业务的成长性受到关注。另外公司2020年末硕士以上人员规模达到838人，1H21末下降为777人，人员的增速受到关注。维持“买入”评级及目标价158.33元我们认为公司生态建设日益完善，形成立体式应用场景布局，加速技术场景落地有望进一步巩固竞争力，国内少有在相关领域能够直接对标英伟达等全球龙头的。我们维持公司2021/22/23收入预测7.03/10.31/15.08亿元，给予目标价至158.33元，对应2023年42X PS，维持“买入”评级。风险提示：行业竞争加剧；研发投入过高对业绩造成影响。",,华泰证券,买入,[None],2021-08-13,,买入,4587007,pdf_downloads/2021/2021-08-13/688256-寒武纪（688256）：边缘产品线引领公司业务成长.pdf,688256,寒武纪,寒武纪（688256）：边缘产品线引领公司业务成长
何立中,上半年营收增长58.10%，边缘端产品增长亮眼2021年上半年公司收入1.38亿元同比增长58.10%，归属于上市公司股东的净亏损为3.92亿元，上年同期亏损2.02亿元。其中，边缘智能芯片及加速卡成为营收主力，收入8374.38万元，占比60.74%，同比增长739.52%；新产品训练整机首次贡献收入2603.54万元，占比18.88%。国内“芯二代”（第二代芯片公司）代表一是不同于在国际巨头的框架下、重复别人的芯片设计工作的传统芯片公司，寒武纪是在自己的理论框架下，从事的是开创性的芯片设计工作。创始人发表的核心论文是寒武纪设计芯片的理论基础。二是一代芯片是Pin-Pin替代，只有成本优势。以寒武纪为代表的第二代芯片设计公司开始自主底层架构创新，向解决方案、生态系统方向拓展。研发投入强度高，新产品新专利持续推出公司进一步推进“云边端”产业布局，加大研发投入力度，研发投入较上年同期增加13812.87万元，占营业收入比例达301.38%；加强人才引进力度，激励人才所支付的股份支付费用较上年同期增加7685.62万元。截至今年年中，公司累计申请的专利为2291项，公司累计已获授权的专利为453项。寒武纪作为国内外在智能芯片架构研发中积累最深厚的企业之一，上半年自主研发了第四代智能处理器微架构（MLUarch03）和第四代商用智能处理器指令集（MLUv03）。投资建议预计公司2021~2023收入分别为743/1134/1305百万元，同比增长61.9%/52.6%%/15.1%，净利润分别为-455/-304/-86百万元。20210812收盘价对应今年的PE为-590.8倍。考虑到公司一直从事人工智能芯片产品的研发与技术创新，是目前国际上少数几家全面系统掌握了智能芯片及其基础系统软件研发和产品化核心技术的企业，在后续有望继续实现技术突破，实现盈利，给予“增持”评级。风险提示研发落地不及预期，客户集中度高。,,首创证券,增持,[None],2021-08-12,,增持,4589071,pdf_downloads/2021/2021-08-12/688256-寒武纪（688256）：研发费用率超300%，训练整机开始贡献收入.pdf,688256,寒武纪,寒武纪（688256）：研发费用率超300%，训练整机开始贡献收入
"赵晋,郑弼禹",业绩简评	边缘AI进展大，短期亏损难改善：8月11日寒武纪公告2021年二季度营收1.02亿，同比增加34%，但归母净亏损从去年的9350万扩大至1.86亿，上半年营收仅占Wind分析师全年预期的19个点，占我们保守预期的23个点，亏损却超过Wind及我们全年预期的50%，主要归因于毛利率明显低于预期超过10个点及管理费用同比大幅增加所致。值得关注的是思元220AI芯片及加速卡营收达8374万，同比增长近8倍。	市场仍有下修空间：Wind分析师预期公司2021年营收增长60%达7.3亿，亏损为5亿，我们认为今年营收同比增长30%都有难度，亏损应会持续扩大，主要系：1.横琴新区智能集群系统订单较过去两年扩大不易；2.云端AI芯片思元290及加速卡来自NvidiaA100／V100的竞争；3.高毛利率云端AI芯片及加速卡营收比重明显比预期低。	短期扭亏不易：随着公司持续加大云边端产品线及软件开发平台的研发投入，我们认为寒武纪短期缩减扣除非经常性利益后的亏损并不容易。	投资建议	我们下修2021年营收达4%，并预期公司未来两年营收将低于市场预期达15-20个点，我们维持寒武纪“增持”评级，目标价从136元调降到118元，并调整2021年/2022年每股亏损从1.13元/0.98元到1.23元/0.99元。	风险提示	估值偏高的风险，终端AI处理器IP业务减少的风险，智能计算集群系统事业的风险，同业竞争的风险，现金流短缺的风险。,,国金证券,增持,[None],2021-08-11,,增持,4585220,pdf_downloads/2021/2021-08-11/688256-寒武纪（688256）：边缘AI进展大，短期亏损难改善.pdf,688256,寒武纪,寒武纪（688256）：边缘AI进展大，短期亏损难改善
黄乐平,"寒武纪(688256)进入车载智能芯片领域，补充现有应用场景短板根据2021年6月22日公司公告，年内新成立的全资子公司行歌科技注册资本拟由0.3亿元增至2.0亿元，并引入四个员工持股平台作为投资者。完成后，寒武纪将持有行歌科技60%股权，员工股权激励持股平台共持有行歌科技40%股权。行歌科技未来将发展车载智能芯片。我们认为寒武纪依靠此次布局进入此前未涉猎汽车市场，补全了产品在应用场景的短板，向英伟达等全球头部企业看齐。预计公司21-23年EPS为-2.32/-2.36/-2.00元，目标价为158.33元，给予“买入”评级。汽车有望成为未来移动数据中心，带动单车算力不断提升我们在2021年6月17日发布的《电子2030：从智能手机到智能汽车》中指出，看好智能汽车新赛道，认为类似于过去十年的手机赛道，到2031年全球汽车电子市场规模增速将达到12%。为实现L4级别以上的自动驾驶，新能源汽车硬件配置升级迅速，车用计算芯片的算力将不断升级。我们预测至2030年，单车半导体价值量有望升至2030年的1,213美元，是2020年的2.5倍。我们看好未来汽车的形态将逐步趋近于移动的“数据中心”，单车算力及数据处理能力有望大幅提升，看好车用AISoC的成长机会。行歌科技依托母公司经验，有望成为汽车领域重要竞争者行歌科技目前尚未取得专利授权，但已初步组建团队，部分关键研发人员已到岗。根据公告，公司产品计划集成自研车用智能处理器、车用CPU核(多为ARM公司授权)等车用计算核心、各类车用外设接口。我们认为行歌科技依托寒武纪在AI芯片方面的经验，有望快速推动车载智能芯片的产业化。其中，智能汽车视觉同现有产品线相关度较高；而公司在传感器数据收集处理和智能驾驶的规划和控制等汽车场景相关技术需要进一步研发。公司通过增资形式同时具有激励员工、分担风险的意义。端边云能力延伸至汽车场景提升可触达市场，上调目标价至158.33元寒武纪此前已覆盖端边云全场景，但没有进入汽车领域。我们认为作为新型智算中心的趋势下，公司的汽车布局时点恰到好处。短期由于研发加大公司的亏损可能加剧，但是长期向英伟达等头部企业追赶的趋势更加明确。我们认为业务经过两年的投入将会开始产生营收，由于研发投入导致利润贡献可能更加长期，同时少数股东权益将会短期亏损。我们下调公司21-23年归母净利润从-8.80/-8.85/-7.47亿元至-9.27/-9.42/-7.99亿元。我们采用PS估值，以此前对寒武纪的估值框架为参考，认为公司的营收增速可能提升，将目标价从145.76元上调至158.33元，从2023年40XPS提升至42XPS。风险提示：汽车芯片投入超预期；竞争对手竞争过于激烈。",,华泰证券,买入,[None],2021-06-24,,买入,4541693,pdf_downloads/2021/2021-06-24/688256-寒武纪（688256）：增资行歌科技进入车载智能芯片领域.pdf,688256,寒武纪,寒武纪（688256）：增资行歌科技进入车载智能芯片领域
黄乐平,我们首次覆盖寒武纪，给予“买入”评级，目标价145.76元我们认为未来十年AI在数据中心和边缘计算场景将大范围落地，而AI芯片国产化也成为重要行业主题。寒武纪作为我国AI芯片的先行者，产品已经基本成型，销售方面也已实现了大量覆盖。在新基建助力下，我们看好公司训练品追赶头部企业的趋势，技术实力将在上市后加速提升，长期的研发可能导致亏损的持续，我们预计21-23年归母净利润为-8.80/-8.85/-7.47亿元。我们认为公司产品追赶头部企业的趋势将长期存在，而市场侧将实现从边缘到云的逐步突破，预计21-23年EPS为-2.20/-2.21/-1.87元，给予公司145.76元目标价，对应2023年40x PS，给予“买入”评级。产品线逐渐完备，未来有望成为国内人才规模领先的芯片设计公司寒武纪专注于AI芯片产品的开发业务且处于快速发展中。通过技术人员的多年积累和快速研发，已经实现了云边端产品的全面布局。公司2020年成功突破云端训练芯片技术难点，实现了思元290芯片的出货，并统一了云边端的指令集基础。另外公司也是国内少数掌握7nm先进工艺关键技术的芯片设计公司，同台积电的合作保持紧密。我们认为未来公司仍将不断推出新产品，逐渐收窄和头部企业的技术差距。公司研发投入将保持强劲，支撑产品和生态的建设，成为国内人才规模领先的芯片设计公司。客户覆盖不断起量，头部客户的新产品导入顺利寒武纪的产品作为国产化的重要补充，在国内市场的稀缺度较高。公司客户覆盖已经包括大量头部服务器厂商、云计算客户，辐射政府、金融、交通、能源等主要应用领域。新产品推出后可以顺利进入客户选型，市场端竞争压力较小。我们认为公司产品一旦实现技术突破，市场侧的突破将十分轻松。过去几年，寒武纪不断加强了自身的销售能力，销售队伍规模也在不断提升，未来我们认为公司将沿着产品升级-销售扩张-扭亏为盈的趋势发展。买入”评级，基于PS估值法给予目标价145.76元市场对寒武纪观点存在分歧，部分认为公司技术水平同全球龙头差距较大，难以实现超越；部分过分关注其终端IP业务由于单客户变动产生的下滑。我们认为AI机会集中在云端和边缘，边缘市场将成为公司最先突破的商业机会，而云端市场受益于新基建政策等推动，在地方性云平台和部分企业云平台中将会更快起量，为产品升级迭代创造机会。根据可比公司Wind一致性预测显示，21-23年可比公司平均PS值为27.32/19.52/15.03。公司虽然目前盈利能力不足，但我们看好芯片产品在未来对业绩的贡献，在平均值基础上给予一定估值溢价，给予2023年40x PS，对应目标价145.76元。风险提示：项目研发可能导致费用超预期。,,华泰证券,买入,[None],2021-06-21,,买入,4535797,pdf_downloads/2021/2021-06-21/688256-寒武纪（688256）：中国AI芯片的先行者.pdf,688256,寒武纪,寒武纪（688256）：中国AI芯片的先行者
"赵晋,郑弼禹",业绩简评短期亏损扩大，市场预期过于乐观：4月27日寒武纪公告2021年一季度营收3613万，同比增加213%， 但归母净亏损从去年的1.1亿扩大至2.1亿，营收仅占Wind分析师全年预期的4个点，亏损却超过Wind全年预期的50%，主要归因于研发及管理费用（增加股票激励）同比大幅增加所致。市场可能过于乐观：根据Wind分析师预期公司2021年营收增长93%达8.88亿，亏损为3.85亿，我们初步认为公司达成今年营收预期及减少亏损有难度，主要系：1. 横琴新区智能集群系统订单较过去两年扩大不易；2. 云端AI芯片思元290及加速卡来自Nvidia A100及有1000亿个晶体管IntelPonte Vecchio GPU的竞争；3. 加大研发力道追赶导致研发费用增加。费用增加短期扭亏不易：随着公司持续加大云边端产品线及软件开发平台的研发投入，研发费用较去年有较大幅度的增加，我们维持之前对寒武纪的看法，短期扭亏为盈不容易，自由现金流持续恶化。投资建议我们下修2021年营收达25%，下修4年营收CAGR从50%到44%，并预期公司未来两年营收将低于市场预期达30%，我们调降寒武纪评级到增持，调降目标价从150元到136元，并调整2021/2022E每股亏损从0.95元/0.66元 到1.13元/0.98元。风险提示估值偏高的风险，终端AI处理器IP业务减少的风险，智能计算集群系统事业的风险，同业竞争的风险，现金流短缺的风险。,,国金证券,增持,[None],2021-04-27,下调评级,增持,4498614,pdf_downloads/2021/2021-04-27/688256-寒武纪（688256）：短期亏损扩大，市场过于乐观.pdf,688256,寒武纪,寒武纪（688256）：短期亏损扩大，市场过于乐观
"赵晋,郑弼禹",亏损幅度好于市场预期：寒武纪公告2020年度业绩归母亏损3.5-5.2亿元，其中位数4.35亿亏损低于Wind 预期的5.4亿，也低于我们预期的5.1亿亏损， 我们归因其归母亏损金额低于市场预期为政府补助，闲置资金理财收益，及股份支付金额。疫情影响营收低于预期：疫情影响客户导入新产品，寒武纪2020年营收较2019年仅小幅增长，低于市场预期的35%同比增长，也低于我们预期的37%同比增长，这可能让Wind 预期2021年的8.68亿营收及我们预估的8.3亿营收达成更有难度。费用增加短期扭亏不易：随着公司持续加大云边端产品线及软件开发平台的研发投入，研发费用较去年有较大幅度的增加。此外，公司扩充销售服务团队，人员规模的增加导致公司整体人员成本和办公场地等投入有较大幅度的增加的情况下，我们维持之前对寒武纪的看法，短期扭亏为盈不容易。投资建议虽然今年营收目标达成有难度，但在高毛利云及边缘运算端AI芯片新产品加持下，寒武纪未来五年营收将大幅增长CAGR超过50%，2023年扭亏转盈，维持“买入”评级。风险提示估值偏高的风险，终端AI处理器IP业务减少的风险，智能计算集群系统事业的风险，同业竞争的风险，现金流短缺的风险，进入实体清单的风险。,,国金证券,买入,[None],2021-01-28,,买入,4429716,pdf_downloads/2021/2021-01-28/688256-寒武纪（688256）：疫情影响营收，短期扭亏不易.pdf,688256,寒武纪,寒武纪（688256）：疫情影响营收，短期扭亏不易
"赵晋,郑弼禹",寒武纪(688256)业绩简评三季度营收同比大幅增长，但仍需努力达到市场全年预期：因三季度7033万营收同比增长达4.8倍，寒武纪公布前三季度营收1.575亿，同比虽增长43%，但仅达到年度预测6-9亿低标的26%。三季度毛利率49%，研发费用占营收比222%，及营业亏损率153%明显比我们全年预期的69%毛利率，研发费用占比的82%，及营业亏损率的89%来得差，我们归因于AI集群系统营收跟去年一样都集中于四季度认列。因三季度毛利率明显比平均差，我们判断其营收组成以AI集群系统为主。3.1亿净损符合预期：寒武纪公布前三季归母净损3.1亿，符合我们及Wind对全年净损5.1/5.7亿的预期投资建议虽然今年营收目标达成有难度，但在高毛利云及边缘运算端AI芯片新产品加持下，寒武纪未来五年营收将大幅增长CAGR超过50%，2023年扭亏转盈，维持“买入”评级。风险提示估值偏高的风险，终端AI处理器IP业务减少的风险，智能计算集群系统事业的风险，同业竞争的风险，现金流短缺的风险，进入实体清单的风险。,,国金证券,买入,[None],2020-10-29,,买入,4362273,pdf_downloads/2020/2020-10-29/688256-寒武纪（688256）：短期营收及毛利率达成有风险.pdf,688256,寒武纪,寒武纪（688256）：短期营收及毛利率达成有风险
"何柄谕,杨亚宇,闻学臣",关注点 1：业务和商业模式。 2019 年，公司主要收入为智能计算集群系统业务、云端智能芯片及加速卡业务和终端智能处理器 IP 业务。 2019 年 11 月推出了边缘智能芯片思元 220 及相应的 M.2 加速卡，完成了“云-边-端”场景全覆盖。公司经营模式为 Fabless，专注于智能芯片的设计和销售，将晶圆制造、封装测试等其余环节委托给其他厂商代工完成。关注点 2：产业链。 市场分析、规格分析、芯片设计、硬件方案设计、 EDA验证、后端设计、样片测试、可靠性测试、量产销售等核心流程均由公司主导完成，芯片流片、封装测试、量产等其余环节则由外协供应商代工完成。公司主要客户为芯片设计厂商、服务器厂商及有数据中心建设需求的地方政府。2017 年至 2019 年，公司向前五名客户的销售收入占比分别为 100.00%、99.95%和 95.44%，下游客户集中度高。关注点 3：行业概况。1) 从产业端看，随着云计算、物联网、 5G 通信、人工智能等新技术的不断成熟，消费电子、视频处理、汽车电子等下游市场的产业升级带动了芯片行业的增长。2) 从政策端看，近年来，国家和各级地方政府不断通过产业政策、税收优惠政策、成立产业基金等方式支持人工智能和集成电路产业发展。我们认为，人工智能和集成电路产业已成为国家战略性产业。3) 根据 Tractica 的研究报告，全球人工智能芯片的市场规模将由 2018 年的 51 亿美元增长到 2025 年的 726 亿美元，年均复合增长率将达到 46%，行业增长迅速。关注点 4：竞争对手和公司竞争优势。 根据 Compass Intelligence 的数据，全球人工智能芯片榜单中前三名依序为英伟达(Nvidia)、英特尔(Intel)以及恩智浦(NXP)，中国大陆地区华为海思位列第 12 名，寒武纪位列第 23 名，地平线位列第 24 名。与竞争对手相比：1) 寒武纪背靠中科院，公司董事长陈天石博士在人工智能和处理器芯片等相关领域从事基础科研工作十余年， 创业团队技术实力强劲。2) 2016 年成立之后，公司推出全球首款商用终端智能处理器 IP 产品寒武纪 1A，并应用于华为的旗舰手机， 产品性能得到高端客户认可。3) 公司是国际上最早开展智能处理器指令集研发的少数几家企业之一，自主研发了三代商用智能处理器指令集和三代智能处理器微架构， 国产化程度高。4) 2017-2019 年， 研发支出占营业收入的比例均超过 100%，远超 A 股同行业其他上市公司。 高研发投入进一步巩固了公司的行业地位。盈利预测与投资建议。 我们认为，寒武纪是国内最早从事 AI 智能芯片及其基础系统软件研发和产品化企业之一，先发优势明显，技术实力强劲，产品位居为国内第一梯队，具有一定稀缺性。 我们预计，公司 2020-2022 年收入分别为 5.40 亿元、 6.51 亿元、 8.12 亿元，对应 PS 分别为 124 倍、 102 倍、82 倍。首次覆盖， 给与“增持” 评级。风险提示事件： IP 授权业务客户拓展的风险、行业竞争加剧的风险、云端智能芯片及加速卡业务客户过于集中的风险、客户集中度较高的风险。,,中泰证券,增持,[None],2020-09-17,,增持,4337391,pdf_downloads/2020/2020-09-17/688256-寒武纪（688256）：国内AI芯片领先者.pdf,688256,寒武纪,寒武纪（688256）：国内AI芯片领先者
"赵晋,郑弼禹","事件点评公司发布 2020 年半年报，实现营业收入 8720 万元，同比下降 11%；实现归母净利润-2.0 亿元，去年同期亏损 3.1 亿元。经营分析期待智能集群系统营收贡献： 寒武纪公布上半年营收 8720 万， 同比衰退11%，仅达到年度预测 6-9 亿低标的 15%, 但略高于公司之前对上半年的预期。 其中终端 AI 处理器 IP，远端 AI 芯片及加速卡皆符合预期，但边缘运算思源 220 芯片/加速卡及基础系统软件皆明显优于预期。 智能计算集群系统于上半年仅贡献不到一百万，虽然符合公司预期但全年要超过去年的 2.96亿营收， 寒武纪必须在下半年扩增在手采购案才能达标。上半年毛利率 78%，研发费用占营收比 318%，及营业亏损率 231%明显高于我们全年预期的 69%毛利率， 研发费用占比的 82%，及营业亏损率的89%， 我们归因于毛利率较低的 AI 集群系统营收延迟到下半年集中确认。2 亿净损符合预期： 寒武纪公布上半年归母净损 2 亿，符合我们及 Wind 对全年净损 5.1/5.2 亿的预期。投资建议在高毛利云及边缘运算端 AI 芯片新产品加持下，寒武纪未来五年营收将大幅增长 CAGR 超过 50%， 2023 年扭亏转盈， 维持“买入”评级。风险提示估值偏高的风险， 终端 AI 处理器 IP 业务减少的风险，智能计算集群系统事业的风险，同业竞争的风险，现金流短缺的风险，进入实体清单的风险。",,国金证券,买入,[None],2020-08-28,,买入,4320865,pdf_downloads/2020/2020-08-28/688256-寒武纪（688256）：期待下半年智能集群系统营收贡献.pdf,688256,寒武纪,寒武纪（688256）：期待下半年智能集群系统营收贡献
"叶盛,王健辉,陈晓博","摘要寒武纪成立于2016年，公司创始人陈天石是国内顶尖的人工智能专家，公司整体技术能力强，是目前国际上少数几家全面系统掌握了智能芯片及其基础系统软件研发和产品化核心技术的企业之一。公司核心产品收入持续增长1、公司IP授权曾与华为海思合作公司终端智能处理器产品主要以IP授权形式应用于智能终端设备中。公司于2018年向华为海思逐步交付了终端智能处理器IP。目前，公司已经和华为海思终止了IP授权合作。未来公司需要寻找新的大客户来增加收入。2、公司云端智能芯片已经出货公司云端智能芯片主要是实体芯片或加速卡的形式。公司研发的思元100和思元270都已实现了规模化量产出货。2018年和2019年，公司云端智能芯片及加速卡实现规模化出货，销售收入7,888.24万元，占主营业务收入的比重为17.77%。3、公司智能计算集群系统成为主要收入公司以自有的思元270和思元100芯片加速卡产品为核心，为客户提供智能计算集群系统方案设计、系统集成及相关技术服务。2019年，公司实现销售收入29,618.15万元，占主营业务收入的比重为66.72%。公司盈利预测及投资评级：公司近三年营业收入增长快速增长，2019年收入达到了4.4亿元。整体来看，公司收入体量较小，仍然处于早期阶段，未来不确定性较大。如果公司产品能够顺利放量的话，我们预计公司未来将稳步增长，2020年到2022年收入分别为4.7、6和7.9亿，归母净利润分别为-11.8亿元、-6.8亿元和-4.7亿元。首次覆盖，给予“推荐”评级。风险提示：下游需求不及预期，市场竞争加剧。",,东兴证券,推荐,[None],2020-07-24,,增持,4291014,pdf_downloads/2020/2020-07-24/688256-寒武纪（688256）：国内AI芯片龙头.pdf,688256,寒武纪,寒武纪（688256）：国内AI芯片龙头
"孙远峰,张大印","国内人工智能独角兽企业公司主要从事各种型号的人工智能芯片的开发业务， 公司的产品广泛应用于消费电子、数据中心、云计算等场景。 2019 年 6 月，公司入选《福布斯》杂志中文版颁布的“ 2019 福布斯中国最具创新力企业榜”。公司通过其领先的技术研发水平，先后研发了终端智能处理器 IP、云端智能芯片及加速卡、边缘端智能芯片及加速卡，快速全面的覆盖了人工智能芯片的几个板块，并具有和国际行业龙头企业英伟达、华为海思、 ARM 同等竞争力。公司产品本身具有较强迭代升级性，本次募投项目研发成功后， 将形成规模生产能力，公司有望进入高速增长期。集成电路和人工智能产业处于快速增长期，公司上市恰逢其时由于 5G 和人工智能的带动发展， 2019 年中国集成电路产业销售额为 7,562.3 亿元， 同比增长 15.8%。 作为集成电路的基础与核心， IC 设计产业近年来需求强势增长， 根据中国半导体协会数据统计， IC 设计产业产值从 2008 年的 235 亿元飞速跃升至 2018 年的 2,519 亿元，年均复合增长率（ CAGR）高达26.77%。 由于国内多项产业政策如“中国制造 2025”、“数字中国”等的推出， 加速推动了中国产业的智能化转型。根据Tractica 数据，人工智能芯片的市场规模将由 2018 年的 51亿美元增长到 2025 年的 726 亿美元，年均复合增长率将达到46.14%。 公司作为国内 AI 芯片设计最知名企业之一，于科创板上市正当其时，有望借助资本市场力量快速实现从科技成果到商业盈利的华丽转身。未来市场需求扩大，公司或成行业龙头基于人工智能的“推理”和“训练”任务，在终端和云端服务器应用频率越来越高，从而催生了更大的智能芯片产品的市场需求。终端智能场景的多元化发展，也引起了边缘端智能芯片市场的扩张。 公司目前完全具备了高效的芯片和软件开发流程，可根据市场变化进行自身产品调整，拓展公司产品品类和应用场景。公司已经是国内 AI 芯片行业的领跑者，未来上市后，研发投入将进一步加强，同时客户拓展也将更为顺利，有望成为人工智能芯片行业龙头。预计 2020 年收入实现增长， 利润处于亏损中在公司公告的《 首次公开发行股票并在科创板上市申请文件的第二轮审核问询函之回复报告》中披露， 2020 年，公司主营业务收入预计约为 6 亿元至 9 亿元，同比增长 35.15%至 102.73%；归属于母公司所有者的净利润预计为-6.5 亿元至-4 亿元，扣除非经常性损益后归属于母公司所有者的净利润预计为-8 亿元至-6 亿元风险提示宏观经济下行风险， 人工智能行业发展不及预期风险， 公司可能持续亏损的风险， 疫情持续导致供应商出货不及预期的风险。",,华西证券,,[None],2020-07-20,,,4287558,pdf_downloads/2020/2020-07-20/688256-寒武纪（688256）：AI芯片国内龙头，高研发投入前景可期.pdf,688256,寒武纪,寒武纪（688256）：AI芯片国内龙头，高研发投入前景可期
"何立中,唐泓翼,欧阳仕华,王学恒",寒武纪(688256)国内“芯二代”（第二代芯片公司）代表首先，不同于在国际巨头的框架下、重复别人的芯片设计工作的传统芯片公司，寒武纪是在自己的理论框架下，从事的是开创性的芯片设计工作。创始人发表的核心论文是寒武纪设计芯片的理论基础。其次，一代芯片是Pin-Pin替代，只有成本优势。以寒武纪为代表的第二代芯片设计公司开始自主底层架构创新，向解决方案、生态系统方向拓展。最后，不同于已经上市的第一代芯片公司，寒武纪赶上了国内资本市场大发展时代，引领“芯二代”的先锋，将是资本市场的焦点。从芯片到系统，主业变迁体现“芯二代”的价值寒武纪以Fabless模式供应IP、芯片，以及基于芯片的加速卡、智能计算集群系统，所有产品的功能是提升系统的速度，也就是“加速”。其中，智能计算集群系统最接近用户，是与“芯一代”的最大区别。2017~2018年IP收入贡献接近100%的收入。到2019年智能计算集群系统已经贡献67%的收入，而IP只贡献15.5%的收入。从收入结构看，公司已意识到“芯二代”的重要性，这也是寒武纪的价值所在。有望在人工智能芯片领域，率先实现半导体国产化并领先全球人工智能芯片的市场规模将由2019年的110亿美元增长到2025年的726亿美元，年均复合增长率将达到37%，人工智能芯片是未来半导体市场最大的增长点。算法，是人工智能芯片与传统芯片的最大区别。寒武纪在智能处理器IP的算法处于国际先进水平，凭借先发优势和国内市场规模优势，有望在人工智能芯片领域领先全球，实现国产化。首次覆盖，给予“买入”评级预测2020-2022年公司营收分别为6.87/10.34/15.15亿元，增速分别为55.01%/50.31%/46.71%；归母净利润为-4.11/-2.73/0.27亿元，增速（不适用）；每股收益-0.21/-0.11/0.01元，首次覆盖给予买入评级。风险提示第一，与华为海思等大客户可持续合作风险。第二，思元290等新业务不及预期风险第三，IPO解禁后小股东出售风险。,,国信证券,买入,[None],2020-07-20,,买入,4287278,pdf_downloads/2020/2020-07-20/688256-寒武纪（688256）：是“芯二代”，也是人民的希望.pdf,688256,寒武纪,寒武纪（688256）：是“芯二代”，也是人民的希望
"佘凌星,刘高畅,郑震湘","技术立业，打造云、边、端一体化智能芯片设计平台。 寒武纪成立于 2016年，为新生代 AI 芯片设计龙头厂商， 公司致力于人工智能芯片的研发与技术创新， 通过终端智能处理器 IP、云端智能芯片及加速卡、边缘智能芯片及加速卡等产品实现对“云、边、端”三大人工智能应用场景全覆盖，公司是人工智能芯片设计初创企业中，少数已实现成功流片且规模化应用的公司之一。公司营收增长迅猛，研发投入维持高位。 2019 年， 公司实现营收 4,44 亿元， 云端智能芯片及加速卡实现规模化出货， 智能计算集群系统业务客户拓展顺利，支撑公司营收同比大幅增长 279.35%；综合毛利率为 68.19%，高于行业平均水平；研发费用同比增加 126.17%达到 5.43 亿元，以保持公司技术前瞻性、领先性和核心竞争优势。人工智能将成为下一个时代的主旋律，公司有望受益行业发展迅速成长。得益于大数据产业发展、深度学习算法革新和硬件技术的提升，人工智能技术正加快向各行各业各领域的渗透，拥有广阔的发展前景。据 IHS Markit数据， 2025 年 AI 应用市场规模将从 2019 年的 428 亿美元激增到 1289亿美元。受益大数据产业驱动，云端智能芯片将迎来百亿级市场规模。 大数据时代，数据中心、超级数据中心的建设速度不断加快，对于计算加速硬件的需求不断上升，据 IDC 统计， 云端推理和训练所产生的云端智能芯片市场需求，将从 2017 年的 26 亿美元增长到 2022 年的 136 亿美元，年均复合增长率达 39.22%。 寒武纪思元 100 和思元 270 已实现了规模化量产和出货，下一代面向云端训练及推理的思元 290 智能芯片顺利推进，目前已处于内部样品测试阶段，预计 2021 年形成规模化收入。边缘计算需求的带动边缘智能芯片市场持续扩张，边缘智能芯片有望成为公司未来发力点。 根据 Gartner 预测，未来物联网将约有 10%的数据需要在网络边缘进行存储和分析，以此推算 2020 年全球边缘计算的市场需求将达到 411.40 亿美元。根据 ABI Research 预计，边缘智能芯片市场规模2024 年将达到 76 亿美元。 目前公司的思元 220 芯片产品及相应的 M.2 加速卡已获取部分客户订单、签订销售合同， 2020 年内有望实现放量。募投进一步加码云端、边缘端智能芯片， 提升公司核心竞争力和市场份额。此次上市募集资金投资项目均围绕公司主营业务及核心技术展开，云端智能芯片的升级换代将有利于公司更好地为云计算时代提供高性能、高安全的服务器加速芯片及平台产品；边缘芯片的研发项目将完善公司云边端一体化的发展战略，弥补市场上边缘加速方案的空白，为公司储备新的业务增长点。风险提示： 客户开拓不及预期的风险、市场竞争加剧风险、 持续亏损风险",,国盛证券,,[None],2020-07-17,,,4286295,pdf_downloads/2020/2020-07-17/688256-寒武纪（688256）：全球AI芯片设计领域先行者.pdf,688256,寒武纪,寒武纪（688256）：全球AI芯片设计领域先行者
贺茂飞,报告要点：云、边、端全面布局的AI芯片独角兽寒武纪是具备深厚积累的AI芯片独角兽。公司坐拥中科院计算所的强大背景，依托主营产品终端智能处理器IP、云端智能芯片及加速卡、边缘智能芯片及加速卡以及智能计算集群系统，实现了端、边、云的全面布局，是少数几家全面系统掌握通用型智能芯片及其基础系统软件研发和产品化核心技术的企业之一。未来，在自身高研发的加持下，公司技术实力和市场竞争力有望实现新的突破。前景广阔的AI芯片是公司发展的驱动力公司的AI芯片及相关产品服务的业绩将广泛受益于下游应用场景的发展。终端智能处理器IP、云端智能芯片及加速卡的市场需求将随下游消费电子、物联网、智能驾驶以及5G等的发展实现持续增长；边端智能芯片及加速卡也在紧密布局中，未来有望成为营收重要组成；在智能计算集群系统方面，公司未来有望接到多个先进智能计算平台的加速卡及软件系统的产品采购订单，从而保障公司业绩的稳定增长。公司作为AI芯片新锐有望实现破局寒武纪的市场认可度与生态建设尚处建设初期，但公司的主要产品的性能在与国内外主要竞争对手ARM、英伟达、英特尔以及华为海思的对比中不分上下，部分指标甚至领先对手。未来依托高效的云、边、终端的全面布局，在自身先进软件系统的加持下，公司的AI生态建设将实现逐步完善和拓展，市场影响力也将随之逐步扩大，从而不断拓展新的客户。投资建议与盈利预测我们以公司已获得的订单以及潜在订单为出发点，综合考虑毛利和三费的情况下，预计公司2020-2022三年营收分别为6.27亿、9.12亿和13.28亿，归母净利润为-2.77亿、-1.91亿和0.85亿。未来随着人工智能的不断升级发展，在国家政策的加持下，AI芯片市场将迎来红利期，公司未来的发展将极具想象力，给予“增持”评级。风险提示创新研发不足风险，持续亏损的风险，市场竞争加剧风险。,,国元证券,增持,[None],2020-07-16,,增持,4285249,pdf_downloads/2020/2020-07-16/688256-寒武纪（688256）公司首次覆盖报告：云、边、端全面布局的AI芯片龙头企业.pdf,688256,寒武纪,寒武纪（688256）公司首次覆盖报告：云、边、端全面布局的AI芯片龙头企业
"张纯,郑弼禹","寒武纪(688256)投资逻辑一大潜力市场：目前GPU，FPGA+CPU仍主导云端的深度学习训练和推理市场,但通用／专用AI芯片，因性能，成本及耗能优势将渗透部分传统型AI芯片在云,边，端的市场。我们预估全球AI云端半导体市场于2019-2024年复合成长率应有36%，边缘运算及终端芯片市场于同期应有55%增长,远超过全球市场的7%,整体占全球份额从2019年的3%到2024年的11%。云,边，端，软件一站式方案的核心竞争力：寒武纪的核心技术是同时具备最底层的芯片设计，指令集及驱动器，基础系统软件，及加速卡，并使用相同的自研指令集，让开发者以各类算法完整云、边、端生态系平台的跨越。寒武纪AI芯片对比GPU具有高效能,低成本,低耗能核心竞争力：1.低精度定点运算的优势；2.AI推理的优势；3.算法演进可透过软硬件修改的优势；4.运算单元芯片面积较小，却有2倍以上高效能，50%低耗能优势。弯道超车的机会：美国商务部于2020年5月15日宣布限制海思在使用美国半导体EDA及设备技术来生产半导体,必须取得执照，但我们认为海思昇腾AI要申请得到执照有难度，这给了寒武纪一个绝佳机会来弯道超车的机会。投资建议在高毛利云及边缘运算端AI芯片新产品加持下，寒武纪未来五年营收将大幅增长CAGR超过50%，2023年扭亏转盈，给予“买入”评级。为了扩大事业版图，寒武纪在IPO发4010万新股，每股64.39元人民币，募集25.8亿的资金来补充现金流及用在云端训练及推理，边缘端AI芯片及系统软件的开发。估值首家有中科院支持的AI芯片公司，不但毛利将维持在65%以上，又享受科创板溢价，比较可比新兴科技公司,平均P/S区间将达40-60倍，我们目前用2022年的3.0元每股营收给予50倍P/S给估值,一年的目标价为150元。风险提示终端AI处理器IP业务减少的风险，智能计算集群系统事业的风险，同业竞争的风险，现金流短缺的风险，进入实体清单的风险。",,国金证券,买入,[None],2020-07-08,,买入,4278571,pdf_downloads/2020/2020-07-08/688256-寒武纪（688256）：从端芯片到云系统的一站式AI龙头.pdf,688256,寒武纪,寒武纪（688256）：从端芯片到云系统的一站式AI龙头
