author,content,filename,org_name,original_rating,pdf_link,publish_time,rating_adjust_mark_type,rating_changes,report_id,save_path,stock_code,stock_name,title
"刘高畅,陈芷婧",25H1业务稳健发展，云与数据布局持续强化事件：8月23日，公司发布《2025年半年度报告》，实现营业收入31.32亿元，同比增长7.25%；归属于上市公司股东的净利润0.95亿元，同比下降15.94%；归属于上市公司股东的扣非净利润0.82亿元，同比下降15.2%，业绩情况符合市场预期。25H1业务稳定上升，三大板块合力发展。1）报告期内，公司实现营业收入31.32亿元，同比增长7.25%；归属于上市公司股东的净利润0.95亿元，同比下降15.94%；归属于上市公司股东的扣非净利润0.82亿元，同比下降15.2%。单Q2来看，公司实现营业收入17.22亿元，同比增长16.31%；归属于上市公司股东的净利润0.53亿元，同比下降1.5%；归属于上市公司股东的扣非净利润0.43亿元，同比下降0.9%。2）公司以云计算大数据板块、智能产品板块以及智慧城市设计研究院作为专业技术能力的支撑，为数字化转型业务提供顶层规划设计、数字基础底座、MSP云服务、大数据服务、人工智能技术、智能产品等专业技术的研发和服务支持。解决方案板块的企业则具有丰富的行业知识，拥有行业集成的专业资质和实施团队，具备系统集成和软件定制能力。公司业务板块间形成的发展合力保证了公司在智慧城市的细分市场做深做精，持续打造整体解决方案的服务能力。云服务布局强化，全年控费效果良好。1）公司继续强化云服务的全国布局，并积极开拓出海业务，是微软、阿里、华为等知名云厂商的紧密合作伙伴，拥有高等级的MSP资质和自主研发的云管理平台，为全国超过1万家客户提供MSP云服务。公司同时加快信创产品，特别是网络安全领域和国产软件操作系统领域的产品布局，紧跟市场和客户需求，及时调整产品线和服务策略，持续提升面向客户的服务能力。2）2025H1，公司销售费用率为3.83%，相比上年同期降低0.47个pct；管理费用率为3.77%，相比上年同期降低0.49个pct；研发费用率为5.52%，相比上年同期下降1.48个pct。3）报告期内，公司不断提升“整体作战能力、共性技术统筹研发能力、人才支撑能力”，加快培育核心竞争力。上半年公司研发投入1.73亿元，科技投入率达到5.52%。大数据与人工智能赋能，上海国资云领主启航。1）公司大力发展人工智能为引领的新一代信息技术服务业。深耕智慧园区、智慧交通、文旅展陈、智慧教育、智慧医疗、智慧政务、市政民生等行业赛道，加快打造核心能力，提升解决方案应用能级；不断深化与华为云、阿里云、微软Azure的合作；利用自身优势，加快发展AI应用，在政务和商务垂类模型领域实现几个应用场景落地。公司加快人工智能赋能的仪器仪表等电子信息制造业，顺应系统化、智能化、场景化、融合化的产业变革趋势，提高仪器仪表综合能力。2）公司积极参与智慧城市标准建设，在智慧城市和数字化转型领域成绩显著，荣获多项奖项荣誉，行业地位不断提升。上半年公司所属企业荣获了2024年度服务业突出贡献企业奖、2025数据要素数据治理影响力企业等多项荣誉称号，公司品牌知名度、行业竞争力及社会影响力实现全面提升。维持“入入”评级。外部环境仍有波动，而公司具备上海智算、云服务、数据要素等核心卡位，为数字经济重要载体，我们根据公司近期财务数据，调整盈利预测，预计2025-2027年营业收入分别为64.89、75.93、89.43亿元；归母净利润分别为2.36、2.92、3.71亿元。维持“入入”评级。风险提示：AI推进不及预期、政府支出不及预期、行业竞争加剧。,,国盛证券,买入,[None],2025-09-04,,买入,6393472,pdf_downloads/2025/2025-09-04/600602-云赛智联（600602）：25H1业务稳健发展，云与数据布局持续强化.pdf,600602,云赛智联,云赛智联（600602）：25H1业务稳健发展，云与数据布局持续强化
陈安宇,事件云赛智联发布2025年第一季度报告，公司实现营收14.10亿元，同比下降2.07%；归母净利润0.42亿元，同比下降29.03%；扣非归母净利润0.39亿元，同比下降26.98%；毛利率为17.29%，同比下降1.01pct。强化主业结构优化整合，布局算力聚焦主业业务公司2024年积极布局智能算力业务，夯实“做优IDC”的基础底座。松江大数据计算中心二期是上海市为打造超大规模自主可控智能算力基础设施而部署的政策导向型重大项目，项目全面投产后，将成为全国算力规模领先的智算中心。2024年，公司完成了智能产品板块旗下上海广电通信技术有限公司的股权转让，同时积极推进上海仪电分析仪器有限公司股权的置入工作，利用分析仪器置入上市公司平台的契机，对智能产品板块进行整合优化。地方政策推动算力产业发展，公司有望受益上海政府多项政策推动算力产业发展，公司作为上海本地算力服务企业，有望受益。2025年3月12日，上海市人民政府办公厅印发《上海市促进服务业创新发展若干措施》，其中每年设立一定规模的算力券、模型券、语料券，支持优惠使用智能算力、语料库等资源。2025年3月25日，上海市经济和信息化委员会关于印发《上海市关于促进智算云产业创新发展的实施意见（2025-2027年）》，到2027年，上海市智算云产业规模力争突破2000亿元，云边端协同、产业链条完备的生态体系基本形成。智算规模力争达到200EFLOPS，其中自主可控算力占比超70%。投资建议考虑到公司算力中心核心成本高算力GPU仍维持高价，我们预计公司2025-2027年营业收入分别为66.21/77.98/91.05亿元，同比增速分别为17.76%/17.77%/16.77%，归母净利润分别为2.63/3.09/3.64亿元，同比增速分别为30.19%/17.13%/17.96%，EPS分别为0.19/0.23/0.27元/股，3年CAGR为21.62%。鉴于公司深度参与上海城市数字化，松江二期项目建成，有望受益于数据要素产业发展和算力设施建设，建议保持关注。风险提示：市场竞争加剧风险，产品和技术不及预期，租赁价格波动风险。,,国联民生证券,,[None],2025-04-28,,,6650741,pdf_downloads/2025/2025-04-28/600602-云赛智联（600602）：数据要素与算力共振推动公司发展.pdf,600602,云赛智联,云赛智联（600602）：数据要素与算力共振推动公司发展
"王紫敬,王世杰","2024年年报和2025年一季报点评：上海算力建设风来，算力领军云赛启航买入（维持）盈利预测与估值 2023A 2024A 2025E 2026E 2027E 营业总收入（百万元） 5,264 5,623 6,380 7,110 7,908 同比（%） 16.09 6.82 13.47 11.44 11.23 归母净利润（百万元） 192.91 202.39 222.17 243.89 262.18 同比（%） 6.70 4.92 9.77 9.78 7.50 EPS-最新摊薄（元/股） 0.14 0.15 0.16 0.18 0.19 P/E（现价&最新摊薄） 161.36 153.80 140.11 127.63 118.73事件：2025年3月27日和 4月26日，公司公布2024年年报和2025年一季报。2024年，公司实现营收56.23亿元，同比增长6.82%；归母净利润2.02亿元，同比增长4.92%。2025年Q1公司实现营收14.10亿元，同比减少2.07%；归母净利润0.42亿元，同比减少29.03%。业绩符合市场预期。投资要点云计算大数据营收稳步增长，智算科技业绩高增：分业务看，2024年，公司云计算大数据业务实现营收29.98亿元，同比增长13%；行业解决方案业务实现营收23.81亿元，同比增长8%；智能产品4.12亿元。毛利率方面，云计算大数据业务毛利率为18.55%，同比增长0.06pct。2024年，公司参股11%的上海智能算力科技有限公司实现营收6.45亿元，同比增长90%；净利润0.15亿元，同比扭亏为盈。上海算力建设不断加快：2025年3月26日，上海发布《上海市关于促进智算云产业创新发展的实施意见（2025-2027年）》（以下简称《实施意见》）。其中提出：到2027年，本市智算云产业规模力争突破2000亿元，云边端协同、产业链条完备的生态体系基本形成。智算规模力争达到200EFLOPS，其中自主可控算力占比超70%。云赛是上海算力建设领军：2月22日，2025全球开发者先锋大会在上海西岸开幕。智算科技携手云赛智联、无问芯穹、基流科技等9家创新企业，进行了平台生态合作联盟共建签约。2024年，公司顺利完成上海市大数据中心 2023 年数据运营服务项目的交付验收，并再度中标2024-2025 年度数据运营服务项目，这是公司连续第六年承接市大数据中心数据运营服务。盈利预测与投资评级：国内AI算力基建时代到来，上海率先加快算力建设投入。云赛智联是上海算力建设的主力军，有望充分受益于上海算力建设加快。由于2024年公司部分业务调整，我们将公司2025-2026年归母净利润预期从2.38/2.63亿元下调至2.22/ 2.44亿元，预计2027年归母净利润为2.62亿元，维持“买入”评级。风险提示：政策推进不及预期；技术研发不及预期；行业竞争加剧。",,东吴证券,买入,[None],2025-04-28,,买入,6028272,pdf_downloads/2025/2025-04-28/600602-云赛智联（600602）：2024年年报和2025年一季报点评：上海算力建设风来，算力领军云赛启航.pdf,600602,云赛智联,云赛智联（600602）：2024年年报和2025年一季报点评：上海算力建设风来，算力领军云赛启航
夏明达,事件描述公司发布2024年报，实现营业总收入56.23亿元，同比+6.82%，实现净利润2.22亿元，同比-2.81%，实现归母净利润2.02亿元，同比+4.92%，实现扣非归母净利润1.71亿元，同比+39.84%。核心观点行业解决方案稳健增长，全年实现营收23.81亿元。公司做深做专行业赛道，以全链服务和伴随式服务为特点，向客户提供数字化转型解决方案，全年实现营收23.81亿元，同比+8.03%。公司多个政务类项目完成落地，如某机关事务局数字化信息系统信创升级，市国资委某水务数字化项目建设等。智算发展提速，完成市数据运营项目交付验收。公司积极布局智能算力业务，年内顺利完成上海市大数据中心 2023 年数据运营服务项目交付验收。云计算大数据业务全年实现营收29.98亿元，同比+17.89%，毛利率18.55%，同比+0.06pct。上海国资算力平台，持续做优 IDC、做强云服务。公司第一大股东为上海仪电，其实控人为上海市国资委。公司是上海城市数字化转型专业大数据服务团队的主力军，顺利中标上海市大数据中心2024-2025年度数据运营服务项目，为连续第六年承接市大数据中心数据运营服务。松江大数据计算中心二期是上海市为打造超大规模自主可控智能算力基础设施而部署的政策导向型重大项目，项目全面投产后将成为全国算力规模领先的智算中心，二期项目于 2024 年 1 月正式开工，目前已具备试运营条件。投资建议首次覆盖，给予“买入”评级。公司为上海国资算力平台，行业解决方案增长稳健、智算业务增长势能良好。我们预计2025-2027年，公司营收分别为64.61/75.78/90.67亿元，归母净利润分别为2.33/2.78/3.31亿元，同比分别+15.1%/+19.2%/+19.3%，对应EPS分别为0.17/0.20/0.24元。对应2025/4/11收盘价PE分别为126.02/105.70/88.59倍，PS低于可比公司均值。首次覆盖，给予“买入”评级。风险提示行业发展不及预期，算力需求下滑，客户集中度较高。,,甬兴证券,买入,[None],2025-04-14,,买入,6008422,pdf_downloads/2025/2025-04-14/600602-云赛智联（600602）：2024年报业绩点评：上海国资平台，智算发展提速.pdf,600602,云赛智联,云赛智联（600602）：2024年报业绩点评：上海国资平台，智算发展提速
"杨思睿,郑静文","云赛智联四季度扣非归母净利大幅增长，智能算力和大数据业务稳步发展3月26日，云赛智联发布2024年年报。2024年公司实现营业收入56.23亿元，同增6.8%；归母净利2.02亿元，同增4.9%；扣非归母净利1.71亿元，同比大幅增长39.84%。公司智能算力和大数据业务稳步发展，维持公司买入评级。支撑评级的要点单四季度公司扣非归母净利同比大幅增长。2024Q4，公司实现营业收入16.11亿元，同增3.4%；归母净利0.44亿元，同增20.5%；扣非归母净利0.33亿元，同比大幅增长41.5%。2024Q4公司扣非归母净利同比实现较大幅度增长。盈利能力方面，2024年公司毛利率为19.29%，同增1.30pct；归母净利率为3.60%，同比小幅下降0.06pct；公司期间费用率为14.56%，同比下降0.66pct。2024年公司投资收益同比有所下降，信用减值损失和资产减值损失计提规模较上年有所增加。智慧城市建设进展显著，行业信息化解决方案需求提升。近年来，我国智慧城市建设取得显著进展，城市数字基础设施日益完善。数据的海量增长和集聚为智慧城市发展提供了强大动力，使得各行业对智能算力、数据存储、处理和分析的需求快速上升。企业和政府在数字化转型过程中，对ToB、ToG的行业信息化解决方案的依赖程度逐渐提升，利好信息服务企业拓展业务领域、提高市场份额。公司智能算力和大数据业务稳步发展，国资背景利好客户开拓。2024年，公司积极布局智能算力业务，松江大数据计算中心二期项目工程入选《2024年上海市重大工程清单》，是科技产业类计划新开工四项重大工程之一，也是上海市为打造超大规模自主可控智能算力基础设施而部署的政策导向型重大项目。该项目于2024年1月正式开工，目前已经具备试运营条件。项目全面投产后，将成为全国算力规模领先的智算中心，为上海夯实数字新基建、培育算力产业集群、加快智慧城市建设提供重要支撑。云赛智联作为上海市国资委下属企业，在与政府和国企客户开展合作时具备一定优势。2024年，公司顺利完成上海市大数据中心2023年数据运营服务项目的交付验收，并再度中标2024-2025年度数据运营服务项目，连续第六年承接市大数据中心数据运营服务。公司在行业解决方案领域致力于行业赛道做深做专。公司以全链服务能力和伴随式服务能力成为行业领域的数字化转型专家。2024年，公司完成了多个政府机构数字化信息系统的信创升级，为后续政府信息化项目推广复制奠定了基础；完成了徐汇区、黄浦区等多个投影秀服务项目，中标了包括世博文化公园大剧院项目在内的多个大型综合性场馆项目。除此之外，公司也在加速布局拓展医疗健康、市场监管等领域的数字化转型市场。估值公司业务发展稳健，我们维持对公司 2025-2026 年的盈利预测。预计 2025-2027 年公司收
入为 71.1/83.9/96.4 亿元；归母净利为 2.8/3.3/3.9 亿元；EPS 分别为 0.20/0.24/0.28 元；PE
分别为 113.3/93.5/80.5 倍。维持公司买入评级。评级面临的主要风险客户拓展不及预期，政策推进不及预期，下游客户 IT 支出不及预期。",,中银国际,买入,[None],2025-03-31,,买入,5969820,pdf_downloads/2025/2025-03-31/600602-云赛智联（600602）：四季度扣非归母净利大幅增长，智能算力和大数据业务稳步发展.pdf,600602,云赛智联,云赛智联（600602）：四季度扣非归母净利大幅增长，智能算力和大数据业务稳步发展
"刘高畅,陈芷婧",事件：3月27日，公司发布《2024年年度报告》，实现营业收入56.23亿元，同比增长6.82%；归属于上市公司股东的净利润2.02亿元，同比增长4.92%；归属于上市公司股东的扣非净利润1.71亿元，同比增长39.84%，略超市场预期。云计算大数据快速增长，反映智算及云服务景气度。1）分业务来看，报告期内，公司云计算大数据业务实现收入29.98亿元，同比增长17.89%，保持快速增长。其中，子公司上海科技网实现收入5.38亿元、净利润0.67亿元；南洋万邦收入17.53亿元、净利润0.38亿元；信诺时代收入7.04亿元。，反映智算、IDC及云服务景气度。2）松江大数据计算中心二期是上海市为打造超大规模自主可控智能算力基础设施而部署的政策导向型重大项目，报告期内，松江大数据技术中心二期项目于2024年1月正式开工，目前具备试运营条件。同时，报告期内，公司顺利完成上海市大数据中心2023年数据运营服务项目的交付验收，并再度中标2024-2025年度数据运营服务项目，这是公司连续第六年承接市大数据中心数据运营服务。行业解决方案稳定发展，全年提质控费效果良好。1）在行业解决方案领域，公司继续致力于行业赛道的做深做专，以全链服务能力和伴随式服务能力成为行业领域的数字化转型专家。报告期内，公司在市场监管、医疗数字化、市政民生等领域继续发展。报告期内，行业解决方案业务实现收入23.81亿元，同比增长8.03%。2）2024年，公司毛利率为19.29%，相比上年同期增长1.3个pct；销售费用率为4.21%，相比上年同期降低0.76个pct；管理费用率为5.15%，相比上年同期降低0.09个pct；研发费用率为6.57%，相比上年同期下降0.51个百分点，全年提质控费效果良好。智算核心与要素主力，上海国资云领主启航。1）智算平台：2025年3月25日，上海市经济和信息化委员会印发《上海市关于促进智算云产业创新发展的实施意见（2025-2027年）》，到2027年，本市智算云产业规模力争突破2000亿元，云边端协同、产业链条完备的生态体系基本形成。智算规模力争达到200EFLOPS，其中自主可控算力占比超70%。2023年6月29日，公司已公告与仪电集团等合资成立算力设施公司，持股11%，上海智算顶级平台地位确立，落地速度有望持续超预期。2）智能云服务：公司旗下上海南洋万邦软件技术有限公司和北京信诺时代科技发展有限公司是微软、阿里、华为、中国电信等主流云服务厂商在国内的MSP服务商。3）数据要素：2022年以来，数字经济及数据要素已成为国家顶级战略，公司为上海城市数字化转型建设的主要力量，在数据要素方面已实现国资云、政务数据治理、数据产品开发应用等全产业链布局。维持“买入入评评级。外部环境仍有波动，而公司具备上海智算、云服务、数据要素等核心卡位，为数字经济重要载体，我们根据公司近期财务数据，调整盈利预测，预计2025-2027年营业收入约为66.01、78.13、92.96亿元；归母净利润约为2.53、3.21、4.08亿元。维持买入入评评级。风险提示：AI推进不及预期、政府支出不及预期、行业竞争加剧。,,国盛证券,买入,[None],2025-03-28,,买入,5966829,pdf_downloads/2025/2025-03-28/600602-云赛智联（600602）：24年报超预期，上海智算加速推进.pdf,600602,云赛智联,云赛智联（600602）：24年报超预期，上海智算加速推进
"刘雯蜀,郑毅",公司于2025年3月26日披露2024年年报。全年营收、利润稳健增长公司2024年实现营业收入56.23亿元，同比增长6.82%，实现归母净利润2.02亿元，同比增长4.92%。全年毛利率达19.29%，同比增长1.3pct。销售/管理/研发费用率为4.21%/5.15%/6.57%，同比变化 -0.76 pct/-0.09 pct/-0.51 pct。分业务来看，公司云计算大数据实现营收29.98亿，同比增长17.89% 行业解决方案实现营收23.81亿元，同比增长8.03%，智能产品实现营收4.12亿，同比减少33.98%。Q4利润增速亮眼分季度来看，公司Q4营收实现16.11亿，同比增长3.4%，利润实现0.44亿，同比增长20.53%。销售/管理/研发费用率为2.78%/6.27%/5.09%，同比变化 -1.37 pct/0.74 pct/-2.48 pct。深耕AIDC+算力租赁，上海科技网营收利润增速喜人公司子公司上海科技网络通信有限公司2024年实现营收5.38亿元，同比增长63%，实现净利润 6708万元，较去年同期利润605万元增长约10倍。该子公司定位于中立第三方高端数据中心运营商，拥有宝山云计算中心、宝山大数据中心、松江大数据中心等机柜资源。2023年初，松江大数据中心一期全面投入运营；同年5月，松江大数据计算中心二期顺利通过拟建数据中心符合性评估和专家评审，取得数据中心建设能耗指标；7月，松江大数据中心二期建设项目作为上海市重大功能性事项导入松江新城，并入选2024年上海市重大工程清单；松江大数据计算中心二期是上海市为打造超大规模自主可控智能算力基础设施而部署的政策导向型重大项目，项目全面投产后，将成为全国算力规模领先的智算中心，为上海夯实数字新基建、培育算力产业集群、加快智慧城市建设提供重要支撑，工程入选上海市发改委《2024 年上海市重大工程清单》，位列科技产业类计划新开工四项重大工程之一。松 江大数据技术中心二期项目于 2024 年1月正式开工，目前具备试运营条件。云赛智联重要合营/联营企业上海智能算力科技有限公司业绩亮眼，持续赋能公司主体云赛智联持股11%上海智能算力科技有限公司，该公司2024年实现营收6.45亿元，去年同期仅约3400万，净利润扭亏为盈从2023年-54.82万增长至2024年 1451万。公司有效打造了算力租赁+AIDC租赁的全产业链闭环，AI产业的不断发展持续为公司业务带来新的增量。盈利预测与估值我们预测公司2025-2027年实现营收64.76/76.20/94.65亿元，同比增速分别为15.18%/17.65%/24.22%，对应归母净利润分别为2.33/2.76/3.31亿元，同比增速分别为14.91% /18.56%/19.90%，对应EPS为0.17/0.20/0.24元，对应25年PE为135.31倍。维持“买入”评级。风险提示宏观环境风险、政策推进不及预期风险、技术更迭不达预期风险。,,浙商证券,买入,[None],2025-03-28,,买入,5966529,pdf_downloads/2025/2025-03-28/600602-云赛智联（600602）：2024年年报点评报告：营收利润稳健增长，AIDC+算力租赁深度赋能.pdf,600602,云赛智联,云赛智联（600602）：2024年年报点评报告：营收利润稳健增长，AIDC+算力租赁深度赋能
"刘雯蜀,童非,张致远",深耕上海市数据运营，预计受益数据要素产业化云赛智联具备上海国资背景，卡位上海市优质公共数据，未来伴随数据要素产业化政策明晰，公司有望受益。上海仪电（云赛智联控股股东）、云赛智联提出“做深大数据”的战略要求，子公司南洋万邦围绕数字政府、国企和行业数字化转型工作持续发力。2020年以来公司连续中标上海市大数据中心数据运营服务项目，并获得“上海市大数据中心2023年度数据治理优秀服务商”及“数据要素X新一代信息技术服务领航企业”两项大奖。 2024年9月21日，中共中央办公厅、国务院办公厅印发《关于加快公共数据资源开发利用的意见》，是中央层面首次对公共数据资源开发利用进行系统部署。未来，国数局表示拟出台企业数据开发利用、数据产业高质量发展、公共数据资源登记等方面的8份政策文件，完善数据基础制度建设，拓展数据应用的广度和深度。智能算力建设具有多重壁垒，松江二期稳步推进下属子公司上海科技网络通信有限公司为中立第三方高端数据中心运营商，拥有徐汇数据中心、宝山云计算中心、宝山大数据中心、松江大数据中心等机柜资源，拥有机柜超7000台。目前在建的松江大数据中心二期项目是上海市为打造超大规模自主可控智能算力基础设施而部署的政策导向型重大项目，入选2024年上海市重大工程清单。智算中心壁垒较高，包括：1）智算中心使用大量GPU，能耗较高，一线城市建设需取得能耗指标。公司是上海国资委旗下数据中心运营商与云服务商，松江二期已于今年5月通过上海市经信委拟建数据中心符合性评估，取得数据中心建设能耗指标；2）智算中心需要大量GPU，部分中心GPU数量上万，当前GPU供不应求，获取较为困难，也存在资金门槛，并需要一定的政府支持；3）运营管理方面，伴随集群规模增加，故障发生的概率增加，运营管理难度加大。盈利预测与估值我们预测公司2024-2026年实现营收60.53/71.43/85.72亿元，同比增速分别为15.00%/18.00%/20.00%，对应归母净利润分别为2.33/2.91/3.57亿元，同比增速分别为20.53% /25.14%/22.84%，对应EPS为0.17/0.21/0.26元，对应2024-2026年PE为97/77/63倍。维持“买入”评级。风险提示宏观环境风险、政策推进不及预期风险、技术更迭不达预期风险,,浙商证券,买入,[None],2024-11-07,,买入,5823892,pdf_downloads/2024/2024-11-07/600602-云赛智联（600602）：点评报告：背靠上海国资，数据要素+算力双轮驱动.pdf,600602,云赛智联,云赛智联（600602）：点评报告：背靠上海国资，数据要素+算力双轮驱动
"孙业亮,常雨婷",打造城市数智化业务底座，营收规模稳定增长云赛智联是一家以云服务大数据、行业解决方案、智能化产品三大板块为核心业务的专业化信息服务公司。公司通过“做优数据中心、做强云服务、做深大数据、布局行业应用”的战略路径，不断夯实数字化转型的全链服务能力，强化面向客户的伴随式服务能力。基于公司当前正逐步打造的智能算力基础设施、人工智能垂类模型应用以及大数据运营能力，公司紧紧抓住发展机遇，通过在城市各领域推进信息化、数字化、智能化建设，持续深耕智慧城市的建设与运营，为城市数字化转型筑牢坚实的基础。2023年前三季度，公司实现营业收入40.12亿元，同比增长8.25%；实现归母净利润1.58亿元，同比增长1.22%；扣非归母净利润1.38亿元，同比增长39.45%。第三季度单季，公司营业收入同比下滑7.13%，归母净利润同比下滑28.95%，扣非归母净利润同比增长223.46%，主要系上年同期公司子公司转让所持上海松下微波炉有限公司40%股权获益属于非经常性损益所致。布局智算IDC，参股上海智能算力科技公司公司围绕AI发展主线，从智算中心IDC建设、算力平台服务、垂类模型应用等层面布局人工智能产业；未来将加快完成松江大数据中心（二期）智算中心的建设及配套运营，建成支撑大规模智能算力集群的优质智算中心；大力支持参股企业上海智能算力科技有限公司发展，打造自主智能算力产业生态；垂类模型应用方面，将专注于政务服务和大型国企为主的垂直领域，为客户提供深层次服务。公司拥有宝山云计算中心、宝山大数据中心、松江大数据中心等机柜资源。2023年初，松江大数据中心一期全面投入运营；同年5月，松江大数据计算中心二期顺利通过拟建数据中心符合性评估和专家评审，取得数据中心建设能耗指标；7月，松江大数据中心二期建设项目作为上海市重大功能性事项导入松江新城，并入选2024年上海市重大工程清单；2024年上半年，松江大数据中心二期工程项目已实现主体结构全面封顶，公司完成了上海算力服务平台在宝山大数据中心的宝山节点构建，松江和宝山两大数据中心之间建立了大容量OTN链路。公共数据开发提速，公司卡位上海数据运营平台10月9日，中办、国办发布《关于加快公共数据资源开发利用的意见》，这是中央层面首次对公共数据资源开发利用进行系统部署。意见提出，到2025年，公共数据资源开发利用制度规则初步建立，资源供给规模和质量明显提升，数据产品和服务不断丰富，重点行业、地区公共数据资源开发利用取得明显成效，培育一批数据要素型企业，公共数据资源要素作用初步显现。早在2021年，上海就率先出台《上海市数据条例》，提出构建公共数据授权运营体系。2023年底，浦东新区进一步深化改革，审议通过《浦东新区推进公共数据授权运营工作方案》，为公共数据开发利用提供了坚实的法治保障。此外，在上海市数据局的支持下，上海数据集团于2022年9月29日正式揭牌成立。上海数据集团及下属企业依据上海市数据条例及市政府授权开展本市公共数据运营业务。公司作为上海市大数据中心资源平台总集成商和运维商、数据运营平台总运营商，承接了多个区“一网通办、一网统管”平台和数个大型企业数字化转型顶层设计，有望受益于上海地区公共数据的开发利用。盈利预测及投资建议公司积极布局智能算力基础设施、人工智能垂类模型应用以及大数据运营能力，有望迎来新一轮快速发展。预计公司2024-2026年的EPS分别为0.16、0.20、0.24元，当前股价对应的PE分别为88.22、72.47、59.11倍，首次覆盖，给予“买入”评级。风险提示政策落地不及预期；行业竞争加剧；IDC建设不及预期等。,,中邮证券,买入,[None],2024-10-31,,买入,5811264,pdf_downloads/2024/2024-10-31/600602-云赛智联（600602）：卡位上海数智化，AI智算+数据要素双轮驱动.pdf,600602,云赛智联,云赛智联（600602）：卡位上海数智化，AI智算+数据要素双轮驱动
"杨思睿,刘桐彤","10 月 25 日公司发布三季报，前三季度实现营业总收入 40.1 亿元（同比+8.3%），归母净利润1.6亿元（同比+1.2%），扣非归母净利1.4亿元（同比+39.5%）。公司具备数据要素与智能算力双重看点，维持买入评级。支撑评级的要点Q3扣非归母净利大幅增长，研发投入持续加大。公司在研发投入持续加大的情况下，前三季度归母净利实现同比增长，前三季度研发费用达2.9亿元，同比增长12.7%。公司Q3营业总收入11.2亿元（同比-7.1%），归母净利润4492.5万元（同比-29.0%）,扣非归母净利润4157.5万元（同比+223.5）%。扣非归母净利润大幅上升主要系上年同期公司子公司转让所持上海松下微波炉有限公司 40%股权获益属于非经常性损益所致。数据要素政策加速推进，公司有望深度受益。10月10日，中共中央办公厅、国务院办公厅印发《关于加快公共数据资源开发利用的意见》（简称《意见》），《意见》从扩大资源供给、规范授权运营、鼓励应用创新、营造良好环境、强化组织保障等方面提出了17项具体措施，明确了共享、开放和授权运营三种供给方式。公司作为上海市大数据中心资源平台总集成商和数据运营平台总运营商，具备智能算力基础设施、人工智能垂类模型应用和大数据运营能力，未来有望成为数据要素主力军。算力租赁未来可期。公司是上海国资委旗下核心数据中心运营商。2024上半年，松江大数据中心二期工程项目已实现主体结构全面封顶，公司完成了上海算力服务平台在宝山大数据中心的宝山节点构建，松江和宝山两大数据中心之间建立了大容量OTN链路。公司具备坚实的算力底座，未来算力租赁业务有望打造新增长极。估值 预计24-26 年归母净利为2.3、2.8 和3.3 亿元，EPS 为0.17、0.20 和0.24元(考虑公司加大研发投入，下修 23%-33%)，对应PE 分别为87X、72X和59X。公司具备数据要素与智能算力双重看点，维持买入评级。 评级面临的主要风险 客户拓展不及预期；政策推进不及预期；业务增长不及预期。",,中银国际,买入,[None],2024-10-31,,买入,5810908,pdf_downloads/2024/2024-10-31/600602-云赛智联（600602）：Q3扣非归母净利大幅增长，数据要素加速推进.pdf,600602,云赛智联,云赛智联（600602）：Q3扣非归母净利大幅增长，数据要素加速推进
黄楷,云赛智联发布2024年第三季度报告，2024年前三季度公司实现营收40.12亿元，同比增长8.25%；归母净利润1.58亿元，同比增长1.22%；扣非归母净利润1.38亿元，同比增长39.45%；毛利率为19.59%，同比上升0.77pct。2024年第三季度公司实现营收11.22亿元，同比下降7.13%；归母净利润0.45亿元，同比下降28.95%；扣非归母净利润0.42亿元，同比增长223.46%；毛利率为21.72%，同比上升2.58pct。打造智能算力基础设施，松江二期项目将建成公司布局人工智能产业，正逐步打造智能算力基础设施、人工智能垂类模型应用以及大数据运营能力。2023年10月27日，公司公告拟启动松江大数据中心二期项目建设，建设高电量机架约1124个，合计IT功率22MW，总投资约为7.95亿元。根据进度，松江二期项目将于2024年10月竣工交付，服务于市级智能算力集群建设。深度参与上海城市数字化，有望受益数据要素产业发展公司是上海市大数据中心资源平台总集成商和运维商、数据运营平台总运营商，自2018年上海市大数据中心成立以来，公司始终与市大数据中心保持深度合作。2024年8月，公司旗下企业南洋万邦成功中标上海市大数据中心2024-2025年度数据运营项目。近期国家数据局密集发布公共数据相关政策，公司有望受益数据要素产业发展。投资建议考虑到下游需求承压，我们预计公司2024-2026年营业收入分别为60.41/69.00/78.99亿元，同比增速分别为14.76%/14.23%/14.47%，归母净利润分别为2.23/2.84/3.81亿元，同比增速分别为15.81%/27.16%/34.14%，EPS分别为0.16/0.21/0.28元/股，3年CAGR为25.48%。鉴于公司深度参与上海城市数字化，松江二期项目将建成，有望受益于数据要素产业发展和算力设施建设，建议保持关注。风险提示：市场竞争加剧风险，产品和技术不及预期，租赁价格波动风险。,,国联民生证券,,[None],2024-10-30,,,5807690,pdf_downloads/2024/2024-10-30/600602-云赛智联（600602）：第三季度业绩承压，松江二期项目将建成.pdf,600602,云赛智联,云赛智联（600602）：第三季度业绩承压，松江二期项目将建成
"王紫敬,王世杰",事件：10月25日，公司发布2024年三季报。2024年前三季度，公司实现营收40.12亿元，同比增长8.25%；归母净利润1.58亿元，同比增长1.22%；扣非归母净利润1.38亿元，同比增长39%。利润增长符合市场预期。投资要点Q3净利润增速快速增长，营收短期承压：2024年Q3，公司实现营收11.22亿元，同比减少7%；归母净利润0.45亿元，同比减少29%；扣非归母净利润0.42亿元，同比增长223%。扣非归母净利润增速较快主要系上年同期公司子公司转让所持上海松下微波炉有限公司40%股权获益属于非经常性损益所致。营收增速较低主要系行业竞争较大。上海数据要素产业领军，有望充分受益于政策落地：10月9日，中共中央办公厅、国务院办公厅印发《关于加快公共数据资源开发利用的意见》，这是中央层面首次对公共数据资源开发利用进行系统部署。此前数据要素产业发展的主要障碍之一在于先行先试没有合法性保障，此次政策明确提出鼓励先行先试。上海公共数据价值量全国位居前列，云赛是上海国资委旗下唯一数字化企业，有望深度参与上海公共数据运营。公共数据运营商业模式好，市场空间大，落地后有望显著提升云赛营收规模和盈利能力。算力业务稳步推进，立足上海公共算力主力军：伴随智能算力需求的爆炸式增长，上海仪电及云赛智联又积极筹建仪电智算中心（松江）二期项目，为加快形成全国一体化算力体系、培育算力产业生态贡献力量。2023年7月，该项目作为上海市2023年重大功能性事项导入松江新城。2024年2月，该项目入选上海市2024年重大工程清单。根据进度，仪电智算中心（松江）二期项目将于2024年10月竣工交付。盈利预测与投资评级：数据要素产业顶层政策已出，产业发展加速在即。云赛是上海数据要素领军，有望充分受益，迎来加速发展。同时，公共算力建设大潮来临，云赛参与建设的上海智算中心地位重要，有望进一步带动公司业绩增长。基于此，我们维持公司2024-2026年归母净利润预测为2.15/2.38/2.63亿元，维持“买入”评级。风险提示：政策推进不及预期；技术研发不及预期；行业竞争加剧。,,东吴证券,买入,[None],2024-10-27,,买入,5800505,pdf_downloads/2024/2024-10-27/600602-云赛智联（600602）：2024年三季报点评：上海数据要素领军，产业加速在即.pdf,600602,云赛智联,云赛智联（600602）：2024年三季报点评：上海数据要素领军，产业加速在即
"刘雯蜀,郑毅",2024年10月25日公司发布2024年三季报【整体业绩】（1）24Q1-Q3营收40.12亿（+8.25%），归母净利润1.58亿（+1.22%），扣非归母净利润1.38亿（+39.45%）。（2）24Q3营收11.22亿（-7.13%），归母净利润0.45亿（-28.95%），扣非归母净利润0.42亿（+223.46%）。【毛利率、现金流】24Q1-Q3毛利率19.59%（同比增加1.6pct）、24Q3毛利率21.72%（同比增加2.58pct）；24Q1-Q3经营活动现金流净额-2.69亿、24Q3经营活动现金流净额0.32亿。【费用率】24Q1-Q3销售/管理/研发费用率4.78%/4.70%/7.16%，销售费用同比减少0.19pct，管理费用同比减少0.54pct，研发费用同比增加0.08pct。24Q3销售/管理/研发费用率6.37%/5.99%/7.82%，销售费用同比减少0.73pct，管理费用同比减少0.28pct，研发费用同比增加0.81pct。业绩点评整体业绩稳中有升，扣非利润增速亮眼营收端来看，公司整体向好，利润端来看，扣非归母利润增速亮眼，特别是单三季度利润增速同比达到223.46%。我们认为公司数据中心的运营业务为公司业绩带来扎实的基础，为公司全年业绩向好埋下铺垫。盈利预测与估值公司云服务和大数据、行业解决方案、智能化产品业务产品体系已成熟，立足上海，辐射长三角、珠三角和京津冀地区，为城市数字化转型提供全流程的场景再造、业务再造。在政策支持、行业趋势以及公司发挥自身优势三者共同驱动下，我们预测公司2024-2026年实现营收60.53/71.43/85.72亿元，同比增速分别为15.00%/18.00%/20.00%，对应归母净利润分别为2.33/2.91/3.57元，同比增速分别为20.53% /25.14%/22.84%，对应EPS为0.17/0.21/0.26元，对应PE为87.05/69.56/56.63倍。维持“买入”评级。风险提示宏观环境风险、政策推进不及预期风险、技术更迭不达预期风险。,,浙商证券,买入,[None],2024-10-26,,买入,5799964,pdf_downloads/2024/2024-10-26/600602-云赛智联（600602）：2024年三季报点评：算力租赁运营业务筑基，扣非利润增速亮眼.pdf,600602,云赛智联,云赛智联（600602）：2024年三季报点评：算力租赁运营业务筑基，扣非利润增速亮眼
"刘高畅,陈芷婧",松江二期快速推进，智算运营空间广阔。1）公司下属子公司上海科技网为国内第三方高端数据中心运营商，目前拥有徐汇、宝山、松江等地区近万个标准机柜资源。其中，松江中心为提供智能算力的主要平台，二期项目合计约建设1124个机柜、22MW IT功率，2024年底交付在即；投产后，我们估算公司智算服务总规模或将达到3.3-6.5万P。2）值得注意的是，智算服务相比传统IDC门槛有显著提升。资金方面，十万张级别GPU是基础投入，资金实力已成为硬性门槛；资质方面，GPU集群能耗相当高，而一线城市的能耗指标仍是稀缺资源；组网与运营方面，超万卡集群下，芯片架构与制程、内存和I/O访问瓶颈、节点间通信能力、并行计算框架、算力资源调度、千万器件的维稳与维护等均是需要考虑的重要因素，组网难度陡升。以网络故障为例，由于收发器数量较多，即使每个网卡到最底层交换机链路的平均故障率为5年，在一个全新的、正常运行的集群上发生第一次作业故障也只需要26.28分钟，对公司的技术Knowhow提出了更高的要求。3）我们认为，公司具备充裕的账面现金、较低的融资难度、良好的能耗指标历史、扎实的算力中心运维能力。伴随智算需求的持续释放，其AIDC运营收入以及智算服务利润有望快速增长。卡位上海核心平台，数据产业化大幕已拉开。1）“做深大数据”是公司服务于智慧城市解决方案强化数据中台的战略路径，公司卡位上海核心平台，连续五年中标市大数据中心数据运营服务项目；同时，旗下南洋万邦“上海市区级政务公共数据运营服务”获颁“上海品牌”认证。2）10月9日，中共中央办公厅、国务院办公厅印发《关于加快公共数据资源开发利用的意见》，是中央层面首次对公共数据资源开发利用进行系统部署，为数据基础制度建设指引政策导向，对数据资源开发利用具有里程碑意义；10月12日，国家数据局会同有关部门研究起草了《公共数据资源授权运营实施规范（试行）》（公开征求意见稿）；往后看，登记管理、价格政策等文件亦即将推出，国家数据局年内将总计发布8项文件，数据产业化大幕正徐徐拉开。3）我们认为，上海为数字经济先锋城市之一，其公共数据体量大、价值高、门类丰富、历史延续性强，有望深度赋能实体经济，公司在政务数据端卡位核心，有望深度受益。维持“买入”评级。公司为上海数字经济核心服务商，今年来受外部环境影响，业绩有所波动、保持相对稳定；长期看，伴随着算力基础设施、数据要素、政企数字化转型的加快推进，业务有望快速增长。根据近期公告调整盈利预测，我们预计公司2024-2026年实现营业收入59.40、74.10、91.94亿元，实现归母净利润2.12、2.88、3.89亿元。维持“买入”评级。风险提示：政策推进不及预期、政府支出不及预期、AI技术发展不及预期、国际关系影响。,,国盛证券,买入,[None],2024-10-26,,买入,5800219,pdf_downloads/2024/2024-10-26/600602-云赛智联（600602）：上海智算加速推进，数据产业大幕拉开.pdf,600602,云赛智联,云赛智联（600602）：上海智算加速推进，数据产业大幕拉开
"LinYang,Liang Song",公司业绩维持稳健，利润短期承压。公司发布2024年半年报。2024H1公司实现营业收入28.90亿元，同比增长15.70%；归母净利润1.13亿元，同比增长21.78%；扣非归母净利润0.97亿元，同比增长12.04%。2024年5月，国家发展改革委、国家数据局、财政部、自然资源部等4部门对外发布《关于深化智慧城市发展推进城市全域数字化转型的指导意见》，强调要以数据融通、开发利用贯穿城市全域数字化转型的始终，更好服务城市高质量发展、高效能治理、高品质生活。城市全域数字化转型正全面提速，智慧城市建设迈上新台阶。上海作为最早一批开启“智慧城市”建设试点的城市，自2018年开始推动“一网通办”“一网统管”改革，将“两张网”作为牵引治理体系和治理能力现代化的“牛鼻子”，如今上海已进入“应用融合创新3.0”阶段，公司把握机遇与挑战，作为上海国资的数字化转型主力军全方位深度参与城市数字化转型升级发展，正积极践行国家数字化战略，全面融入发展大局。研发体系日益完善，助力公司行业护城河持续加深。2024H1，公司继续推进ToG、ToB领域信息化、数字化建设，坚持通过科创体系建设和核心技术发展，不断提升核心技术能力。2024H1公司研发投入2亿元，科技投入率达到6.91%，共申请知识产权70件，其中发明专利17件。公司研发体系日益完善，智慧城市设计研究院负责数字化转型顶层规划、行业标准制定、重点项目立项和协调通用需求，主导或参与发布了GB/T 42442.2-2024《智慧城市智慧停车第2部分：数据要求》，DB31/T 310018-2024《电子证照共享应用规范》等8项国家、地方或团体标准，涵盖了从基础技术研发到应用创新的全过程，促进公司整体解决方案能力的提升，提升了行业的整体竞争力，获颁“2023年度上海市数据标准化工作先进委员单位”荣誉。云与大数据业务稳步推进，公司行业地位深受认可。公司着力提升包括建云、上云、用云、管云的MSP服务能力，向政府和大中小型企业提供公有云、私有云托管和混合云服务，2024H1公司完成《公共政务数据运营平台》的开发，用以对政府、企业中大数据平台的数据运营服务工作实现进行全方位的支撑，下属企业完成了“基于云计算和大数据管理技术的渔政执法指挥调度系统”等3个重点项目开发任务。在AI智慧化方面，公司正加快培育人工智能部署及应用服务能力，启动并投入“人工智能开发管理平台及应用场景”相关技术和模块开发。南洋万邦荣膺微软年度国家合作伙伴奖，成为微软教学技能证书颁发机构，连续第六年荣登“上海软件和信息技术服务百强企业”榜单，并获颁“上海市大数据中心2023年度数据治理优秀服务商”及“数据要素X新一代信息技术服务领航企业”两项大奖，信诺时代通过微软专业合作伙伴最新AI ASP 认证，连续三年通过微软AEMSP认证审核，获得“Adobe年度最佳市场与客户服务实践奖”、“2024年数字化转型杰出服务企业奖”。持续聚焦核心主业，重点市场领域的布局拓展不断强化。在大交通领域，公司承建的上海市域铁路调度运营和技能培训基地云平台一期供货及服务项目正在推进建设实施，2024H1，已基本完成了云平台部署和调试工作，正在与各业务模块进行合并调试。公司中标多个机场的公共广播系统。在文娱领域，2024H1，公司中标了长三角智能化项目，涉及7大模块和26个系统的绿建节能系统工程；中标上海市金山区01-A-01地块项目各标段背景音乐工程、信息发布及演艺AVSC工程以及剧院演艺系统工程。在市政民生领域，2023年底，公司中标上海城投水务工业物联网平台项目，以“物联、数联、智联”的思路搭建市政民生领域的统一物联网管理平台。2024H1，再度中标能力大协同平台建设项目，围绕数据协同以及业务协同，进一步提升管网调度、设备运维、应急指挥、客户服务的跨业务协同管理，提高供水服务和运营管理水平。2024H1，再度续约2024-2027年的CIS三年运维服务项目。在医疗健康领域，2023年，公司以联合体中标市级医院重症医学ICU数字孪生应用平台项目和23家市级医院重症医学ICU数字孪生数字化项目。2024H1，公司重点推进项目的实施部署。2024H1，公司中标市疾控中心新址建设配套数字化项目。在政府和各委办信息化业务领域，2024H1，公司中标了全国市场监管数字化试验区（上海）项目一期子系统建设项目，连续7年承接上海市电子政务云综合运维项目，连续第三年承接市财政局、审计局等多个委办局的数字化运维和综合保障项目。2024H1，公司还先后中标了多个区大数据中心政务云建设和运维项目。由公司承建的市超算中心公共算力服务平台于2024H1完成交付验收。公司高度关注人工智能发展，算力业务布局持续推进。随着以云计算、大数据、人工智能等技术为代表的新一代信息技术不断发展与深度融合，以人工智能进一步赋能千行百业的前景也变得更为广阔。近年来，以ChatGPT为代表的人工智能应用快速发展，越来越多的人认识到人工智能技术将成为推动世界经济、社会生活进步的重要力量。全球主要国家都把发展人工智能作为提升国家竞争力、推动国家经济增长的重大战略。作为全球最大的人工智能应用市场，中国人工智能技术产业也处于高速发展阶段。云赛智联是“上海算力网络协会理事长单位”、“中国信通院可信区块链政务全栈应用组组长单位”，2024H1，云赛智联当选为“中国人工智能产业发展联盟常务副组长单位”。公司将加强人工智能技术商业模式的探索，依托在各垂直行业的理解与认知，深挖客户需求，凭借完善的行业生态圈，围绕AI发展主线，从智算中心IDC建设、算力平台服务、垂类模型应用等层面布局人工智能产业：加快完成松江大数据中心（二期）智算中心的建设及配套运营，建成支撑大规模智能算力集群的优质智算中心；大力支持参股企业上海智能算力科技有限公司发展，打造自主智能算力产业生态；垂类模型应用方面，将专注于政务服务和大型国企为主的垂直领域，为客户提供深层次服务。盈利预测与投资建议。我们认为，公司2024H1业绩表现优秀，代表公司目前业务整体发展顺利，公司目前人工智能和大数据业务均在稳步推进当中，公司通过自主建设或参股等多种手段，持续推进公司在算力业务领域的布局，在人工智能持续发展的当下，公司在算力领域的优势有望为公司的发展带来重要支撑，公司长期发展值得期待。我们预计，公司 2024/2025/2026归母净利润分别为2.26/2.69/3.24亿元，EPS分别为0.17/0.20/0.24元，给予2024年PE 100倍，目标价16.52元，维持“优于大市”评级。风险提示：人工智能发展不及预期，数据要素发展不及预期，政策推进不及预期。,,海通国际证券,优于大市,[None],2024-09-05,,买入,5755685,pdf_downloads/2024/2024-09-05/600602-云赛智联（600602）公司半年报点评：24H1业绩表现亮眼，算力业务布局持续推进.pdf,600602,云赛智联,云赛智联（600602）公司半年报点评：24H1业绩表现亮眼，算力业务布局持续推进
"刘高畅,陈芷婧",事件：8月24日晚，公司发布《2024年半年度报告》，实现营业收入28.90亿元，同比增长15.70%；实现归属于上市公司股东的净利润1.13亿元，同比增长21.78%。符合市场预期。24H1业务稳健发展，云计算大数据业务快速推进。1）报告期内，公司实现营业收入28.90亿元，同比增长15.70%；实现归母净利润1.13亿元，同比增长21.78%；实现扣非净利润0.97亿元，同比增长12.04%。公司坚持发展三大板块，即云服务大数据板块，行业解决方案板块和智能产品板块。主要得益于业上述各项业务增长态势，公司收入保持稳步发展，符合市场预期。2）根据公司公告，报告期内，松江大数据中心二期工程项目已实现主体结构全面封顶，公司完成了上海算力服务平台在宝山大数据中心的宝山节点构建，松江和宝山两大数据中心之间建立了大容量OTN链路。公司持续加大对数据中心运营管理平台的研发投入，利用数字化手段驱动数据中心运营能级的提升，保障数据中心安全可靠运营，满足智能算力的运营要求。深化信息化与数字化建设，费用管控得当、盈利能力稳健。1）报告期内，公司持续推进ToG、ToB领域信息化、数字化建设，坚持通过科创体系建设和核心技术发展，不断提升核心技术能力。上半年公司研发投入2亿元，科技投入率达到6.91%，共申请知识产权70件，其中发明专利17件。2）报告期内，公司实现毛利率18.76%，相比上年同期增长0.1个pct。费用率方面，报告期内，公司销售费用率为4.17%，管理费用率为4.20%，研发费用率为6.91%，相较上年同期分别变化-0.99pct，-0.64pct，+0.10pct，费用管控较为得当，盈利能力稳健。要素主力与智算核心，上海国资云领主启航。1）数据要素：2022年以来，数字经济及数据要素已成为国家顶级战略，公司为上海城市数字化转型建设的主要力量，在数据要素方面已实现国资云、政务数据治理、数据产品开发应用等全产业链布局。2）智算平台：2023年8月，上海市人民政府办公厅印发《立足数字经济新赛道推动数据要素产业创新发展行动方案（2023-2025年）》，指出到2025年算力总规模较“十三五”期末翻两番。2023年6月29日，公司已公告与仪电集团等合资成立算力设施公司，持股11%，上海智算顶级平台地位确立，落地速度有望持续超预期。3）智能云服务：公司旗下上海南洋万邦软件技术有限公司和北京信诺时代科技发展有限公司是微软、阿里、华为、中国电信等主流云服务厂商在国内核心的MSP服务商。目前，微软已成为全球AIGC技术与应用领军，公司有望依托Azure云服务，扎实推进AI能力输出。维持“买入”评级。公司为上海数字经济核心服务商，伴随着算力基础设施、数据要素、政企数字化转型的加快推进，业务有望稳健增长。我们预计公司2024-2026年实现营业收入60.94、70.02、79.82亿元，实现归母净利润2.31、2.84、3.48亿元。维持“买入”评级。风险提示：政府支出不及预期；AI技术发展不及预期；收入及利润假设不及预期；国际关系影响。,,国盛证券,买入,[None],2024-08-28,,买入,5738222,pdf_downloads/2024/2024-08-28/600602-云赛智联（600602）：24H1业绩快速增长，上海智算平台建设稳步推进.pdf,600602,云赛智联,云赛智联（600602）：24H1业绩快速增长，上海智算平台建设稳步推进
"王紫敬,王世杰",Q2稳步增长，持续重视研发投入：2024年Q2，公司实现营收14.65亿元，同比增长5.36%；归母净利润0.53亿元，同比增长3.64%；扣非归母净利润0.41亿元，同比减少26.36%。2024年H1，公司研发投入2 亿元，科技投入率达到6.91%，共申请知识产权70件，其中发明专利 17件。市场拓展快速推进，取得多个标杆客户：在大交通领域，公司承建的上海市域铁路调度运营和技能培训基地云平台一期供货及服务项目正在推进建设实施。在文娱领域，公司中标了长三角智能化项目，涉及7大模块和26个系统的绿建节能系统工程；在市政民生领域，2023 年底，公司中标上海城投水务工业物联网平台项目。在医疗健康领域，2023 年，公司以联合体中标市级医院重症医学 ICU 数字孪生应用平台项目和23家市级医院重症医学 ICU 数字孪生数字化项目。在政府和各委办信息化业务领域，公司中标了全国市场监管数字化试验区(上海)项目。布局人工智能产业，算力二期加快建设：2024年H1，云赛智联当选为“中国人工智能产业发展联盟常务副组长单位”。公司加快完成松江大数据中心（二期）智算中心的建设及配套运营，建成支撑大规模智能算力集群的优质智算中心，松江大数据中心二期工程项目已实现主体结构全面封顶，公司完成了上海算力服务平台在宝山大数据中心的宝山节点构建，松江和宝山两大数据中心之间建立了大容量 OTN 链路。公司大力支持参股企业上海智能算力科技有限公司发展，打造自主智能算力产业生态；垂类模型应用方面，将专注于政务服务和大型国企为主的垂直领域。盈利预测与投资评级：公司是上海数字化领军企业。上海积极建设人工智能产业，公司算力二期项目快速推进，同时积极和微软在AI领域合作。同时，公司积极布局数据要素产业，是上海数据要素产业建设先锋。基于此，我们维持公司2024-2026年归母净利润预测为2.15/2.38/2.63亿元，维持“买入”评级。风险提示：政策推进不及预期；技术研发不及预期；行业竞争加剧。,,东吴证券,买入,[None],2024-08-26,,买入,5735639,pdf_downloads/2024/2024-08-26/600602-云赛智联（600602）：2024年中报点评：数字化业务快速拓展，算力布局稳步推进.pdf,600602,云赛智联,云赛智联（600602）：2024年中报点评：数字化业务快速拓展，算力布局稳步推进
"刘雯蜀,郑毅",业绩表现2024年8月24日公司发布2024年中报【整体业绩】（1）24H1营收28.9亿（同比+15.7%），归母净利润1.13亿（同比+21.78%），扣非归母净利润0.97亿（同比+12.04%）。（2）24Q2营收14.65亿（同比+5.36%），归母净利润0.53亿（同比+3.64%），扣非归母净利润0.41亿（同比-26.36%）。【毛利率、现金流】24H1毛利率18.76%（同比增加0.1pct）、24Q2毛利率19.21%（同比增加0.78pct）；24H1经营活动现金流净额-3.01亿、24Q2经营活动现金流净额1.29亿。【费用率】24H1销售/管理/研发费用率4.17%/4.20%/6.91%，销售费用同比减少6.65%，管理费用同比增加0.46%，研发费用同比增加17.32%。业绩点评深耕数据中心运营，子公司营收、利润增速亮眼公司24H1营收达28.9亿元（+15.7%），归母净利润1.13亿元（+21.78%），成绩亮眼，我们认为高端数据中心运营业务是公司业绩亮眼的重要支撑。根据半年报披露，上海科技网络通信有限公司定位于中立第三方高端数据中心运营商，拥有宝山云计算中心、宝山大数据中心、松江大数据中心等机柜资源。2023H1，上海科技网营收为1.2亿元，净利润为273万元。2024H1，该公司营收高达2.62亿元，净利润为4869万元。2023年初，松江大数据中心一期全面投入运营；同年5月，松江大数据计算中心二期顺利通过拟建数据中心符合性评估和专家评审，取得数据中心建设能耗指标；7月，松江大数据中心二期建设项目作为上海市重大功能性事项导入松江新城，并入选2024年上海市重大工程清单；报告期内，松江大数据中心二期工程项目已实现主体结构全面封顶，公司完成了上海算力服务平台在宝山大数据中心的宝山节点构建，松江和宝山两大数据中心之间建立了大容量OTN链路。我们认为伴随二期项目封顶，公司高端数据中心运营营收、利润有望进一步突破。经营性现金流持续好转，毛利率同比、环比双双提升公司24H1经营活动现金流净额-3.01亿（+15.59%）、24Q2经营活动现金流净额1.29亿（+395.65%），同时公司24H1毛利率18.76%（同比增加0.1pct）、24Q2毛利率19.21%（同比增加0.78pct，环比增加0.91pct）；伴随公司科技化水平逐步提升，运营+产品化销售收入提升所带来的结构性改善，公司全年盈利能力有望得到进一步增强。盈利预测与估值公司云服务和大数据、行业解决方案、智能化产品业务产品体系已成熟，立足上海，辐射长三角、珠三角和京津冀地区，为城市数字化转型提供全流程的场景再造、业务再造。在政策支持、行业趋势以及公司发挥自身优势三者共同驱动下，我们预测公司2024-2026年实现营收60.53/71.43/85.72亿元，同比增速分别为15.00%/18.00%/20.00%，对应归母净利润分别为2.33/2.91/3.57元，同比增速分别为20.53% /25.14%/22.84%，对应EPS为0.17/0.21/0.26元，对应PE为55.88/44.65/36.35倍。维持“买入”评级。风险提示宏观环境风险、政策推进不及预期风险、技术更迭不达预期风险。,,浙商证券,买入,[None],2024-08-26,,买入,5734922,pdf_downloads/2024/2024-08-26/600602-云赛智联（600602）：2024年半年报点评：整体业绩持续向好，IDC运营业务成绩亮眼.pdf,600602,云赛智联,云赛智联（600602）：2024年半年报点评：整体业绩持续向好，IDC运营业务成绩亮眼
Lin Yang,Q1业绩表现亮眼，研发能力持续提升。公司发布2023年年报和2024年一季报。2023年，公司实现营业收入52.64亿元，同比增长16.09%；归母净利润1.93亿元，同比增长6.70%；扣非归母净利润1.22亿元，同比增长116.26%。2024年Q1，实现营业收入14.25 亿元，同比增长28.66%，实现归母净利润0.60 亿元，同比增长44.04%。2023年公司研发投入3.73亿元，申请知识产权74项，其中发明专利25项，授权发明专利6项，14家子公司保持高新技术企业称号，3家公司拥有市级企业技术中心称号，新增“上海市区级政务公共数据运营服务”“上海市区级政务公共数据运营服务”获得“上海品牌”认证。随着仪电智慧城市设计研究院的挂牌成立，公司二三级研发体系基本成型，数据治理与定制化软件开发能力不断提高，拥有“顶层规划-深化设计-建设交付-运营运维-标准规范-迭代创新”的全链服务能力与伴随式服务能力，基本形成了云赛智联IT数创全链能力整体解决方案及产品阵列，完成国资国企在线监管平台等9个重点科研项目并通过验收。为发挥标准规范引领作用，强化提升智慧城市建设和“一网统管”领域的竞争力，公司主导发布了《智慧城市基础设施-综合信息柱数据共享交换指南》（ISO/TR37178）全球智慧城市国际标准，主导、参与发布《智慧城市感知终端应用指南》、《智慧城市城市运行指标体系总体框架》等多份国家标准，牵头发布了国内首个禁捕领域数据地方性标准《禁捕数据元规范》。公司积极实施“做优IDC”战略，算力需求持续提升背景下优势明显。数据中心建设是云赛智联实施“做优IDC”战略路径的重要基石，公司定位于中立第三方高端数据中心运营商，为目标客户提供高可用智算中心和高性能算力服务。2023年，公司持续加大主业投入，更好地服务于公司发展战略。2023年5月16日，上海市经济和信息化委员会公布了新一批明确符合《上海市数据中心建设导则（2021版）》的拟建数据中心项目名单，云赛智联松江大数据计算中心二期顺利通过拟建数据中心符合性评估和专家评审，取得数据中心建设能耗指标。同时，云赛智联与仪电集团等其他股东共同出资建立上海智能算力科技有限公司，积极布局智能算力业务，进一步推进“做优IDC”战略的实施。2023年，松江大数据中心一期项目正式投入运营，110KV电力独立用户站交付使用，实现双路送电，为松江大数据中心扩容做好了准备，二期项目在获得数据中心建设能耗指标后已启动相关建设工作。2023年7月，松江大数据中心二期项目作为上海重大功能性事项导入松江新城，2023年10月，入选上海市新型基础设施重大项目建设和投资机会清单。根据上海市《立足数字经济新赛道推动数据要素产业创新发展行动方案（2023-2025年）》，到2025年，（上海）算力总规模较“十三五”期末翻两番，而云赛智联已经在2023年被评选为上海市算力网络协会副理事长单位，我们认为，公司在上海市大力发展算力的背景下，依靠其深厚的数据中心基础，有望获得增长的强劲动力。公司在数据要素领域基础深厚，利好政策或使公司直接受益。“做深大数据”是云赛智联服务于智慧城市解决方案强化数据中台的战略路径。公司始终致力于探索政务大数据和行业大数据的实践和积累，以项目为依托，在大数据资源平台建设和大数据运营实践中不断培养和提升团队的咨询规划能力、方案设计能力、实施交付能力、数据运营能力、生态整合能力和行业标准能力，形成了数字化转型“全链服务”的商业模式和可复制的典型案例。云赛智联是上海市大数据中心资源平台总集成商和运维商、数据运营平台总运营商，2023年，公司连续第五年中标上海市大数据中心数据运营服务项目。根据上海市《立足数字经济新赛道推动数据要素产业创新发展行动方案（2023-2025年）》，其总体目标即为：“全力推进数据资源全球化配置、数据产业全链条布局、数据生态全方位营造，着力建设具有国际影响力的数据要素配置枢纽节点和数据要素产业创新高地。到2025年，数据要素市场体系基本建成，国家级数据交易所地位基本确立；数据要素产业动能全面释放，数据产业规模达5000亿元，年均复合增长率达15%，引育1000家数商企业；建成数链融合应用超级节点，形成1000个高质量数据集，打造1000个品牌数据产品，选树20个国家级大数据产业示范标杆；数据要素发展生态整体跃升，网络和数据安全体系不断健全，国际交流合作全面深化。”我们认为，公司作为上海市大数据中心资源平台总集成商和运维商、数据运营平台总运营商，在上海市大力发展数据要素的背景下，有望直接获益。云服务业务稳步发展，有望为公司带来长期稳定收入。“做强云服务”是云赛智联战略路径实施方向。公司持续深化MSP云服务能力，构建云服务生态环境。2023年，云赛智联先后与阿里云和腾讯云签署战略合作协议，是微软、阿里、华为、腾讯、中国电信天翼云等国际国内主流云服务供应商的核心MSP服务提供商。公司旗下上海南洋万邦软件技术有限公司连续第六次获评“上海市软件与信息服务业百强”和“上海软件核心竞争力企业”称号，荣登“2023长三角百家品牌软件企业”和“2023上海新兴产业企业100强”榜单，第四度荣膺微软年度国家合作伙伴奖，连续第九年成为Adobe中国区年度最佳合作伙伴，被授予华为“特别奉献伙伴奖”和“行业卓越合作伙伴奖”。公司旗下北京信诺时代科技发展有限公司获评“2023数字化转型卓越创新企业”，荣获Adobe“年度最佳市场与客户服务实践奖”，VMware“大中华区创新市场传播奖”。南洋万邦、信诺时代都是微软金牌合作伙伴、都获得全国最高级别云托管服务商认证AEMSP、获得AI能力认证AIASP等。2023年，公司中标“上海市域铁路调度、运营和技能培训基地工程云平台”项目，是继国资监管云、媒体云等之后的又一个重大行业云项目；中标上海市电子政务云灾备中心子系统建设项目、2023年市电子政务云基础设施运维项目和上云业务支撑保障服务项目，承建完成“上海超级计算中心市公共算力服务平台项目”。我们认为，公司在云服务领域稳步发展，与全球科技巨头如微软、Adobe等保持了良好的合作关系，有望为公司带来长期稳定收入。盈利预测与投资建议。我们认为，公司“做优IDC、做强云服务、做深大数据”战略目前发展顺利，带动公司业务持续稳定的推进，公司Q1业绩表现优秀，更代表公司目前已经走上发展的快车道，未来有望维持较高的增长速度。我们预计，公司 2024/2025/2026归母净利润分别为2.26/2.69/3.25亿元（原2024-25预测为2.46、2.91亿元），EPS分别为0.17/0.20/0.24元，给予2024年动态PE100倍（原为80x），目标价16.52元（+15%），维持“优于大市”评级。风险提示。人工智能发展不及预期，数据要素发展不及预期，政策推进不及预期。,,海通国际证券,优于大市,[None],2024-05-17,,买入,5632443,pdf_downloads/2024/2024-05-17/600602-云赛智联（600602）：Q1业绩表现亮眼，算力+数据要素双轮驱动公司长期发展.pdf,600602,云赛智联,云赛智联（600602）：Q1业绩表现亮眼，算力+数据要素双轮驱动公司长期发展
"刘雯蜀,郑毅",业绩表现2024年4月27日公司发布2024年一季报【整体业绩】24Q1营收14.25亿元（+28.66%），归母净利润0.60亿元（+44.04%），扣非归母净利润0.56亿元（+82.83%）。【现金流】24Q1经营活动现金流净额-4.31亿元，同比减少37.52%。【费用率】24Q1销售/管理/研发费用率4.07%/4.11%/6.89%，销售费用率同比减少1.44pct，管理费用率同比减少1.81pct，研发费用率同比减少0.93pct。业绩点评IDC业务或为Q1业绩大增的关键节点公司24Q1营收达14.25亿元（+28.66%），归母净利润0.60亿元（+44.04%），扣非归母净利润0.56亿元（+82.83%），远超市场预期，我们认为IDC业务的正式投入运营或成为Q1业绩的关键转折点。根据年报披露，松江大数据中心一期项目正式投入运营，110KV电力独立用户站交付使用，实现双路送电，为松江大数据中心扩容做好了准备，同时二期项目在获得数据中心建设能耗指标后已启动相关建设工作。我们认为伴随国家对大数据产业的不断重视，公司的数据中心项目未来或能持续产生业绩回报。数据要素产业深度布局持续为公司业绩赋能2023年10月25日，国家数据局正式揭牌，负责协调推进数据基础制度建设，统筹数据资源整合共享和开发利用，统筹推进数字中国、数字经济、数字社会规划和建设等，由国家发展和改革委员会管理。同年，国家数据局公开印发《“数据要素x”三年行动计划（2024-2026年）》，实施“数据要素x”三年行动计划，该文件量化目标明确、支持方向明确、发展方向明确，推进数据要素在相关领域的广泛利用。“做深大数据”是云赛智联服务于智慧城市解决方案强化数据中台的战略路径。公司始终致力于探索政务大数据和行业大数据的实践和积累，以项目为依托，在大数据资源平台建设和大数据运营实践中不断培养和提升团队的咨询规划能力、方案设计能力、实施交付能力、数据运营能力、生态整合能力和行业标准能力，形成了数字化转型“全链服务”的商业模式和可复制的典型案例。云赛智联是上海市大数据中心资源平台总集成商和运维商、数据运营平台总运营商，2023年公司连续第五年中标上海市大数据中心数据运营服务项目。云赛智联是少数能提供几乎覆盖数据要素全产业链产品的企业，依托国资背景并结合三大业务联动形成的组合拳优势，公司有望持续保有市场竞争力，在未来市场中抢占先机。布局算力租赁业务大有可为2023年6月29日，云赛智联与上海仪电集团、上海数据集团、上海市信息投资股份有限公司和其他非关联股东共同出资成立上海智能算力科技有限公司。其中，仪电集团（云赛智联母公司）持股44%，云赛智联持股11%，上海数据集团持股10%，上海市信息投资股份有限公司持股20%，上海阶跃星辰智能科技有限公司持股10%，上海松江国有资产投资经营管理集团有限公司持股5%。其中阶跃星辰为专注于通用人工智能的研究和探索的大模型厂商，目前公司已经推出了Step系列通用大模型，包括Step-1V千亿参数多模态大模型，以及Step-2万亿参数MoE语言大模型。上海智能算力科技有限公司有望通过阵容强大的股东背景持续为云赛创造投资收益。盈利预测与估值公司云服务和大数据、行业解决方案、智能化产品业务产品体系已成熟，立足上海，辐射长三角、珠三角和京津冀地区，为城市数字化转型提供全流程的场景再造、业务再造。在政策支持、行业趋势以及公司发挥自身优势三者共同驱动下，我们预测公司2024-2026年实现营收60.53/71.43/85.72亿元，同比增速分别为15.00%/18.00%/20.00%，对应归母净利润分别为2.33/2.91/3.57元，同比增速分别为20.53% /25.14%/22.84%，对应EPS为0.17/0.21/0.26元，对应PE为74.17/59.27/48.25倍。维持“买入”评级。风险提示宏观环境风险、政策推进不及预期风险、技术更迭不达预期风险。,,浙商证券,买入,[None],2024-04-29,,买入,5608531,pdf_downloads/2024/2024-04-29/600602-云赛智联（600602）：2024年一季报点评：营收利润超预期，IDC业务或成为增长爆发点.pdf,600602,云赛智联,云赛智联（600602）：2024年一季报点评：营收利润超预期，IDC业务或成为增长爆发点
"刘高畅,陈芷婧",事件：4月26日晚，公司发布《2024年第一季度报告》，实现营业收入14.25亿元，同比增长28.66%，实现归属于上市公司股东的净利润0.60亿元，同比增长44.04%，超出市场预期。24Q1业绩超预期，云计算大数据业务快速推进。1）报告期内，公司实现营业收入14.25亿元，同比增长28.66%；实现归母净利润0.60亿元，同比增长44.04%；实现扣非净利润0.56亿元，同比增长82.83%，各项业务保持快速发展态势，超出市场预期。2）根据公司官方微信公众号报道，2月19日，上海市发展和改革委员会正式公布2024年上海市重大工程清单，仪电智算中心（松江）（即云赛智联松江大数据计算中心（二期））入选该清单，位列科技产业类“计划新开工”4项重大工程之一。我们认为，凭借上海数字经济的核心卡位、多年积累的算力运营实力，公司云计算大数据业务或保持快速推进。毛利率总体稳定，费用率得到一定控制。1）报告期内，公司实现毛利率18.30%，相比上年同期下降0.66个pct，总体保持稳定。2）费用率来看，报告期内，公司销售费用率为4.07%，相比上年同期下降1.44个pct；管理费用率为4.11%，相比上年同期下降1.81个pct；研发费用率为6.89%，相比上年同期下降0.93个pct，费用率得到一定控制。要素主力与智算核心，上海国资云领主启航。1）数据要素：2022年以来，数字经济及数据要素已成为国家顶级战略，公司为上海城市数字化转型建设的主要力量，在数据要素方面已实现国资云、政务数据治理、数据产品开发应用等全产业链布局。2）智算平台：2023年8月，上海市人民政府办公厅印发《立足数字经济新赛道推动数据要素产业创新发展行动方案（2023-2025年）》，指出到2025年算力总规模较“十三五”期末翻两番。2023年6月30日，公司已公告与仪电集团等合资成立算力设施公司，持股11%，上海智算顶级平台地位确立，落地速度有望持续超预期。3）智能云服务：公司旗下上海南洋万邦软件技术有限公司和北京信诺时代科技发展有限公司是微软、阿里、华为、中国电信等主流云服务厂商在国内核心的MSP服务商。目前，微软已成为全球AIGC技术与应用领军，公司有望依托Azure云服务，扎实推进AI能力输出。维持“买入”评级。公司为上海数字经济核心服务商，伴随着算力基础设施、数据要素、政企数字化转型的加快推进，业务有望稳健增长。我们预计公司2024-2026年实现营业收入60.23、68.17、76.61亿元，实现归母净利润2.32、2.77、3.23亿元。维持“买入”评级。风险提示：政府支出不及预期；AI技术发展不及预期；收入及利润假设不及预期；国际关系影响。,,国盛证券,买入,[None],2024-04-28,,买入,5605423,pdf_downloads/2024/2024-04-28/600602-云赛智联（600602）：24Q1业绩超预期，上海数字经济核心平台空间广阔.pdf,600602,云赛智联,云赛智联（600602）：24Q1业绩超预期，上海数字经济核心平台空间广阔
耿军军,公司于2024年3月27日收盘后发布《2023年年度报告》。点评：扣非归母净利润实现快速增长，经营性现金流大幅改善2023年，公司实现营业收入52.64亿元，同比增长16.09%；实现归母净利润1.93亿元，同比增长6.70%；实现扣非归母净利润1.22亿元，同比增长146.92%；经营活动产生的现金流量净额为4.62亿元，同比增长116.26%。分产品来看，云计算大数据业务实现收入25.43亿元，同比下降1.19%，毛利率为18.49%；行业解决方案业务实现收入22.04亿元，同比增长51.92%，毛利率为10.98%；智能化产品业务实现收入6.24亿元，同比增长12.11%，毛利率为39.29%。践行做优IDC战略，积极布局智能算力业务2023年，公司与仪电集团等其他股东共同出资建立上海智能算力科技有限公司，积极布局智能算力业务，进一步推进“做优IDC”战略的实施。2023年，松江大数据中心一期项目正式投入运营，110KV电力独立用户站交付使用，实现双路送电，为松江大数据中心扩容做好了准备；7月，松江大数据中心二期项目作为上海重大功能性事项导入松江新城，10月，入选上海市新型基础设施重大项目建设和投资机会清单。2023年，公司被评选为上海市算力网络协会副理事长单位，公司旗下上海科技网络通信有限公司凭借高性能算力解决方案，荣获“2023长三角区域高质量算力解决方案提供商奖”，金融信创数据中心解决方案获“2022年度中国IDC产业数据中心优秀解决方案”，松江大数据中心入选“上海市新型数据中心创新发展案例—高能效”名单。与微软、阿里等云厂商深度合作，做大做强云服务业务2023年，公司先后与阿里云和腾讯云签署战略合作协议，是微软、阿里、华为、腾讯、中国电信天翼云等国际国内主流云服务供应商的核心MSP服务提供商。公司旗下子公司南洋万邦、信诺时代都是微软金牌合作伙伴、都获得全国最高级别云托管服务商认证AEMSP、获得AI能力认证AIASP等。公司中标“上海市域铁路调度、运营和技能培训基地工程云平台”项目，是继国资监管云、媒体云等之后的又一个重大行业云项目；中标上海市电子政务云灾备中心子系统建设项目、2023年市电子政务云基础设施运维项目和上云业务支撑保障服务项目，承建完成“上海超级计算中心市公共算力服务平台项目”。盈利预测与投资建议公司秉承“成为中国一流的智慧城市综合解决方案提供商和运营商”的发展愿景，未来持续成长空间广阔。预测公司2024-2026年的营业收入为60.39、68.71、77.57亿元，归母净利润为2.39、2.82、3.26亿元，EPS为0.17、0.21、0.24元/股，对应PE为73.76、62.49、54.09倍。考虑到行业的景气度和公司未来的成长空间，维持“买入”评级。风险提示宏观经济环境风险；高端人才队伍储备不足风险；技术风险；商誉减值风险。,,国元证券,买入,[None],2024-04-03,,买入,5572101,pdf_downloads/2024/2024-04-03/600602-云赛智联（600602）：2023年年度报告点评：营收实现稳健增长，积极布局智能算力.pdf,600602,云赛智联,云赛智联（600602）：2023年年度报告点评：营收实现稳健增长，积极布局智能算力
"刘高畅,陈芷婧",事件：3月27日，公司发布《2023年年度报告》，实现营业收入52.64亿元，同比增长16.09%；归属于上市公司股东的净利润1.93亿元，同比增长6.70%，符合市场预期。2023年业绩稳健增长，数字经济业务稳步推进。1）2023年全年，公司实现营业收入52.64亿元（+16.09%）；归母净利润1.93亿元（+6.70%），经营稳健增长。同期，公司实现归母扣非净利润1.22亿元（+146.92%）。2）2023Q4，公司实现营业收入15.58亿（同比增长8.38%）；归母净利润0.37亿（同比增长31.11%）；扣非归母净利润0.23亿（同比减少4.40%）。3）分业务来看，2023年，公司云计算大数据收入25.43亿（-1.19%），报告期内松江大数据中心一期项目正式投入运营，且二期项目已作为上海重大功能性事项导入松江新城；行业解决方案收入22.04亿（+51.92%），在城市安全治理和智慧民生领域快速发展；智能化产品收入6.24亿（+12.11%），致力于引领国内科学仪器产品中高端市场。毛利率短期承压，费用率及现金流稳定向好。1）2023年毛利率17.99%（-1.75个pct）、23Q4毛利率16.01%（-5.97个pct），毛利率短期承压，考虑公司在上海数字经济的核心卡位，利润率有望恢复。2）2023年销售/管理/研发费用率分别为4.97%、5.24%、7.08%，相比上年分别+0.04%、-1.2%、-0.88%，维持相对稳定3）23年经营活动现金流净额4.62亿元（+116.26%）、23Q4经营活动现金流净额8.70亿元（同比增长79.38%）。要素核心与智算主力，上海国资云领主启航。1）数据要素：2022年以来，数字经济及数据要素已成为国家顶级战略，公司为上海国资委旗下核心的数字经济平台，在数据要素方面已实现国资云、政务数据治理、数据产品开发应用等全产业链布局。2）智算平台：2023年8月，上海市人民政府办公厅印发《立足数字经济新赛道推动数据要素产业创新发展行动方案（2023-2025年）》，指出到2025年算力总规模较“十三五”期末翻两番。2023年6月30日，公司已公告与仪电集团等合资成立算力设施公司，持股11%，上海智算顶级平台地位确立，落地速度有望持续超预期。3）智能云服务：公司旗下上海南洋万邦软件技术有限公司和北京信诺时代科技发展有限公司是微软、阿里、华为、中国电信等主流云服务厂商在国内核心的MSP服务商。目前，微软已成为全球AIGC技术与应用领军，公司有望依托Azure云服务，扎实推进AI能力输出。维持“买入”评级。公司为上海数字经济核心服务商，伴随着算力基础设施、数据要素、政企数字化转型的加快推进，业务有望稳健增长。同时，考虑到2023年政务数字化竞争较为激烈，短期小幅影响利润率水平，我们调整盈利预测，预计公司2024-2026年实现营业收入60.23、68.17、76.61亿元，实现归母净利润2.27、2.65、3.00亿元。维持“买入”评级。风险提示：政府支出不及预期；AI技术发展不及预期；收入及利润假设不及预期；国际关系影响。,,国盛证券,买入,[None],2024-04-02,,买入,5568924,pdf_downloads/2024/2024-04-02/600602-云赛智联（600602）：23年业绩符合预期，上海数字经济核心平台空间广阔.pdf,600602,云赛智联,云赛智联（600602）：23年业绩符合预期，上海数字经济核心平台空间广阔
"王紫敬,王世杰",营收稳健增长，费用率有所优化：分业务来看，2023年公司云计算与大数据业务收入25.43亿元，同比减少1.19%；行业解决方案业务营收22.04亿元，同比增长51.92%；智能化产品营收6.24亿元，同比增长12.11%；其他产品业务营收0.13亿元，同比增长31.33%。2023年，公司销售费用率4.97%，同比增长0.04pct；研发费用率7.08%，同比减少0.88pct；管理费用率5.24%，同比减少-1.2pct。上海AI建设加快，云赛领军算力和AI。云赛与AI大模型公司阶跃星辰同为上海智算公司股东。云赛与AI阶跃星辰分别持有上海智能算力科技公司11%和10%股权。2024年3月23日，阶跃星辰发布Step 系列通用大模型。产品包括Step-1千亿参数语言大模型、Step-1V 千亿参数多模态大模型，以及Step-2万亿参数 MoE 语言大模型的预览版，提供 API 接口给部分合作伙伴试用。阶跃星辰发布了万亿参数大模型预览版，标志着国产AI大模型取得了巨大进步。2023年，松江大数据中心一期项目正式投入运营，110KV 电力独立用户站交付使用，实现双路送电，为松江大数据中心扩容做好了准备，二期项目在获得数据中心建设能耗指标后已启动相关建设工作。数据要素政策落地在即，上海数据要素先锋：3月25日，国家数据局局长刘烈宏出席中国发展高层论坛2024年年会并演讲，明确提出1）探索建立有利于激发市场活力的收益分配机制，解决入表实践中的问题。2）积极推动公共数据资源管理和运营机制改革。3）探索布局数据基础设施，加快数据空间、高速数据网等技术的研究。4）不断优化数据跨境流动规则。我们预计相关政策将很快推出，上海数据要素市场建设进度全国领先，云赛智联作为上海数字化建设领军者，有望成为上海公共授权运营核心参与方。盈利预测与投资评级：AI、数据要素和算力是当前数字经济发展的三大主要方向，云赛智联卡位上海，布局AI、算力和数据要素多领域。背靠上海国资委，随着上海AI、算力和数据要素建设加快，公司有望迎来加速发展。但由于2023年，数字化建设竞争较为激烈，我们下调2024-2025年归母净利润预测为2.15（2.52）/2.38（2.88）亿元，给予2026年归母净利润预测为2.63亿元，维持“买入”评级。风险提示：政策推进不及预期；技术研发不及预期；行业竞争加剧。,,东吴证券,买入,[None],2024-03-31,,买入,5565797,pdf_downloads/2024/2024-03-31/600602-云赛智联（600602）：2023年年报点评：卡位上海，算力和数据要素齐头并进.pdf,600602,云赛智联,云赛智联（600602）：2023年年报点评：卡位上海，算力和数据要素齐头并进
黄楷,云赛智联发布2023年年度报告，2023年公司实现营收52.64亿元，同比增长16.09%；归母净利润1.93亿元，同比增长6.70%；扣非归母净利润1.22亿元，同比增长146.92%；毛利率为17.99%，同比下降1.75pct。单季度来看，第四季度公司实现营收15.58亿元，同比增长8.38%；归母净利润0.37亿元，同比增长31.11%；扣非归母净利润0.23亿元，同比下降4.40%，毛利率为16.01%，同比下降5.97pct。积极布局智能算力2023年，公司与仪电集团等其他股东共同出资建立上海智能算力科技有限公司，积极布局智能算力业务，进一步推进“做优IDC”战略的实施。松江大数据中心一期项目正式投入运营，110KV电力独立用户站交付使用，实现双路送电，为松江大数据中心扩容做好了准备。2023年5月16日，松江大数据计算中心二期取得数据中心建设能耗指标，10月27日，公司公告拟启动松江大数据中心二期项目建设，建设高电量机架约1124个，合计IT功率22MW，总投资约为7.95亿元，预计2024年底交付。公司与上海智能算力科技有限公司2023年关联交易发生金额为3.62亿元，2024年关联交易预计金额为6.67亿元。行业解决方案高增主营业务中，云计算大数据营收为25.43亿元，同比下降1.19%；行业解决方案营收为22.04亿元，同比增长51.92%；智能化产品营收为6.24亿元，同比增长12.11%。公司行业解决方案主要包括城市安全治理和智慧民生领域，未来将基于目前已经逐步积累的智能算力基础设施、人工智能垂类模型应用和大数据运营能力，更好地赋能行业应用和服务数字经济。盈利预测、估值与评级我们预计公司2024-2026年营业收入分别为61.57/72.10/83.64亿元，同比增速分别为16.97%/17.11%/16.00%，归母净利润分别为2.46/3.25/4.53亿元，同比增速分别为27.52%/32.22%/39.20%，EPS分别为0.18/0.24/0.33元/股，3年CAGR为32.90%。鉴于公司深度参与上海城市数字化，启动松江大数据中心二期项目，有望受益于数据要素产业发展和算力设施建设，建议保持关注。风险提示：市场竞争加剧风险，产品和技术不及预期，算力设备供应存在不确定性，租赁价格波动风险等。,,国联民生证券,,[None],2024-03-31,,,5565573,pdf_downloads/2024/2024-03-31/600602-云赛智联（600602）：积极布局智能算力，行业解决方案高增.pdf,600602,云赛智联,云赛智联（600602）：积极布局智能算力，行业解决方案高增
Lin Yang,上海国资云服务生力军，践行“做优IDC、做强云服务、做深大数据、布局行业应用”的发展路径。云赛智联是一家以云服务与大数据、智慧城市行业解决方案、智能化产品为核心业务的专业化信息技术服务企业。多年来，公司始终坚持智慧城市战略，秉承“成为中国一流的智慧城市综合解决方案提供商和运营商”的发展愿景，践行“做优IDC、做强云服务、做深大数据、布局行业应用”的发展路径，坚持深挖细分行业，履行“强政、兴业、惠民”的责任使命。在推展数字经济、布局数字产业的大背景下，公司以数字化转型为契机，加快数据中台和算力基础设施底座打造，提升数字化转型全链服务能力，深耕“ToG和ToB”业务领域，不断研究和探索智慧城市的商业模式，广泛参与智慧城市应用示范，致力于构建物联网、云计算、大数据等新一代信息技术与平台的新型商业生态，不断提升公司核心实力和综合能力。公司实控人为上海市国资委，公司参与建设和运营市国资委国企监管云、市委网信办媒体云，并成功实现了在市国资委等多个委办派驻式服务，2023年H1，公司中标上市财政局等多个委办数字化项目运维和综合保障项目。2023年前三季度，公司实现营收37.06亿元，同比增长19.67%；归母净利润1.56亿元，同比增长2.20%；扣非归母净利润0.99亿元，同比增长284.19%。2023单Q3，公司实现营收12.08亿元，同比下降0.23%；归母净利润0.63亿元，同比增长2.43%。毛利率方面，2023年前三季度，公司实现毛利率18.82%，同比增长0.12pcts。深耕智能算力，公司数据中心二期已完成布局。公司以高等级数据中心建设和运营为核心，打造公司城市数字化转型业务坚实的数字底座。公司下属上海科技网络通信有限公司定位于中立第三方高端数据中心运营商，现有徐汇数据中心、宝山云计算中心、宝山大数据中心、松江大数据中心共计超过7000个机柜资源。松江大数据中心一期项目获得“长三角绿色低碳示范数据中心大奖”，并成为“国家新型数据交换中心节点”，通过“国标最高等级的增强级(GB50174-2017A级)”认证。2023H1，松江大数据中心一期全面投入运营，公司投资建设的110KV独立电力用户站正式启用，为数据中心二期项目做好了准备。10月28日，公司公告，公司拟以科技网的子公司云赛数海为投资主体，在松江大数据中心一期的基础上启动松江大数据中心二期项目的建设。本项目拟投资建设高电量机架约1124个，合计IT功率22MW，项目建设总投资约为7.95亿元。本项目服务于市级智能算力集群建设，为上海提供智能算力平台的基础设施服务。作为上海城市数字化转型主力军的基础和支撑，公司代表着上海国资国企的高端数据中心和算力中心，致力于为客户提供全栈式可持续的数据中心解决方案和端到端的优质服务保障。为抓住算力中心发展战略机遇，并推动建设面向全国及长三角区域服务、支持跨域资源调度的算力中心的需求，2023H1，云赛智联与仪电集团等其他股东共同出资建立上海智能算力科技有限公司，进一步推进“做优IDC”战略的实施。高度重视数据要素，公司在政务大数据领域不断取得突破。“做深大数据”是云赛智联服务于智慧城市解决方案数据中台的战略实施路径。自2017年公司成功中标上海市电子政务云IaaS平台后，公司在政务大数据领域不断取得突破，相继完成了上海市电子政务云中间平台的建设和运营，上海市电子政务云PaaS平台的建设，中标2019-2020年上海市DaaS数据平台集成和数据运营总包项目，2020年上海市大数据中心（2020-2022）数据运营服务，2021年上海市大数据中心大数据资源平台建设二期项目，2022年上海市大数据中心建设运营一体化项目。目前，云赛智联已经成为上海市大数据中心资源平台总集成商和运维商、数据运营平台总运营商。在多年的实践中公司不断积累和沉淀企业的产品和解决方案，持续打造和提升大数据团队的规划咨询能力、方案设计能力、实施交付能力、运营服务能力、生态整合能力和行业标准能力。公司以数据资源平台建设和运营为支撑，拓展上海各区“两网建设”城市数字化转型业务。迄今为止，公司已在闵行、崇明等十个区分别实施了大数据建设和运营及“两网建设”项目。公司以上海城市数字化转型经验拓展延伸助力外省市数字化治理，2022年成功中标成都市“智慧蓉城运行管理平台数据资源能力提升”平台建设项目、“智慧蓉城运行管理平台数据治理服务采购项目”。2023H1，公司成功中标上海市电子政务基础设施运行维护项目和各区大数据资源平台项目。公司以大数据运营为契机，进一步布局上海市各委办局及大数据中心政务信息化领域业务，通过深入各委办业务的规划设计、方案细化、标准制定、分布实施，公司成功实现了在市国资委等多个委办派驻式服务。2023H1，公司中标市财政局等多个委办数字化项目运维和综合保障项目。智能算力与数据要素双轮并进，利好政策背景下公司有望持续受益。2023年11月7日，上海市经济信息化委等五部门联合制定并发布了《上海市推动人工智能大模型创新发展若干措施（2023-2025 年）》（以下简称《措施》），专门提出实施大模型智能算力加速计划。打造市级智能算力统筹调度平台，构建规模化先进算力调度和供给能力。对符合条件的智算中心，在能耗指标等方面予以绿色通道优先支持；加快临港、金山、松江等重点智算产业集聚区建设。加强市区联动，对2024年底前在沪完成智能算力部署并纳入统筹、接受调度的算力建设主体，经评估给予适当额度的部署奖励；对租用纳入本市统筹调度的算力进行大模型研发的本市主体，经评估按算力集群规模和成果水平给予最高10%的租用补贴。建设市域极速智能算力承载网，实现市域智能算力中心间100 Gb/S 以上高速直连和毫秒级时延。此外，《措施》还提出语料数据资源共建共享。组建大模型语料数据联盟，鼓励多元主体共同推动高水平语料数据要素建设。建立语料数据知识产权保护框架，充分利用区块链等技术，深化以贡献为导向的激励机制和评估认证机制。依托上海数据交易所建立语料数据交易板块。我们认为，《措施》对于算力和数据这两项大模型重要的发展要素做出了具体安排和指引，公司目前数据要素与智能算力双轮并进，恰好符合《措施》提出的各项利好政策，未来公司有望持续受益。盈利预测与投资建议。我们认为，公司作为上海国资云服务生力军，在利好政策持续推动的背景下，公司智能算力与数据要素双轮并进，未来有望维持较高的增长速度。我们假设：1）云计算大数据业务方面，该业务板块覆盖了公司智能算力与数据要素两大主营业务领域，考虑到公司数据中心二期已完成布局，在政务大数据领域也不断取得突破，在利好政策背景下，该板块业务有望维持稳定高速增长。我们预计2023-2025年公司云计算大数据业务同比增速分别为18%、22%和23%。2）行业解决方案业务方面，该业务主要包括城市安全治理和智慧民生两个方面，智慧民生领域又涵盖了教育、医疗、市政民生、检测溯源等行业，2023H1，公司中标标准化考点建设项目、外语听说考场建设项目和几个区学校信息化配套项目，公司承建的国家管网西气东输公司储气库数据采集及数字化平台基础功能研发项目完成交付验收，成功续约上海城投水务集团CIS业务新一年度运维服务项目，中标供水公司信息化平台系统运维服务项目、供水公司智慧供水管理统一平台及群租用水专题项目等，可以看出该领域业务也在稳定发展中，我们预计公司行业解决方案业务2023-2025年同比增速分别为3%、5%和5%。3）智能化产品业务方面，该业务公司主要是由公司下属的国内科学仪器行业领军企业上海仪电科学仪器股份有限公司提供，包括“雷磁”系列电化学产品总计五个大类，二十个小类，主营仪器约170余型，传感器200余款及光学仪器产品等，考虑到该业务已经拥有较为深厚的市场基础，我们认为该业务未来有望维持稳定低速的增长，预计公司智能化产品业务2023-2025年同比增速分别为5%、5%和5%。整体来看，我们预计公司2023/2024/2025归母净利润分别为2.09/2.46/2.91亿元，EPS分别为0.15/0.18/0.21元，给予2024年PE80倍，目标价14.38元，首次覆盖给予“优于大市”评级。风险提示。人工智能发展不及预期，数据要素发展不及预期，政策推进不及预期。,,海通国际证券,优于大市,[None],2024-01-16,,买入,5486724,pdf_downloads/2024/2024-01-16/600602-云赛智联（600602）公司研究报告：上海国资云服务生力军，智能算力与数据要素双轮并进.pdf,600602,云赛智联,云赛智联（600602）公司研究报告：上海国资云服务生力军，智能算力与数据要素双轮并进
耿军军,致力于成为中国一流的智慧城市综合解决方案提供商和运营商公司是一家以云服务与大数据、智慧城市行业解决方案、智能化产品为核心业务的专业化信息技术服务企业。公司始终坚持智慧城市战略，秉承“成为中国一流的智慧城市综合解决方案提供商和运营商”的发展愿景，践行“做优IDC、做强云服务、做深大数据、布局行业应用”的发展路径，坚持以国家、上海数字经济发展战略为指引，主动服务于上海全面提升城市治理现代化水平的战略目标。2023年前三季度，公司实现营业收入37.06亿元，同比增长19.67%，实现扣非归母净利润0.99亿元，同比增长284.19%。我国数字经济规模持续扩大，公司有望充分享受政策红利根据中国信通院的数据，2022年，我国数字经济规模达50.2万亿元，同比增加4.68万亿元，我国数字经济持续做大。上海市政府提出：全力推进数据资源全球化配置、数据产业全链条布局、数据生态全方位营造，着力建设具有国际影响力的数据要素配置枢纽节点和数据要素产业创新高地，到2025年，数据要素市场体系基本建成，数据产业规模达5000亿元，年均复合增长率达15%，引育1000家数商企业。为服务国家数字化战略和上海城市治理现代化需求，公司在基础构架、云服务能力、大数据中台、行业应用、信息安全等方面进一步提升核心技术能力，有望充分享受政策红利。深入参与上海市大数据资源平台建设与运营，共同建立算力设施公司 2022年，公司根据战略规划和上海城市数字化转型要求，深入参与上海市大数据资源平台的建设与运营，充分发挥顶层设计和标准规范引领作用，承担多项政府和大型企业数字化转型顶层设计，全力推进上海市、区两级部分“一网通办、一网统管”的平台建设，承接各类数据汇聚、数据治理、数据运营、数据分析挖掘等项目，形成多个核心技术平台。2023年6月，公司与仪电集团等股东共同出资建立算力设施公司，有望打开全新成长空间。盈利预测与投资建议公司秉承“成为中国一流的智慧城市综合解决方案提供商和运营商”的发展愿景，未来持续成长空间广阔。预测公司2023-2025年的营业收入为52.51、59.72、67.10亿元，归母净利润为2.08、2.65、3.28亿元，EPS为0.15、0.19、0.24元/股，对应PE为74.12、58.25、46.96倍。考虑到行业的景气度和公司未来的成长空间，首次推荐，给予“买入”评级。风险提示宏观经济环境风险；高端人才队伍储备不足风险；技术风险；商誉减值风险。,,国元证券,买入,[None],2023-12-29,,买入,5466701,pdf_downloads/2023/2023-12-29/600602-云赛智联（600602）首次覆盖报告：坚持智慧城市战略，抢抓算力发展机遇.pdf,600602,云赛智联,云赛智联（600602）首次覆盖报告：坚持智慧城市战略，抢抓算力发展机遇
"王紫敬,王世杰",云赛智联(600602)事件：2023年10月27日，云赛智联发布2023年三季报。2023年前三季度，公司实现营收37.06亿元，同比增长19.67%；归母净利润1.56亿元，同比增长2.20%；扣非归母净利润0.99亿元，同比增长284.19%。业绩符合市场预期。投资要点业绩稳健增长，毛利率平稳提升：2023前三季度，公司扣非归母净利润同比大幅增长，主要系上年同期公司转让子公司仪电工程股权获益占比较高所致。单Q3，公司实现营收12.08亿元，同比减少0.23%；归母净利润0.63亿元，同比增加2.43%；扣非归母净利润0.13亿元，同比减少77.67%，主要系公司子公司转让上海松下微波炉有限公司40%股权获益属于非经常性损益所致。2023年前三季度，公司实现毛利率18.82%，同比上升0.12pct，盈利能力逐步加强。数据要素产业稳步推进，上海市抢先布局：2023年10月25日，国家数据局正式揭牌，数据要素领域相关重大改革蓄势待发。专家预计“十四五”期末我国数据要素流通市场将达万亿元规模，需积极推进数据交易。上海市数据要素布局全国领先，于10月19日印发《上海市进一步推进新型基础设施建设行动方案（2023-2026年）》，在建设数智融合的高质量数据基础设施方面，提出率先创建国家级数据交易平台。2023年以来，上交所数据交易额不断攀升，数据交易“上海模式”渐成。云赛作为上海数据要素领军者，后续有望充分受益。算力二期开启建设，后续有望参与算力调度：2023年9月27日，公司公告拟受让仪电集团所持上海科技网20%股权。受让完成后，公司将持有科技网100%股权。本次受让是为了公司后续推动松江数据中心二期规划建设做准备。9月27日，公司公告拟投资7.95亿元启动建设松江大数据中心二期，投资建设高电量机架约1124个。该项目IT功率较高，专为AI算力服务器建设，为算力二期建设做准备。2023年9月20日，公司被选为上海市算力网络协会副理事长，有望深度参与上海及长三角地区算力调度。盈利预测与投资评级：上海数据要素和算力建设进度全国领先，公司卡位优势明显，积极布局算力租赁。后续随着数据要素产业政策落地和算力调度市场建设加快，公司有望迎来加速发展。基于此，我们维持公司2023-2025年归母净利润预测为2.18/2.52/2.88亿元，维持“买入”评级。风险提示：政策推进不及预期；技术研发不及预期；行业竞争加剧。,,东吴证券,买入,[None],2023-11-02,,买入,5372943,pdf_downloads/2023/2023-11-02/600602-云赛智联（600602）2023年三季报点评：算力二期开启，上海数据要素和算力领军.pdf,600602,云赛智联,云赛智联（600602）2023年三季报点评：算力二期开启，上海数据要素和算力领军
"杨思睿,王屿熙","云赛智联(600602)公司2023年前三季度实现营收37.06亿元（+19.67%）、归母净利1.56亿元（+2.20%）、扣非净利0.99亿元（+284.19%）。公司公布算力二期建设项目规划，加速推进上海地区算力建设任务，同时数据要素方面承担平台建设与运营等重要业务，后续项目机会充足。维持买入评级。支撑评级的要点Q3经营稳健，费用管控良好。公司2023Q3实现收入12.08亿元（-0.23%）、归母净利0.63亿元（+2.43%）、扣非净利0.13亿元（-77.67%），经营持续稳健，利润端主要系公司子公司转让所持上海松下微波炉有限公司40%股权获益属于非经常性损益所致。前三季度销售/管理/研发/财务费用同比+25.01%/+2.26%/+0.01%/-13.51%，整体费用率15.28%(-1.89pct)，整体毛利率18.82%（+0.12pct）。算力二期开启，领航上海算力建设。2023年8月，上海市人民政府办公厅印发《立足数字经济新赛道推动数据要素产业创新发展行动方案（2023-2025年）》，指出到2025年算力总规模较“十三五”期末翻两番。公司作为上海国资委旗下重要信息化企业，在上海地区智算建设中承担重要作用。10月28日，公司公告投建松江大数据中心二期项目，总投资7.95亿元，拟投资建设高电量机架约1,124个，合计IT功率22MW，预计2024年底交付。6月，公司与仪电集团、数据集团等合资成立上海智算公司，合计投资额20亿元（公司持股11%）用于上海智能算力建设，相关算力资产正在持续到货。占据上海地区数据要素市场核心地位。10月25日，国家数据局正式揭牌，10月国务院任命沈竹林为国家数据局副局长，国家数据局首次国考招聘启动。随着国家大数据局组织架构的完善，公共数据运营、数据确权登记、数据交易等基础性领域有望加速推进，数据要素迎来提速期。公司作为上海国资委旗下核心的数字经济平台，在数据要素方面已实现国资云、政务数据治理、数据产品开发应用等全产业链布局，是上海市大数据中心资源平台总集成商和运维商、数据运营平台总运营商，相继完成了上海市多个电子政务云平台和大数据中心项目建设。估值维持2023~2025年归母净利润为2.30、3.01、4.13亿元，对应EPS为0.17、0.22和0.30元的预测，对应PE分别75/57/42倍。维持买入评级。评级面临的主要风险项目建设进度不及预期；市场竞争加剧。",,中银国际,买入,[None],2023-11-01,,买入,5371617,pdf_downloads/2023/2023-11-01/600602-云赛智联（600602）：Q3经营稳健，算力二期建设开启.pdf,600602,云赛智联,云赛智联（600602）：Q3经营稳健，算力二期建设开启
"姜青山,黄楷",事件：云赛智联发布2023年三季度报告，前三季度实现营业收入为37.06亿元，同比增长19.67%；实现归母净利润为1.56亿元，同比增长2.20%；实现扣非归母净利润为0.99亿元，同比增长284.19%；毛利率为18.82%，同比上升0.12pct。单季度来看，第三季度实现营业收入为12.08亿元，同比下降0.23%；实现归母净利润为0.63亿元，同比增长2.43%；实现扣非归母净利润为0.13亿元，同比下降77.67%。启动松江大数据中心二期项目，服务上海市智能算力建设公司以高等级数据中心建设和运营为核心，打造城市数字化转型业务坚实的数字底座。6月30日，公司公告拟与仪电集团、数据集团、信投股份和其他非关联股东方以向上海智能算力科技有限公司非同比例增资的方式，共同出资建立算力设施公司，拟增资2.2亿元，持股11%。10月27日，公司公告拟启动松江大数据中心二期项目建设，建设高电量机架约1124个，合计IT功率22MW，总投资约为7.95亿元，预计2024年底交付，有利于公司扩大数据中心资源规模，服务于市级智能算力集群建设。深度参与上海城市数字化，有望受益于数据要素产业发展公司是上海市大数据中心资源平台总集成商和运维商、数据运营平台总运营商，同时进一步布局和拓展上海各区“两网建设”城市数字化转型业务。8月15日，上海市政府发布《立足数字经济新赛道推动数据要素产业创新发展行动方案（2023-2025年）》，目标到2025年数据产业规模达5000亿元，年均复合增长率达15%。9月，公司所属南洋万邦成功中标2024年度上海市大数据中心数据运营服务项目，这是自2019年起连续第5次中标该项目。公司深度参与上海城市数字化，将有望受益于数据要素产业发展。盈利预测、估值与评级我们预计公司2023-2025年营业收入分别为52.34/60.97/71.14亿元，对应增速分别为15.44%/16.48%/16.67%，归母净利润分别为2.04/2.64/3.28亿元，对应增速12.93%/29.21%/23.98%，EPS分别为0.15/0.19/0.24元/股，3年CAGR为21.85%。公司深度参与上海城市数字化，启动松江大数据中心二期项目，有望受益于数据要素产业发展和算力设施建设，建议保持关注。风险提示：系统性风险，市场竞争加剧风险，产品和技术不及预期，算力设备供应存在不确定，租赁价格波动风险。,,国联民生证券,,[None],2023-10-29,,,5364510,pdf_downloads/2023/2023-10-29/600602-云赛智联（600602）：三季度稳定发展，启动松江大数据中心二期建设.pdf,600602,云赛智联,云赛智联（600602）：三季度稳定发展，启动松江大数据中心二期建设
"刘高畅,陈芷婧","事件：10月27日，公司发布《2023年第三季度报告》，实现营业收入12.08亿元，同比降低0.23%；归属于上市公司股东的净利润0.63亿元，同比增长2.43%。同时，公司发布《关于下属全资子公司上海云赛数海科技有限公司投资建设松江大数据中心二期项目的公告》，项目建设总投资约为79,500万元。2023Q3经营稳健，数字经济发展前景良好。1）2023Q3，公司实现营业收入12.08亿元，同比降低0.23%；归母净利润0.63亿元，同比增长2.43%，经营持续稳健。同期，公司实现归母扣非净利润0.13亿元，同比降低77.67%，主要系公司子公司转让所持上海松下微波炉有限公司40%股权获益属于非经常性损益所致。2023Q1-3，公司实现营业收入3.71亿元，同比增长19.67%；归母净利润1.56亿元，同比增长2.20%；归母扣非净利润0.99亿元，同比增长284.19%。公司业务持续稳健推进，彰显数字经济良好的发展前景。松江二期正式启动，聚焦智算建设，总投资约达8亿元。1）云计算大数据板块为公司核心主业。根据公司发展战略及公司全资子公司科技网的发展需要，公司拟以科技网的子公司云赛数海为投资主体，在松江大数据中心一期的基础上启动松江大数据中心二期项目的建设。2）本项目服务于市级智能算力集群建设，为上海提供智能算力平台的基础设施服务，总投资约为79,500万元。建设主要内容：总供电规模达到126MVA；高电量机架约1124个，合计IT功率22MW；综合PUE值为1.248、WUE小于1.4；2024年1月开始动工建设，2024年底交付，建设期1年等。要素核心与智算主力，上海国资云领主启航。1）数据要素：2022年以来，数字经济及数据要素已成为国家顶级战略，公司为上海国资委旗下核心的数字经济平台，在数据要素方面已实现国资云、政务数据治理、数据产品开发应用等全产业链布局。2）智算平台：2023年8月，上海市人民政府办公厅印发《立足数字经济新赛道推动数据要素产业创新发展行动方案（2023-2025年）》，指出到2025年算力总规模较“十三五”期末翻两番。2023年6月30日，公司已公告与仪电集团等合资成立算力设施公司，持股11%，上海智算顶级平台地位确立，落地速度有望持续超预期。3）智能云服务：公司旗下上海南洋万邦软件技术有限公司和北京信诺时代科技发展有限公司是微软、阿里、华为、中国电信等主流云服务厂商在国内核心的MSP服务商。目前，微软已成为全球AIGC技术与应用领军，公司有望依托Azure云服务，扎实推进AI能力输出。维持“买入”评级。公司为上海数字经济核心服务商，伴随着算力基础设施、数据要素、政企数字化转型的加快推进，我们预期公司2023-2025年实现营业收入54.29、63.44、72.91亿元，实现归母净利润2.39、3.07、3.82亿元。维持“买入”评级。风险提示：政府支出不及预期；AI技术发展不及预期；收入及利润假设不及预期；国际关系影响。",,国盛证券,买入,[None],2023-10-29,,买入,5363624,pdf_downloads/2023/2023-10-29/600602-云赛智联（600602）：三季度业务稳健发展，智算二期建设正式启动.pdf,600602,云赛智联,云赛智联（600602）：三季度业务稳健发展，智算二期建设正式启动
"刘雯蜀,郑毅","（2）毛利率、现金流方面：23Q1-Q3毛利率18.82%、23Q3毛利率19.14%。23Q1-Q3经营活动现金流净流出4.08亿，净流出额增加50.56%，23Q3经营活动现金流净流出0.51亿，去年同期经营活动现金流净流入2.85亿。（3）成本费用方面：23Q1-Q3销售/管理/研发费用率5.32%/5.12%/6.88%，销售费用率同比增加0.23pct，管理费用率同比增加-0.88pct，研发费用率同比增加-1.35pct。23Q3销售/管理/研发费用率5.64%/5.71%/7.01%，销售费用率同比增加0.95pct，管理费用率同比增加-0.04pct，研发费用率同比增加-0.45pct。事件2023年10月27日，云赛智联发布2023年第三季度报告并发布关于下属全资子公司上海云赛数海科技有限公司拟投资建设松江大数据中心二期项目的公告，公告表明该项目拟投资建设高电量机架约1124个，合计IT功率22MW，项目建设总投资约为 79,500 万元，服务于市级智能算力集群建设，为上海提供智能算力平台的基础设施服务。投资要点国资背景助力企业发展，数据要素驱动业绩增长：云赛智联实控人是上海国资委，并且大股东上海仪电是上海市国资委所属的国有大型企业集团。在发展数据要素市场的进程中，国资背景企业或能更好地利用政策优惠和行业资源，开展数据要素市场相关业务。从业务领域来看，多数市场参与者的业务仅覆盖数据要素行业的一至三个细分领域，能提供数据要素全产业链产品的企业为少数。公司拥有几乎覆盖数据要素全产业链产品实力，包括数据采集、数据储存、数据加工、数据分析、数据服务以及数据应用环节，已几乎覆盖数据要素全产业链环节。我们认为，随着我国数据要素市场逐步迈入成熟期，业务能贯穿产业链始末的企业将更具备恒久发展动力。云赛智联是少数能提供几乎覆盖数据要素全产业链产品的企业，依托国资背景并结合三大业务联动形成的组合拳优势，公司有望持续保有市场竞争力，在未来市场中抢占先机。算力集群建设持续深化，助力云计算大数据发展：云赛智联发布关于全资子公司拟投资建设松江大数据中心二期项目的公告，该项目服务于市级智能算力集群建设，为上海提供智能算力平台的基础设施服务，其中包含算力服务器托管服务、算力服务器硬件运维与巡检服务、互联网带宽接入服务等。算力相关建设经验已形成公司技术实力的重要支撑，而该项目更是公司对于奋力发展算力业务的体现，并且公司与上海市的合作关系在松江大数据中心二期项目建成后或将更加紧密。数据要素化大时代已来临，公司是市场中少数能提供几乎覆盖数据要素全产业链产品的企业，竞争优势显著。我们认为通过该项目的投资建设，云赛智联将进一步拓展数据中心的资源规模，增强其核心竞争能力，促进其在未来的可持续、高质量发展。数字经济发展态势良好，智慧城市建设前途光明：国家“十四五”规划指出，要加强数字基础设施建设，完善数字经济治理体系，协同推进数字产业化和产业数字化，不断做强做优做大我国数字经济，为构建数字中国提供有力支撑。数据要素资产化的进程和数据市场体系的建立都明确说明中央大力扶持数据行业发展的态度。智慧城市的建设极大地促进了产业创新，当前我国的智慧城市已成为促进科技创新和产业转型升级的主要动力。云赛松江大数据中心二期项目服务于市级智能算力集群建设，助力智慧城市业务发展，是公司成为国内一流的智慧城市综合解决方案提供商和运营商的重要实践。我们认为，智慧城市建设正处于快速发展期，伴随技术创新和市场成熟，未来公司智慧城市业务会有更大的发展空间。盈利预测与估值：公司云服务和大数据、行业解决方案、智能化产品业务产品体系已成熟，立足上海，辐射长三角、珠三角和京津翼地区，为城市数字化转型提供全流程的场景再造、业务再造。在政策支持、行业趋势以及公司发挥自身优势三者共同驱动下，我们预测公司2023-2025年实现营收52.19/60.49/71.41亿元，同比增速分别为15.09%/15.92%/18.04%，对应归母净利润分别为2.19/2.52/3.32亿元，同比增速分别为21.39% /15.03%/31.31%，对应EPS为0.16/0.18/0.24元，对应PE为78.52/68.26/51.98倍。维持“买入”评级。",,浙商证券,买入,[None],2023-10-29,,买入,5363087,pdf_downloads/2023/2023-10-29/600602-云赛智联（600602）三季报、事件点评报告：数据要素驱动业绩持续向好，战略规划继续深化算力.pdf,600602,云赛智联,云赛智联（600602）三季报、事件点评报告：数据要素驱动业绩持续向好，战略规划继续深化算力
"刘高畅,陈芷婧",事件：9月27日，公司发布《2023年1-9月主要经营数据公告》，预计实现营业收入37亿元；归属于上市公司股东的净利润约为1.56亿元；归属于上市公司股东的扣除非经常性损益的净利润约为0.98亿元。同时，公司发布《关于协议受让上海科技网络通信有限公司20%股权暨关联交易的公告》，协议受让仪电集团所持科技网20%股权。受让完成后，云赛智联将持有科技网100%股权。收入稳健增长、利润持续高增，数字经济发展前景良好。1）2023年1-9月，公司实现营业收入约37亿元，同比增长约19%；单Q3约实现收入12亿元，与上年同期基本持平，年初至今收入稳健增长。利润方面，公司1-9月实现归母净利润1.56亿元，同比增长2%；归母扣非净利润约0.98亿元，同比增长280%，业务利润持续高增，彰显数字经济良好的发展前景。拟受让科技网股权，深入贯彻云服务大数据战略，积极推动二期规划建设。1）上海科技网络通信有限公司（以下简称“科技网”）系云赛智联控股子公司，云赛智联持有科技网80%股权，公司实际控制人仪电集团持有科技网20%股权。2）科技网是一家数据中心（IDC）服务提供商，主营业务包括互联网数据中心、云计算服务等。云计算大数据板块是云赛智联核心主业，数据中心业务作为板块的重要组成部分，近年来业务增长较快，但其资源依赖性很强，需要不断进行投入以支撑业务的增长。为进一步聚焦核心主业，优化公司股权结构，本次交易中，公司拟以国资备案的评估结果为基准，协议受让仪电集团所持科技网20%股权。受让完成后，云赛智联将持有科技网100%股权。3）截至2023年6月底，在IDC方面，公司已拥有超过7000个机柜资源。其中松江大数据中心一期已于报告期内全面投入运营；另外，5月16日，上海市经济和信息化委员会公布了新一批明确符合《上海市数据中心建设导则（2021版）》的拟建数据中心项目名单，松江大数据计算中心二期顺利通过拟建数据中心符合性评估和专家评审，取得数据中心建设能耗指标。公司后续将加大数字底座产业投入，推动松江数据中心二期规划建设。要素核心与智算主力，上海国资云领主启航。1）数据要素：2022年以来，数字经济及数据要素已成为国家顶级战略，公司为上海国资委旗下核心的数字经济平台，在数据要素方面已实现国资云、政务数据治理、数据产品开发应用等全产业链布局。2）智算平台：2023年8月，上海市人民政府办公厅印发《立足数字经济新赛道推动数据要素产业创新发展行动方案（2023-2025年）》，指出到2025年算力总规模较“十三五”期末翻两番。2023年6月30日，公司已公告与仪电集团等合资成立算力设施公司，持股11%，上海智算顶级平台地位确立，落地速度有望持续超预期。3）智能云服务：公司旗下上海南洋万邦软件技术有限公司和北京信诺时代科技发展有限公司是微软、阿里、华为、中国电信等主流云服务厂商在国内核心的MSP服务商。目前，微软已成为全球AIGC技术与应用领军，公司有望依托Azure云服务，扎实推进AI能力输出。维持“买入”评级。公司为上海数字经济核心服务商，伴随着算力基础设施、数据要素、政企数字化转型的加快推进，我们预期公司2023-2025年实现营业收入54.29、63.44、72.91亿元，实现归母净利润2.39、3.07、3.82亿元。维持“买入”评级。风险提示：政府支出不及预期；AI技术发展不及预期；收入及利润假设不及预期；国际关系影响。,,国盛证券,买入,[None],2023-09-28,,买入,5339515,pdf_downloads/2023/2023-09-28/600602-云赛智联（600602）：前三季度保持高增，拟受让科技网股权进一步聚焦主业.pdf,600602,云赛智联,云赛智联（600602）：前三季度保持高增，拟受让科技网股权进一步聚焦主业
"杨思睿,王屿熙",公司为上海国资委旗下核心数字化平台，也是上海大数据中心资源平台总集成商和运营商，数据要素相关业务和技术积累深厚，有望在上海数据要素市场建设中核心受益。此外公司在上海地区智算建设中也将持续发挥主力作用。首次覆盖，给予买入评级。支撑评级的要点上海国资委旗下核心数字化企业，云服务与大数据领航。公司由上海国资委实控，以云服务与大数据（以云计算为基础的软件和大数据运营）、智慧城市行业解决方案（面向安防、政府、教育、医疗等）、智能化产品（科学仪器）为核心业务，2023H1营收24.98亿元（+32.44%）、扣非净利0.86亿元（+357.68%）、毛利率18.66%。数据要素核心地位，国资主力已有深厚业务积淀。8月21日财政部印发了《企业数据资源相关会计处理暂行规定》，数据资源入表将于2024年起正式实施，数据要素时代全面开启。上海市数据要素产业发展走在全国前列，8月15日上海市人民政府印发了《立足数字经济新赛道推动数据要素产业创新发展行动方案（2023-2025年）》，目标到2025年数据产业规模达5000亿元(CAGR15%)。2022年上海数据集团成立，承担上海地区数据要素市场建设主体作用。公司是上海数据要素领域的核心信息化国企，目前已经成为上海市大数据中心资源平台总集成商和运维商、数据运营平台总运营商，相继完成了上海市多个电子政务云平台和大数据中心项目建设，在闵行、崇明等十个区分别实施了大数据建设和运营及“两网建设”项目，具备政企大数据平台建设与运营能力。业务方面，公司在数据要素领域的业务积累深厚，具备数据交易前的全链服务能力，涵盖数据底座建设、数据采集、数据清洗、数据分析、数据应用等业务。公司在上海数据要素市场拥有核心地位，同时具备业务经验和技术优势，受益空间广阔。上海地区智算建设主力军。8月15日，上海市人民政府印发《立足数字经济新赛道推动数据要素产业创新发展行动方案（2023-2025 年）》，明确到2025年上海市算力总规模较“十三五”期末翻两番。6月30日，公司公告与上海仪电集团等合资成立上海智能算力公司，目前持股11%，负责主力推进上海地区算力建设。智算公司目前投资额20亿元，算力建设正在紧密推进，后续有望加速落地。估值预计公司2023~2025年归母净利润为2.30、3.01、4.13亿元，对应EPS为0.17元、0.22元和0.30元，对应PE分别为81X、62X、45X。看好公司在上海地区的数据要素业务扩张及智算平台建设带来的业绩高增，首次覆盖，给予买入评级。评级面临的主要风险政府预算不及预期、AI应用落地不及预期；宏观环境影响。,,中银国际,买入,[None],2023-09-16,,买入,5328578,pdf_downloads/2023/2023-09-16/600602-云赛智联（600602）：数据要素核心与智算主力军.pdf,600602,云赛智联,云赛智联（600602）：数据要素核心与智算主力军
"李宏涛,方闻千",事件：8月26日，云赛智联发布2023上半年报告，2023上半年公司实现营业收入24.98亿元，比上年同期增长32.44%，实现归母净利润0.93亿元，比上年同期增长2.04%，实现扣非归母净利润0.86亿元。布局三大信息服务板块，明确战略推动业绩增长。云赛智联是一家以云服务与大数据、智慧城市行业解决方案、智能化产品为核心业务的专业化信息技术服务企业。公司始终坚持智慧城市战略，以数字化转型为契机，加快数据中台和算力基础设施底座打造，提升数字化转型全链服务能力，深耕“ToG和ToB”业务领域，不断研究和探索智慧城市的商业模式，广泛参与智慧城市应用示范。云服务大数据上坚持“做优IDC、做强云服务、做深大数据”的战略路径；行业解决方案上专攻城市安全治理和智慧民生两个领域；智能产品板块上拥有“雷磁”等著名产品，同时往平台运营、软硬件一体化终端综合服务方式转型。公司各业务板块战略目标细致明确，助力业绩不断增长，2023H1实现营业收入24.98亿元，比上年同期增长32.44%，实现归母净利润0.93亿元，比上年同期增长2.04%。助力上海数据要素运营建设，开拓布局智算中心。云赛智联旗下上海南洋万邦和北京信诺时代均为成熟的MSP云管理服务商，与微软、阿里、华为、中国电信等国内外主流云厂商深度合作，技术经验丰富。在此基础上，公司充分利用上海属地资源优势，积极参与上海市数据要素建设项目，在政务大数据领域相继完成了上海市电子政务云中间平台等项目的运营和建设，并已在闵行、崇明等十个区分别实施了大数据建设和运营及“两网建设”项目，目前已成为上海市大数据中心资源平台总集成商和运维商、数据运营平台总运营商。此外，公司进一步开拓智算中心业务布局，拟与仪电集团、数据集团、信投股份和其他非关联股东方以向上海智能算力科技有限公司非同比例增资的方式，共同出资建立算力设施公司，搭建城市级算力调度平台，培养算力集群专业运营管理团队，其中，云赛智联拟增资2.2亿元，持股11%。高度重视研发投入，品牌建设持续加强。云赛智联高度重视研发投入，上半年公司研发投入1.70亿元，比上年同期增长3.4%，占营业收入的6.81%。申请知识产权14项，其中发明专利2项，完成国家标准制定1项，14家子公司保持高新技术企业称号。此外，公司注重企业品牌建设和市场宣传，2023H1先后参加了上海算力网络论坛、“2023MicrosoftAzure”中国区年度技术峰会、第三届中国国际数字产品博览会、2023长三角国际应急减灾和救援博览会、2023第二十届上海国际公共安全产品博览会、首届上海国际碳中和博览会、2023“MWC上海”之“数字上海”主题展、2023全国高等教育博览会、中国（上海）环博会、CIEPEC中国国际环保展览会等市场活动，向业界和公众展示了公司在智慧城市和城市数字化转型领域取得的最新成果，扩大了行业知名度与影响力。,,华金证券,增持-A,[None],2023-09-01,,增持,5311552,pdf_downloads/2023/2023-09-01/600602-云赛智联（600602）：数据要素+智算双布局，H1营收快速增长.pdf,600602,云赛智联,云赛智联（600602）：数据要素+智算双布局，H1营收快速增长
"孙树明,黄楷",事件：云赛智联发布2023年半年度报告，2023年上半年实现营业收入为24.98亿元，同比增长32.44%；实现归母净利润为0.93亿元，同比增长2.04%；实现扣非归母净利润为0.86亿元，同比由亏转盈；基本每股收益0.07元，同比增长2.11%；毛利率为18.66%，同比上升0.39pct。单季度来看，2023年第二季度实现营业收入为13.90亿元，同比增长87.13%；实现归母净利润为0.51亿元，同比增长191.30%。深度参与上海城市数字化，有望受益数据要素产业发展公司是上海市大数据中心资源平台总集成商和运维商、数据运营平台总运营商，同时进一步布局和拓展上海各区“两网建设”城市数字化转型业务，迄今为止，公司已在闵行、崇明等十个区分别实施了大数据建设和运营及“两网建设”项目，为国资委等多个委办提供派驻式服务。2023年8月15日，上海市政府发布《立足数字经济新赛道推动数据要素产业创新发展行动方案（2023-2025年）》，公司将有望受益于上海等地的数据要素产业发展。拟参股算力设施公司，受益相关建设需求人工智能、大数据、元宇宙等技术飞速发展，催生算力需求增长。公司以高等级数据中心建设和运营为核心，打造城市数字化转型业务坚实的数字底座。2023年6月30日，公司公告拟与仪电集团、数据集团、信投股份和其他非关联股东方以向上海智能算力科技有限公司非同比例增资的方式，共同出资建立算力设施公司，拟增资2.2亿元，持股11%。《上海市推进算力资源统一调度指导意见》提出，到2025年本市数据中心算力超过18000PFLOPS，公司有望受益于上海市算力基础设施建设。盈利预测、估值与评级我们预计公司2023-2025年营业收入分别为52.34/60.97/71.14亿元，对应增速分别为15.44%/16.48%/16.67%，归母净利润分别为2.04/2.64/3.28亿元，对应增速12.93%/29.21%/23.98%，EPS分别为0.15/0.19/0.24元/股，3年CAGR为21.85%。公司深度参与上海城市数字化，拟参股算力设施公司，有望受益于数据要素产业发展和算力设施建设，建议保持关注。风险提示：系统性风险，市场竞争加剧风险，产品和技术不及预期，商誉减值风险。,,国联民生证券,,[None],2023-08-27,,,5300839,pdf_downloads/2023/2023-08-27/600602-云赛智联（600602）：上半年业绩超预期，云计算大数据业务空间广阔.pdf,600602,云赛智联,云赛智联（600602）：上半年业绩超预期，云计算大数据业务空间广阔
"刘高畅,陈芷婧",事件：2023年8月25日，公司发布2023年半年度报告，实现营业收入24.98亿元，同比增长32.44%；归属于上市公司股东的净利润0.93亿元，同比增长2.04%；归属于上市公司股东的扣除非经常性损益的净利润0.86亿元，显著扭亏为盈，超出市场预期。云服务大数据板块仍为重点，“做优IDC、做强云服务、做深大数据”战略坚定推进。1）在IDC方面，公司已拥有超过7000个机柜资源。其中松江大数据中心一期已于报告期内全面投入运营；另外，5月16日，上海市经济和信息化委员会公布了新一批明确符合《上海市数据中心建设导则（2021版）》的拟建数据中心项目名单，松江大数据计算中心二期顺利通过拟建数据中心符合性评估和专家评审，取得数据中心建设能耗指标。2）在云服务方面，公司一直是微软Azure云、华为云、阿里云、天翼云的重要合作伙伴，报告期内，公司承建的上海超级计算中心市公共算力服务平台项目于报告期内顺利实现上电开机并完成项目初验。3）在大数据方面，公司已经成为上海市大数据中心资源平台总集成商和运维商、数据运营平台总运营商，报告期内成功中标上海市电子政务基础设施运行维护项目和各区大数据资源平台项目。解决方案深度布局行业应用，智能产品依托仪电稳健发展。1）在行业解决方案板块，公司项目顺利推进。报告期内，公司承建的“长江禁捕智能管控平台项目”、“徐家汇体育公园开办费智能化及装饰提升工程项目”、“广州长隆国际大马戏升级改造项目”等重大项目完成验收交付；承建的国家管网西气东输公司储气库数据采集及数字化平台基础功能研发项目完成交付验收等。2）在智能化产品板块，下属上海仪电科学仪器股份有限公司是国内科学仪器行业领军企业，坚持以“做精电化学仪器和物理光学仪器、做大在线监测系统、做强智慧感知”为产品发展路径。规模效应、费用管控效果明显，利润有望快速释放。1）单2023Q2来看，公司营业成本率为81.57%，相比上年同期下降1.46个pct；销售费用率、管理费用率、研发费用率分别为4.89%、3.98%、6.01%，相比上年同期分别下降1.12个pct、3.19个pct、3.91个pct。2）单2023Q2来看，公司实现扣非后归母净利润0.56亿元，同比增长258.70%，利润有望快速释放。要素核心与智算主力，上海国资云领主启航。1）数据要素：2022年以来，数字经济及数据要素已成为国家顶级战略，公司为上海国资委旗下核心的数字经济平台，在数据要素方面已实现国资云、政务数据治理、数据产品开发应用等全产业链布局。2）智算平台：2023年8月，上海市人民政府办公厅印发《立足数字经济新赛道推动数据要素产业创新发展行动方案（2023-2025年）》，指出到2025年算力总规模较“十三五”期末翻两番。2023年6月30日，公司已公告与仪电集团等合资成立算力设施公司，持股11%，上海智算顶级平台地位确立，落地速度有望持续超预期。3）智能云服务：公司旗下上海南洋万邦软件技术有限公司和北京信诺时代科技发展有限公司是微软、阿里、华为、中国电信等主流云服务厂商在国内核心的MSP服务商。目前，微软已成为全球AIGC技术与应用领军，公司有望依托Azure云服务，扎实推进AI能力输出。维持“买入”评级。公司为上海数字经济核心服务商，伴随着算力基础设施、数据要素、政企数字化转型的加快推进，我们预期公司2023-2025年实现营业收入54.29、63.44、72.91亿元，实现归母净利润2.35、2.97、3.68亿元。维持“买入”评级。风险提示：政府支出不及预期；AI技术发展不及预期；收入及利润假设不及预期；国际关系影响。,,国盛证券,买入,[None],2023-08-27,,买入,5299777,pdf_downloads/2023/2023-08-27/600602-云赛智联（600602）：2023H1业绩超预期，上海国资云领主启航.pdf,600602,云赛智联,云赛智联（600602）：2023H1业绩超预期，上海国资云领主启航
"刘雯蜀,郑毅","云赛智联(600602)事件点评：2023年8月25日，云赛智联发布2023年半年度报告。23H1业绩显著提升，扣非归母净利润扭亏为盈（1）整体业绩方面：23H1公司实现营收24.98亿，同比增加32.44%，23Q2营收13.90亿，同比增加87.13%；23H1归母净利润0.93亿，同比增加2.04%，23Q2归母净利润0.51亿，同比增加191.30%；23H1扣非归母净利润0.86亿，23Q2扣非归母净利润0.56亿，均实现扭亏为盈。（2）成本费用方面：23H1营业成本20.32亿，同比增长31.79%，23Q2营业成本11.34亿，同比增长83.85%，主要系报告期内业务增长所致；23H1销售费用1.29亿，同比增长27.89%，23Q2销售费用0.68亿，同比增长52.10%，主要系报告期内加强市场销售拓展所致；23H1研发费用1.70亿，同比增长3.40%，23Q2研发费用0.84亿，同比增长13.40%，主要系报告期内研发持续投入所致，公司申请知识产权14项，其中发明专利2项，完成国家标准制定1项，14家子公司保持高新技术企业称号。发迹上海，中国智慧城市领航企业，国资背景主力全链数据产品形成组合拳优势在数据要素市场发展过程中，国资背景企业更具备政策支持和资源整合能力，能够更好地利用政策优惠和行业资源，开展数据要素市场相关业务。公司实控人是上海国资委，也是上海国资系统唯一的数据中心运营商和云服务运营商，现有徐汇数据中心、宝山云计算中心、宝山大数据中心、松江大数据中心累计超7,000个机柜资源。云赛智联是市场中少数能提供几乎覆盖数据要素全产业链产品的企业，结合三大业务联动形成的组合拳优势，公司有望持续保有市场竞争力。我们认为在即将兴起的数据要素市场中，公司得益于国资背景具有显著竞争优势，同时公司拥有强大的自研能力和优质的合作群体加持，能够不断扩大产品与服务的核心竞争力，在未来市场抢占先机，营收空间浩瀚无垠。行业算力需求激增，公司成为上海算力主力军2023年6月初，公司下属子公司南洋万帮成功中标上海超级计算中心公共算力服务平台建设项目，着手布局算力网络，打造上海市超大规模人工智能计算和赋能平台。6月29日，云赛智联与上海仪电集团、上海数据集团、上海市信息投资股份有限公司和其他非关联股东共同出资成立上海智能算力科技有限公司。过往的算力相关建设经验已形成公司技术实力的重要背书，而当前入股上海智能算力科技有限公司更是彰显公司对于发展算力业务的决心。未来随公司参与建成的算力项目数量增加，有望进一步与公司其他业务形成联动效应，营收成长空间值得期待。公司是微软最高等级合作伙伴，将得益于微软AI业务的增长云赛智联子公司南洋万邦与信诺时代致力于为政府和企业客户提供以云计算、大数据、人工智能为核心的信息技术服务。两家子公司均是微软、阿里、华为、中国电信等主流云服务厂商在国内最核心的MSP服务商，2022年双双获得微软全球最高等级合作伙伴奖项。微软与OpenAI的合作已塑造微软在GPT技术上的领先优势，融合AI技术的微软产品更符合时下市场的需求，未来销量有望进一步提升。我们认为，南洋万邦与信诺时代的技术实力已经深获微软的信任，将有机会受益于微软业务的逐步扩大，而这也会直接形成母公司云赛智联未来收入增长的动能。盈利预测与估值公司云服务和大数据、行业解决方案、智能化产品业务产品体系已成熟，立足上海，辐射长三角、珠三角和京津翼地区，为城市数字化转型提供全流程的场景再造、业务再造。在政策支持、行业趋势以及公司发挥自身优势三者共同驱动下，我们预测公司2023-2025年实现营收52.19/60.49/71.41亿元，同比增速分别为15.09%/15.92%/18.04%，对应归母净利润分别为2.19/2.52/3.32亿元，同比增速分别为21.39%/15.03%/31.31%，对应EPS为0.16/0.18/0.24元，对应PE为89.73/78.01/59.41倍。维持“买入”评级。风险提示宏观环境风险、政策推进不及预期风险、技术更迭不达预期风险",,浙商证券,买入,[None],2023-08-27,,买入,5299738,pdf_downloads/2023/2023-08-27/600602-云赛智联（600602）中报点评报告：H1营收超预期，国资背景主力“数据要素＋算力”双侧齐发.pdf,600602,云赛智联,云赛智联（600602）中报点评报告：H1营收超预期，国资背景主力“数据要素＋算力”双侧齐发
"王紫敬,王世杰",Q2业绩快速增长，毛利稳步提升：2023年Q2，公司实现营收13.90亿元，同比增长87.13%；归母净利润0.51亿元，同比增长191.30%。费用端，公司加强市场销售拓展，2023年H1销售费用为1.29亿元，同比增加27.89%。同时，公司稳定投入研发费用，2023年H1研发费用为1.70亿元，同比增加3.40%。公司内部运营管理效率提升、费用结构优化，毛利率稳步提升，2023年H1公司实现毛利率18.66%，同比增加0.39pct。上海数据要素市场领军者，深度受益于数据要素产业快速推进：公司背靠上海国资委，云赛是上海国资委旗下唯一数字化、信息化子公司。云赛业务覆盖数据脱敏，清洗，加工等数据要素全产业链，是未来上海数据要素市场建设和运营的主力军。财政部会计司于2023年8月21日正式发布了《企业数据资源相关会计处理暂行规定》，规范了企业数据资源相关会计处理。这是数据要素产业的重要推进，我们预计后续会有更多数据要素建设相关政策推出，云赛智联将受益于上海地区公共数据授权运营放开。上海AI公共算力主力军，算力供给有望逐步到位：2023年6月30日，公司与仪电集团等股东共同出资建立上海智能算力科技有限公司，持股11%。我们预计公司算力中心建设有望快速推进，相关设施逐步到位。2023年8月24日，公司公告仪电电子将持有云赛28.03%股份无偿划转至仪电集团，公司集团内地位进一步提升。我们预计公司后续算力规模和地位有望持续提升，有望承担上海地区算力调度和交易等职责。盈利预测与投资评级：上海AI和数据要素产业推进全国领先，云赛智联卡位上海，是数据要素和AI算力建设主力军。随着下半年数据要素政策逐步落地和AI算力建设推进，我们预计公司有望迎来高速增长。基于此，我们维持公司2023-2025年归母净利润预测为2.18/2.52/2.88亿元，维持“买入”评级。风险提示：政策推进不及预期；技术研发不及预期；行业竞争加剧。,,东吴证券,买入,[None],2023-08-25,,买入,5299124,pdf_downloads/2023/2023-08-25/600602-云赛智联（600602）2023年中报点评：业绩超预期，上海数据要素与算力领军者星辰大海.pdf,600602,云赛智联,云赛智联（600602）2023年中报点评：业绩超预期，上海数据要素与算力领军者星辰大海
"刘高畅,陈芷婧",上海国资委旗下核心平台，数字经济全产业链布局。1）云赛智联成立于1986年，2015年上海仪电集团对上市公司实施了重大资产重组，从此云赛智联接纳了云赛信息和上海仪电科学仪器股份有限公司的信息服务核心业务及相关资产，在保持其传统ICT业务模式和价值的同时，致力于利用物联网、云计算和大数据技术，推动城市智慧运营。2）目前，云赛智联形成了三大业务板块：面向政企、以云计算为基础的软件和大数据运营——云计算大数据板块；从安防到民生、为智慧城市全面布局的行业解决方案板块；以及提供科学仪器软硬件一体化综合服务的智能产品板块。2022年，以上三板块大致占据营收57%、32%、12%。3）公司是国资委旗下核心企业，长期致力于提升核心竞争力，拥有一支稳定的专业人才队伍。2022年，公司研发投入3.61亿元，占营业收入的7.96%。数据要素顶级地位确立，公司行业积淀深厚。1）2022年以来，数字经济及数据要素已成为国家顶级战略。公司为上海国资委旗下核心平台，其为上海市大数据中心资源平台总集成商和运维商、数据运营平台总运营商。2）目前，公司在数据要素方面已实现国资云、政务数据治理、数据产品开发应用等全产业链布局，在上海具备独特的资质、经验、技术优势。伴随数据要素推进，公司发展空间广阔。建设智算顶级平台，落地速度有望超预期。1）2023年4月，上海市经信委已印发《上海市推进算力资源统一调度指导意见》的通知，到2025年，本市数据中心算力达到18000PFLOPS（FP32）；2023年8月，上海市人民政府办公厅印发《立足数字经济新赛道推动数据要素产业创新发展行动方案（2023-2025年）》，指出到2025年算力总规模较“十三五”期末翻两番。2）2023年6月30日，公司已公告与仪电集团等合资成立算力设施公司，持股11%，上海智算顶级平台地位确立，落地速度有望持续超预期。微软核心合作方，扎实推进AI能力输出。1）公司旗下上海南洋万邦软件技术有限公司和北京信诺时代科技发展有限公司是微软、阿里、华为、中国电信等主流云服务厂商在国内核心的MSP服务商。“北信诺、南万邦”市场布局已为汽车、金融、信息技术、互联网、媒体等超过万余家中外企业提供MSP云服务。2）目前，微软已成为全球AIGC技术与应用领军，公司有望依托Azure云服务，扎实推进AI能力输出。首次覆盖，给予“买入”评级。公司为上海数字经济核心服务商，伴随着算力基础设施、数据要素、政企数字化转型的加快推进，我们预期公司2023-2025年实现营业收入54.29、63.44、72.91亿元，实现归母净利润2.35、2.97、3.68亿元。对比可比公司估值，首次覆盖，给予“买入”评级。风险提示：政府支出不及预期；AI技术发展不及预期；收入及利润假设不及预期；国际关系影响。,,国盛证券,买入,[None],2023-08-22,,买入,5292924,pdf_downloads/2023/2023-08-22/600602-云赛智联（600602）：要素核心与智算主力，上海国资委云领主启航.pdf,600602,云赛智联,云赛智联（600602）：要素核心与智算主力，上海国资委云领主启航
"刘雯蜀,郑毅",云赛智联(600602)事件点评：2023年6月29日，云赛智联召开监事会十二届二次会议。会议同意云赛智联与上海仪电集团、上海数据集团、上海市信息投资股份有限公司和其他非关联股东共同出资成立上海智能算力科技有限公司。其中，仪电集团（云赛智联母公司）拟持股44%，云赛智联拟持股11%，上海数据集团拟持股10%，上海市信息投资股份有限公司拟持股20%，其他非关联股东拟持股15%。上海智能算力科技有限公司将成为上海市乃至全国算力供给重要输出来源，服务于各行业算力需求渐长，贡献经济成长动能。我们认为：1.算力侧，云赛智联下属子公司南洋万帮早在6月初即成功中标上海超级计算中心公共算力服务平台建设项目，着手布局算力网络，打造上海市超大规模人工智能计算和赋能平台。过往的算力相关建设经验已形成公司技术实力的重要背书，而当前入股上海智能算力科技有限公司更是彰显公司对于发展算力业务的决心。未来随公司参与建成的算力项目数量增加，有望进一步与公司其他业务形成联动效应，营收成长空间值得期待。2.AI侧，云赛智联子公司南洋万邦与信诺时代2022年双双获得微软全球最高等级合作伙伴奖项。微软与OpenAI的合作已塑造微软在GPT技术上的领先优势，现阶段南洋万邦与信诺时代的技术实力已经深获微软的信任，将有机会受益于微软业务的逐步扩大;此外，AI大模型在进行数据训练时，急需算力给予支持，上海智能算力科技有限公司的成立有望加速我国人工智能技术的发展步伐。3.数据要素侧，上海市做为我国数据要素市场化的先行城市，将引领整个行业高速发展。云赛智联实控人是上海国资委，也是上海国资系统主要的数据中心运营商和云服务运营商。公司与上海市的合作关系，在超算中心项目建成以及入资上海智能算力科技有限公司后必将更加紧密，数据要素化大时代已来临，公司是市场中少数能提供几乎覆盖数据要素全产业链产品的企业，竞争优势显著。投资要点发迹上海，中国智慧城市领航企业，国资背景迎数据春风在数据要素市场发展过程中，国资背景企业更具备政策支持和资源整合能力，能够更好地利用政策优惠和行业资源，开展数据要素市场相关业务。国家层面，公司实控人是上海国资委，大股东上海仪电集团还持有上海大数据集团17.65%的股份，是上海数据交易所激发潜能的核心力量之一;企业层面，公司目前已经是微软Azure云、华为云、阿里云、上海市大数据中心等服务商的重要合作伙伴，形成公司在云服务领域南北布局的格局。我们认为在即将兴起的数据要素市场中，公司得益于国资背景具有显著竞争优势，同时公司拥有强大的自研能力和优质的合作群体加持，能够不断扩大产品与服务的核心竞争力，在未来市场抢占先机。数据要素市场加速发展，云赛全产业链产品形成组合拳优势数据要素资产化的进程和数据市场体系的建立都明确说明中央大力扶持数据行业发展的态度，相比美国市场已进入能基于数据提供相应增值服务的阶段，我国数据要素市场仍处于萌芽期，据前瞻产业研究院测算，2025年行业拥有近两千亿的市场空间。我们认为，数据要素产业化大时代才正要开始。我国数据要素市场参与者目前呈现百花齐放的竞争格局，然而从业务覆盖领域来看，多数市场参与者的业务仅覆盖数据要素行业的一至三个细分领域，市场中能提供数据要素全产业链产品的企业实属少数。我们认为，随着我国数据要素市场逐步迈入成熟期，业务能贯穿产业链始末的企业将更具备恒久发展动力。盈利预测与估值公司云服务和大数据、行业解决方案、智能化产品业务产品体系已成熟，立足上海，辐射长三角、珠三角和京津翼地区，为城市数字化转型提供全流程的场景再造、业务再造。在政策支持、行业趋势以及公司发挥自身优势三者共同驱动下，我们预测公司2023-2025年实现营收52.19/60.49/71.41亿元，同比增速分别为15.09%/15.92%/18.04%，对应归母净利润分别为2.19/2.52/3.32亿元，同比增速分别为21.39%/15.03%/31.31%，对应EPS为0.16/0.18/0.24元，对应PE为90.54/78.71/59.94倍。维持“买入”评级。风险提示宏观环境风险、政策推进不及预期风险、技术更迭不达预期风险,,浙商证券,买入,[None],2023-07-04,,买入,5251634,pdf_downloads/2023/2023-07-04/600602-云赛智联（600602）事件点评报告：AI大模型催生行业算力需求，上海算力主力军横空出世.pdf,600602,云赛智联,云赛智联（600602）事件点评报告：AI大模型催生行业算力需求，上海算力主力军横空出世
李宏涛,事件：2023年4月27日，云赛智联发布了2022年第一季度报告，2023年Q1公司实现营业收入11.08亿元，同比减少3.11%，实现归母净利润0.42亿元，同比减少43.22%，实现扣非归母净利润0.30亿元，同比增长1623.88%。卡位数据要素赛道，构建数字化全链能力。公司是数据要素市场的核心参与商，打造具备数字化转型项目“顶层规划、设计咨询、平台建设、系统集成、伴随服务和数据治理”的全链服务能力。云服务和大数据板块领域，公司构建政企大数据平台，成功实现了上海市国资委等多个委办派驻式服务，旗下上海南洋万邦和北京信诺时代是微软、阿里、华为、中国电信等主流云服务厂商的核心MSP服务商。行业解决方案领域，公司坚持城市安全治理与智慧民生两个方向，优化商业模式，从传统的“建设-交付模式”向“设计-建设-运营的一体化服务模式”转变，形成城市数字化转型全链服务能力。智能化产品业务中，公司坚持自主研发、生产、销售和项目实施，往平台运营、软硬件一体化终端综合服务方式转型，与客户需求保持同步，巩固赛道内核心竞争力。受宏观复杂环境影响，业绩短期承压波动。公司以成为中国一流智慧城市综合解决方案提供商和运营商为目标，不断探索城市各领域的信息化、数字化、智能化建设，致力于为城市数字化转型提供各项产品及服务。近年来受宏观经济不确定性增强的影响，公司营收出现小幅波动。2023年Q1公司实现营业总收入11.08亿元，同比减少3.11%。同时，受股权处置及财务处理等因素影响，公司净利润波动较大。2023年Q1实现归母净利润0.42亿元，同比减少43.22%，主要系公司上年同期处置仪电工程股权所致；实现扣非归母净利润0.30亿元，同比增长1623.88%，主要系公司上年同期计提信用减值所致。深入参与城市建设运营，持续深化产学研三方合作。出于战略规划及产品业务的导向需求，公司承担了多项上海市政府和大型企业的数字化转型顶层设计，是上海市大数据中心资源平台总集成商和运维商、数据运营平台总运营商。2023年Q1公司已中标“上海市卫健委2023年数字化项目运维和综合保障”等多个项目，资金达数亿元，展现了强大的规划、实施及运营服务能力。此外，公司通过“投入＋合作”的方式持续保持科研创新活力，一方面保持研发投入，2023年Q1研发费用达0.87亿元，研发费用率达7.82%；另一方面继续与清华大学、中科院等单位在大数据应用和数字模型开发等方面深入开展产学研合作交流，提高研发效率。数据要素贝塔向上，智慧城市市场广阔。国家出台一系列政策推进数据要素发展，2020年4月，中共中央国务院《关于构建更加完善的要素市场化配置体制机制的意见》明确提出“加快培育数据要素市场”的要求；2021年3月，“十四五”规划中提出“迎接数字时代，激活数据要素潜能”；2023年3月，《国务院机构改革方案》提出组建国家数据局，统筹推进数据制度建设等，数据要素赛道景气度持续向上，为智慧城市的发展带来了新的机遇。,,华金证券,增持-A,[None],2023-06-13,,增持,5235659,pdf_downloads/2023/2023-06-13/600602-云赛智联（600602）：数据要素贝塔向上，全链布局加固护城河.pdf,600602,云赛智联,云赛智联（600602）：数据要素贝塔向上，全链布局加固护城河
"刘雯蜀,郑毅",云赛智联(600602)中国智慧城市领航企业，三大核心业务带动营收稳步增长云赛智联在2015年重组后，加快了电子制造与信息技术相融合，全面向智能化、网络化、信息化转型升级。公司实控人是上海国资委，也是上海国资系统唯一的数据中心运营商和云服务运营商。公司坚持三大业务云计算和大数据、行业解决方案、智慧产品之间的相互支撑和依存，抢抓全面推进城市数字化转型先机，为构建城市数字化转型新底座做准备。2022年公司实现营收45.34亿，同比下降9.19%，其中云计算和大数据占比超55%，是公司最核心业务;2022年公司实现归母净利润1.81亿，同比下降29.57%，主要受上海疫情影响所致。数据要素市场加速发展，云赛全产业链产品打造长期竞争优势数据要素资产化的进程和数据市场体系的建立都明确说明中央大力扶持数据行业发展的态度，相比美国市场已进入能基于数据提供相应增值服务的阶段，我国数据要素市场仍处于萌芽期，据前瞻产业研究院测算，2025年行业拥有近两千亿的市场空间。我们认为，数据要素产业化大时代才正要开始。我国数据要素市场参与者目前呈现百花齐放的竞争格局，然而从业务覆盖领域来看，多数市场参与者的业务仅覆盖数据要素行业的一至三个细分领域，市场中能提供数据要素全产业链产品的企业实属少数。我们认为，随着我国数据要素市场逐步迈入成熟期，业务能贯穿产业链始末的企业将更具备恒久发展动力。云赛智联是市场中少数能提供几乎覆盖数据要素全产业链产品的企业，结合三大业务联动形成的组合拳优势，公司有望持续保有市场竞争力。与微软建立深厚的代理关系，将得益于微软业务的逐日扩大云赛智联子公司南洋万邦与信诺时代致力于为政府和企业客户提供以云计算、大数据、人工智能为核心的信息技术服务。两家子公司均是微软、阿里、华为、中国电信等主流云服务厂商在国内最核心的MSP服务商，2022年双双获得微软全球最高等级合作伙伴奖项。微软与OpenAI的合作已塑造微软在GPT技术上的领先优势，融合AI技术的微软产品更符合时下市场的需求，未来销量有望进一步提升。我们认为，南洋万邦与信诺时代的技术实力已经深获微软的信任，将有机会受益于微软业务的逐步扩大，而这也会直接形成母公司云赛智联未来收入增长的动能。国资背景迎数据春风，深耕研发打造全链服务商业模式数据要素市场发展过程中，国资背景企业更具备政策支持和资源整合能力，能够更好地利用政策优惠和行业资源，开展数据要素市场相关业务。国家层面，公司目前是上海国资系统唯一的数据中心运营商和云服务运营商，技术得到国家认可;企业层面，公司目前已经是微软Azure云、华为云、阿里云、上海市大数据中心等服务商的重要合作伙伴，形成公司在云服务领域南北布局的格局。我们认为在即将兴起的数据要素市场中，公司得益于国资背景具有显著竞争优势，同时公司拥有强大的自研能力和优质的合作群体加持，能够不断扩大产品与服务的核心竞争力，在未来市场抢占先机，营收空间浩瀚无垠。盈利预测与估值我们预测公司2023-2025年实现营收52.19/60.49/71.41亿元，同比增速分别为15.09%/15.92%/18.04%，对应归母净利润分别为2.19/2.52/3.32亿元，同比增速分别为21.39%/15.03%/31.31%，对应EPS为0.16/0.18/0.24元，对应PE为73.22/63.65/48.48倍。给予公司2024年行业平均78倍PE，首次覆盖予以“买入”评级。风险提示宏观环境风险、政策推进不及预期风险、技术更迭不达预期风险,,浙商证券,买入,[None],2023-04-05,,买入,5167856,pdf_downloads/2023/2023-04-05/600602-云赛智联（600602）深度报告：上海数据要素市场先锋部队，国资背景+全链产品双拳助威.pdf,600602,云赛智联,云赛智联（600602）深度报告：上海数据要素市场先锋部队，国资背景+全链产品双拳助威
"孙树明,黄楷",事件：云赛智联发布2022年年度报告，实现营业收入为45.34亿元，同比下降9.19%；实现归母净利润为1.81亿元，同比下降29.57%；实现扣非归母净利润为0.50亿元，同比下降67.94%；基本每股收益0.13元，同比下降29.79%；毛利率为19.74%，同比下降0.38pct。单季度看，公司2022年第四季度实现营业收入为14.37亿元，同比下降1.18%；实现归母净利润为0.29亿元，同比下降66.94%。深耕云服务大数据，中标上海市公共算力服务平台2022年公司云服务大数据板块实现收入25.74亿元，同比下降0.71%，营收占比提升4.85pct至56.77%，毛利率提升0.93pct。公司现有超七千个机柜资源，并将启动松江大数据中心二期建设准备工作；公司旗下南洋万邦、信诺时代是微软、阿里、华为等主流云服务厂商在国内最核心的MSP服务商。2022年11月，公司成功中标上海超级计算中心市公共算力服务平台建设项目，着手布局算力网络，打造上海市超大规模人工智能计算和赋能平台。深度参与上海城市数字化，有望受益于数据要素建设《上海市数字经济发展规划》明确上海将以数据为关键要素，以推动数字技术与实体经济深度融合为主线，围绕数字新产业、数据新要素、数字新基建、智能新终端等重点领域，加快数字经济发展布局。2022年，公司再度中标上海市大数据中心建设运营一体化项目，已经成为上海市大数据中心资源平台总集成商和运维商、数据运营平台总运营商，深度参与上海城市数字化，业务覆盖多个产业环节，有望受益于数据要素市场建设。盈利预测、估值与评级考虑到复杂环境对企业经营产生影响，但公司深度参与上海城市数字化，有望受益于数据要素建设，我们预计公司2023-2025年营业收入分别为52.34/60.97/71.14亿元（23-24年原值为63.03/74.92亿元），对应增速分别为15.44%/16.48%/16.67%，归母净利润分别为2.04/2.64/3.28亿元（23-24年原值为3.75/4.89亿元），对应增速13.03%/29.39%/24.13%，EPS分别为0.15/0.19/0.24元/股，3年CAGR为21.99%。给予公司2023年PE估值90倍，目标价13.45元，维持“买入”评级。风险提示：系统性风险，市场竞争加剧风险，产品和技术不及预期，商誉减值风险。,,国联民生证券,买入,[None],2023-04-02,,买入,5160982,pdf_downloads/2023/2023-04-02/600602-云赛智联（600602）：深度参与城市数字化，有望受益数据要素建设.pdf,600602,云赛智联,云赛智联（600602）：深度参与城市数字化，有望受益数据要素建设
"王紫敬,王世杰",疫情影响公司业绩，经营性现金流表现优异：2022年，受上海疫情封控影响，公司2022年营收和利润同比有所减少。公司经营性现金流净额为2.13亿元，同比增长36.71%，远超公司归母净利润1.81亿元，现金流状况健康，主要系公司本年度资金回笼增加所致。云计算大数据业务依旧为第一大业务：分业务来看，2022年云计算大数据业务实现营收25.74亿元，同比减少0.71%，营收占比超55%，毛利率实现19.03%，同比增加0.93pct。行业解决方案业务实现营收14.51亿元，同比减少9.10%，毛利率实现15.33%，同比减少0.58pct。智能化产品业务实现营收5.57亿元，同比减少21.47%，毛利率实现37.44%，同比增加0.83pct。积极布局AI技术新领域：2022年11月，公司成功中标上海超级计算中心市公共算力服务平台建设项目，打造上海市超大规模人工智能计算和赋能平台。公司旗下南洋万邦和信诺时代共计获得微软全球最高等级的合作伙伴奖项“国家大奖”五次，是国内 MSP 云服务行业的领先者。上海数据要素市场领军者：随着“数据二十条”，《数字中国建设整体布局规划》等数据要素政策相继落地，数据要素市场化建设推进速度有望加快。上海市数字化建设水平全国领先，有望引领全国数据要素市场，云赛智联是上海国资委唯一具备数据治理能力的企业，有望成为上海数据要素市场领军者。盈利预测与投资评级：数据要素政策推进速度加快，云赛智联作为数据要素市场领军者，背靠上海国资委，将充分受益于数据要素产业链多个环节。我们下调2023-2024年归母净利润预测为2.18（-1.83）/2.52（-2.38）亿元，给予2025年归母净利润2.88亿元，维持“买入”评级。风险提示：政策推进不及预期；技术研发不及预期；行业竞争加剧。,,东吴证券,买入,[None],2023-03-31,,买入,5160070,pdf_downloads/2023/2023-03-31/600602-云赛智联（600602）：数据要素市场建设加快，上海数据要素领军者蓄势待发.pdf,600602,云赛智联,云赛智联（600602）：数据要素市场建设加快，上海数据要素领军者蓄势待发
"王紫敬,王世杰",背靠上海仪电集团，布局数据要素全产业链：云赛智联第一大股东为上海仪电集团，实控人为上海市国资委。上海仪电集团为上海市国资系统内唯一一家信息服务产业集团，深入参与城市数字化转型工作，云赛智联是上海仪电数字化转型业务主力军。云赛智联主要从事云服务大数据（IaaS、PaaS和SaaS服务）、行业解决方案（智能安防、智慧政务、智慧教育等垂直行业解决方案）和智能化产品（消费电子、安防电子等硬件）三大业务。公司业务涉及从数据采集、存储、分析到数据应用等数据要素多个环节。数据要素千亿市场，国资背景企业优势明显：“十四五”以来，数据要素政策部署节奏加快，市场前景逐渐明晰。据国家工信安全中心测算数据，2021年我国数据要素市场规模同比增长近50%，达到815亿元，“十四五”期间，这一数值将突破1749亿元，2021-2025年CAGR超20%。数据要素市场下游行业以政府和重点行业为主，2021年政府、电信、金融三大行业市场占比超过50%。数据要素市场建设主要由政府和央国企牵头，国资背景厂商优势显著。业务匹配叠加资源加持，云赛智联有望乘数据要素之风而起：业务方面：云赛智联三大业务布局数据要素产业链多个环节，包括数据采集（摄像头、检测仪器等）；数据存储（IDC、湖仓一体产品等）；数据加工（ETL等数据工具）；数据分析（可视化分析平台）等。股东方面：云赛智联背靠上海国资委，是上海国资系统唯一的数据中心运营商和云服务运营商。公司已成为上海市大数据中心数据资源平台总集成商和运维商、上海市大数据中心数据运营平台总运营商。项目和客户方面：上海市内，公司中标上海市电子政务云平台建设和数据运营、上海国资国企监管云、媒体云、国企专有云、交通委专有云等云托管运营等多个项目。上海市外，公司承建苏州市相城区“十四五”数字政府建设规划暨“一网统管”发展规划项目。盈利预测与投资评级：数据要素千亿市场规模，我们预计后续相关支持政策将会逐步落地，数据要素市场建设将会加快。上海是重要数据中心，数据要素市场建设进度有望全国领先。云赛智联实控人为上海市国资委，为上海市大数据中心数据资源平台总集成商和运维商、上海市大数据中心数据运营平台总运营商，业务覆盖数据要素产业链多个环节，有望在上海数据要素市场建设中充分受益。基于此，我们预计2022-2024年归母净利润分别为3.24/4.01/4.90亿元。首次覆盖，给予“买入”评级。风险提示：政策推进不及预期；技术研发不及预期；行业竞争加剧。,,东吴证券,买入,[None],2022-12-04,,买入,5065998,pdf_downloads/2022/2022-12-04/600602-云赛智联（600602）：布局全面的上海数据要素市场化领军者.pdf,600602,云赛智联,云赛智联（600602）：布局全面的上海数据要素市场化领军者
"王凌涛,沈钱",事件：2022年上半年，公司实现营业收入18.86亿元，同比下滑19.15%，归母净利润8919.91万元，同比下滑20.42%。扣非归母净利润亏损3349.52万元，同比下滑131.97%。H1经营受疫情冲击影响较大，下半年疫情影响趋缓，业务表现将恢复常态。今年上半年，公司经营发展及各项工作遭遇上海疫情带来的冲击，影响较大。上半年归母利润8919万元，但如扣除仪电工程100%股权转让带来的1.14亿元税后收益，公司上半年扣非归母净利润实际亏损3349.52万元。公司作为上海国资背景企业，疫情期间响应号召，重防疫轻运营，是国企社会责任和使命担当的体现，业绩层面的损失无可厚非。疫情对公司三大主营业务板块的影响分别体现在：（1）行业解决方案板块受疫情影响较大，各项在建的信息化、智能化项目工程在疫情期间停工停产，（2）智能化产品板块的影响主要集中在物流供应链和产品交付受阻，（3）云服务大数据板块各类线上交付服务受影响较小，咨询、集成、培训等线下交付业务则被迫停工，松江大数据中心机房一期二阶段部署和110KV独立用户站工程项目的建设进度有所延后。所幸，随着疫情管控力度的缓解，公司各项业务开始恢复正常。值得关的，公司是负责“随申码”和上海市“健康云”等平台的大数据支撑和维护处理的主体单位，为“随申办-场所码”、核酸检测数据治理提供保障服务，为企业复工复产提供复工码、快递证等业务应用的数据治理保障服务，并承接国展中心7、8号展馆的发舱智能化子系统建设，完成疫情精准防控一体化“云赛数字哨兵”系统开发，整体而言，疫情期间，公司充分发挥自身在大数据、物联网领域的技术优势，赋能上海市以数字抗疫能力。打造城市数字化转型新型数字底座，持续提升云服务管理能力。近两年，公司持续布局IDC数字中心基础资源、智能化产品、信创产品等数字化转型基础底座，今年上半年，新建松江大数据中心第一阶段项目投入运营，以上海徐汇、宝山、松江三座高等级数据中心为基础，初步形成新型数字化底座的联动优势，当前，公司正建设松江大数据中心110KV电力用户站，并启动试运行及优化工作，为后续扩容做充分准备，为进一步提升数据中心运营品质和品牌奠定基础。,,太平洋证券,增持,[None],2022-09-10,,增持,4991648,pdf_downloads/2022/2022-09-10/600602-云赛智联（600602）公司点评报告：疫情对公司H1经营造成较大影响，静待H2恢复常态.pdf,600602,云赛智联,云赛智联（600602）公司点评报告：疫情对公司H1经营造成较大影响，静待H2恢复常态
"王凌涛,沈钱","事件：公司于2021年3月28日晚发布2021年年度报告，报告期内公司实现营业收入49.93亿元，同比增长8.77%；实现归属于上市公司股东的净利润2.56亿元，同比增长3.00%，其中扣除非经常性损益后的净利润为1.54亿元，同比变动-23.63%。紧抓城市数字化转型发展机遇，坚持高质量发展。新型智慧城市建设是我国城镇现代化建设进程的重要一环，数字经济则是当前最为有效的社会经济发展模式，上海市已规划在“十四五”期间全面推进城市数字化转型，在转型过程中，将充分发挥数字化对城市发展的先导、支撑和驱动作用，最大程度释放数字红利。公司作为上海数字化城市建设的主力军，近两年相关业务领域的核心技术和产品能力得到不断夯实，当下正迎来推动三大业务齐头并进的行业机遇，公司业绩在“十四五”期间有望迎来高质量的成长。云服务和大数据：IDC、云服务、大数据稳步推进，打造城市数字化转型业务坚实的数字底座。（1）在IDC业务方面，松江大数据计算中心一期工程已投入运营，公司机柜保有量提升约4000个，当然由于放开租赁时间较晚，且当前租赁比例仍然较低，新增机柜对科技网络收入及业绩的推动效应尚未得到体现，但从东数西算的趋势看，凭借区域优势、人才优势和产业优势，东部地区的算力和存储能力的单位价值量有望得到进一步凸显，当前，松江大数据计算中心已启动建设园区配套110KV电力用户站工程，为后续扩容进行了提前的准备，届时，三大数据中心利用互联互通的资源优势，有望全面提升服务能级。公司合资成立上海云赛数海数据服务有限公司，专业从事全国IDC运营服务，可为客户提供个性化私有云、国企监管云、媒体云、国企专有云、交通委专有云等。（2）云服务管理业务通过南洋万邦和信诺时代实现沿海地区全面覆盖，以政务云为突破口，持续强化云MSP管理服务能力，当期已可提供公有云、私有云、混合云服务管理平台，公司与微软Azure、华为云、阿里云等强强联手，两家子公司通过微软 AEMSP 认证，公司在云服务管理技术、资质等层面的优先布局，将充分受益未来商用云服务市场的不断成长。（3）大数据领域，公司再度中标市大数据中心数据资源平台建设（二期）、自贸区大数据服务平台等项目，成为“一网统管”轻应用开发及赋能中心首批合作伙伴。尤其值得关注的是，公司是负责“随申码”
和上海市“健康云”等平台的大数据支撑和维护处理的主体单位，当
前上海市防疫管控正处于关键节点，公司在华东板块，尤其是上海市
政核心大数据领域计算、处理、抗压、维护、输送等细分领域的能力
将得到充分检验，公司的行业领军地位也会进一步得到展现。",,太平洋证券,增持,[None],2022-03-30,,增持,4788392,pdf_downloads/2022/2022-03-30/600602-云赛智联（600602）：城市数字化转型核心，多维度成长齐头并举.pdf,600602,云赛智联,云赛智联（600602）：城市数字化转型核心，多维度成长齐头并举
"沈钱,王凌涛","事件：2021年上半年，公司实现营业收入23.30亿，同比增长19.21%，归母净利润1.12亿，同比增长23.44%，扣非归母净利润1.05亿，同比增长44.35%。三大业务板块稳步推进，为实现全年业绩目标奠定基础。报告期内，公司围绕“云服务和大数据、行业解决方案、智能化产品”三大业务板块展开工作，核心控股及参股子公司的收入及净利润均实现了不同程度的同比增长，公司正成为上海城市化转型过程中的建设主力军。上半年，公司各项能力得到进一步夯实，为实现全年营业目标奠定扎实的基础。云服务和大数据：强化IDC资源和云服务管理能力，大数据领域开始项目中标。云服务和大数据业务板块是公司近年来重点布局的方向，秉承“做优IDC，做强云服务，做深大数据，布局人工智能”的思路：（1）IDC业务围绕基础资源租赁及增值服务展开，子公司科技网络拥有徐汇数据中心和宝山云计算中心两座较高规格和技术水平的数据中心，共计拥有接近2000个机柜，报告期内营业收入和净利润与去年同期基本持平，当前，松江大数据计算中心基础建设已完成，进入设备安装调试阶段，有望在年内实现试运行，届时，不管是保有量亦或是规格方面均将得到大幅提升，IDC业务的收入及利润有望迎来高质量成长；（2）云服务管理业务通过南洋万邦和信诺时代实现沿海地区全面覆盖，以政务云为突破口，持续强化云MSP管理服务能力，私有云销售收入已开始持续增长，报告期内，南洋万邦和信诺时代合计实现营业收入和净利润分别为11.46亿元和2132.55万元，同比增长26.63%和13.85%，后续随着商用市场订单的不断落地，云服务管理业务有望进入良性的成长循环阶段；（3）大数据领域，公司已中标上海市大数据中心资源平台二期建设等多个项目，未来有望持续为公司贡献可观的利润弹性。行业解决方案策略调整提升竞争力，智能产品升级换代。行业解决方案和智能化产品两大业务是公司实现软硬件有效联动战略定位的锚定：（1）行业解决方案领域，近几年市场竞争日趋激烈，面对此种情况，公司积极调整策略，提升核心竞争力，从而保障在安防信息化、教育信息化、检测溯源信息化和水务信息化等多个领域，中标多项行业解决方案项目，为公司业绩提供强有力支撑，报告期内，云赛智联
信息科技和仪电鑫森合计实现收入 5.89 亿元，同比增长 12.62%；（2）
报告期内，子公司科学仪器实现营业收入 1.54 亿元，同比增长 14.93%，
净利润 4997.05 万元，同比增长 49.56%，公司当前正对电化学产品进
行全面的升级换代，上半年部分新产品已批试并投入生产，下半年将
对其进行主推，公司智能化产品的市场竞争力正不断加强。",,太平洋证券,增持,[None],2021-08-25,,增持,4598090,pdf_downloads/2021/2021-08-25/600602-云赛智联（600602）：目标笃定，稳健成长.pdf,600602,云赛智联,云赛智联（600602）：目标笃定，稳健成长
"沈钱,王凌涛","事件：2020年，公司实现营业收入45.89亿元，同比下滑6.13%，归母净利润2.49亿元，同比增长2.84%，扣非归母净利润2.07亿元，同比增长23.15%。上半年疫情影响有限，四季度增长重回快车道。2020年上半年受到疫情的影响，公司业绩表现出现一定下滑，但也不乏亮眼交付，譬如“上海健康码”等产品的快速推出，云赛就是底层数据支撑与计算的重要承担方。公司始终坚守“智慧城市综合解决方案提供商和运营商”的战略定位，以云计算大数据、行业解决方案和智能化产品三大核心板块开拓ToG和ToB市场，2020年第四季度，公司重回增长快车道，单季度实现营业收入15.18亿元，同比/环比增长4.77%/35.44%，归母净利润0.93亿元，同比/环比增长63.80%/43.46%。云计算业务：从政务市场往商用市场开拓，深耕公有云和私有云增值服务。公司在云MSP领域布局已久，当前已组建起业内领先的专业运维团队，自主研发完成“CloudWeaverTM”运管平台，具备微软 Azure、阿里云、华为云等多云管理、以及公有云和私有云领域上云咨询、规划设计、迁移实施、运维保障、运营服务、技术支持的一站式服务能力，并通过南洋万邦和信诺时代实现沿海地区云MSP市场的全面覆盖，是国内为数不多的持续进阶的云服务管理供应商之一。公司借助国资背景带来的天然渠道优势，承接并运维多项政务领域的云服务管理项目，如上海市电子政务云管平台的升级扩容、上海媒体云、上海国资专享云、上海粮食云以及上海教育云网融合等。以政务云为突破口，公司在持续强化自身云MSP管理服务能力的基础上，成功实现向商用市场的开拓，为商业客户提供以人工智能、物联网、云计算为基础的信息化解决方案，在金融、汽车制造、通信等行业已有所斩获，获得了一汽、联想、联通、金山、中国财险、中央结算公司、中粮集团等客户上亿元的企业云服务订单，且交付质量得到客户高度认可，未来有望受益云计算往非IT行业渗透所带来的可观的云服务管理市场需求，进入良性的成长循环阶段。报告期内，负责云MSP业务的南洋万邦和信诺时代分别实现净利润4189.90万和2607.09万元，分别同比增长36.18%和1.32%。IDC业务：IDC资源及能级持续提升，客户覆盖面持续拓宽。在IDC环节，公司业务围绕基础资源租赁及增值服务展开，2020 年之前，子
公司科技网络已建有徐汇数据中心和宝山云计算中心两座较高规格和
技术水平的数据中心，共计拥有接近 2000 个机柜。报告期内，公司完
成更高等级的松江数据中心的建筑工程改造，该数据中心规划有 4000
组机柜，预计将于 2021 年正式对外运营，届时，公司数据中心的基础
资源不管是保有量亦或是规格方面均将得到大幅提升。公司优质客户
众多，下游覆盖面广，包括政府机关、科研院所、医疗等事业单位，
以及金融、电子商务、制造、物流、互联网等企业，2020 年 IDC 业务
新增客户合同 201 份，为今年新增机柜的对外租赁以及相应收入、业
绩的成长奠定坚实的客户基础。",,太平洋证券,增持,[None],2021-03-29,,增持,4469210,pdf_downloads/2021/2021-03-29/600602-云赛智联（600602）：四季度重回增长快车道，三向布局共迎收获成长年.pdf,600602,云赛智联,云赛智联（600602）：四季度重回增长快车道，三向布局共迎收获成长年
"沈钱,王凌涛",云赛智联(600602)事件： 2020 年上半年，公司实现营业收入 19.54 亿元，同比下滑 9.76%，实现归母净利润 0.91 亿元，同比下滑 25.42%，扣非归母净利润 0.73亿元，同比增长 7.22%。疫情负面影响渐消，成长重回正轨。今年上半年，虽然国内疫情为公司的经营带来了诸多的不确定性和不利因素，公司仍坚守自身的战略定位：以云计算大数据、行业解决方案和智能化产品三大核心板块开拓 ToG 和 ToB 市场，二季度，公司在国内疫情趋缓的情况下，积极展开复工复产，整体经营工作情况相较一季度明显改善，逐渐重归持续稳定成长的轨道。值得注意的是，与欧美各国相比，我国之所以能够实现疫情高效的控制，一定程度上与过去几年高度重视智慧城市建设有关，公司作为上海市智慧城市建设的主力军之一，在此次疫情防控过程中亦有所贡献，期间，公司配合上海大数据中心完成“随申码”后台数据归集、分析、处理和反馈。云计算与大数据业务：继续 IDC、云服务、大数据和人工智能。公司在云计算与大数据业务方面的发展目标一以贯之，报告期内在 IDC、云服务、大数据和人工智能各个环节均得到了不同程度的加强：（1）IDC 环节中，公司业务围绕基础资源租赁和增值服务展开，子公司科技网络具备完备的互联网运营全套资质，已建有徐汇数据中心和宝山云计算中心两座较高规格和技术水平的数据中心，共计拥有接近2000 个机柜，上海市政府为了将自身打造成为“人工智能新高地”，有望逐步增加高效环保的通讯网络、数据中心等基础设施，公司作为具备上海国资背景的公司，未来有望获批建设更多的高规格数据中心，实现“覆盖上海辐射江浙地区”的布局，报告期内，公司完成了松江园区项目建设场地的交接，稳步推进松江大数据中心建设。此外，公司在外企、金融和互联网等行业市场的 IDC 业务拓展亦颇有建树；（2）在 2019 年年报点评中，我们便已指出：公司已在多个维度具备进阶优质云服务管理供应商的优良基因。报告期内，公司继续从设计、部署到运维全方位强化 MSP 云管服务能力，自主研发的云管平台Cloudweaver 已集合或正纳管微软 Azure、阿里云、华为云和阿里飞天私有云，并获得了一汽、联想和金山等客户上亿元的企业云服务订单，自有云服务品牌签约小时数同比显著增长， 云计算往非 IT 行业渗透将带来可观的云服务管理市场需求，公司有望率先受益。行业解决方案+智能化产品共同支撑“智慧城市综合解决方案提供商”角色定位。公司始终秉持“软硬件有效联动打造综合型智慧城市解决方案提供商”的初衷，依托母公司仪电集团得天独厚的国资渠道背景和各个子公司完备的施工资质，公司在报告期内承接并完成了智慧安防、智慧教卫、检测溯源等领域多个项目的建设，其中，机场和教育方面的工程项目因疫情原因有所延期，但仍有新项目订单的斩获，医疗方面则抓住疫情的契机，启动实施了一批重要项目。随着我国技术的不断发展，城镇化水平的不断提升，智慧城市市场规模有望进一步扩大，公司通过持续不断的项目建设所积累的经验，将成为未来承接更多订单的实力背书。盈利预测与评级：维持增持评级。公司一如既往稳健的成长是对管理团队改革智慧和精准眼光的最佳诠释，而这亦将继续支撑公司后续的进阶，当前，云计算和智慧城市建设双轮驱动业绩的态势已然形成，在此基础上，我们预计公司 2020-2022 年将分别实现净利润 2.89 亿、3.56 亿和 4.46 亿元，当前股价对应 PE 分别为 35.21、 28.59 和 22.83倍，维持增持评级。风险提示： （1）国内云计算市场渗透放缓拖累公司相关业务推进速度；（2）智慧城市建设受国内外宏观经济发展影响出现波动；（3）核心业务受到竞争对手恶意扩张导致成长不及预期。,,太平洋证券,增持,[None],2020-09-08,,增持,4331558,pdf_downloads/2020/2020-09-08/600602-云赛智联（600602）：疫情影响渐消，下半年重归成长.pdf,600602,云赛智联,云赛智联（600602）：疫情影响渐消，下半年重归成长
"沈钱,王凌涛","云赛智联(600602)事件：4月24日晚间，公司发布2019年年报，2019年实现营业收入48.89亿元，同比增长9.49%，归母净利润2.42亿，同比下滑11.81%,扣非归母净利润1.68亿元，同比增长4.86%。目标笃定，稳健成长。2019年，公司继续聚焦云计算大数据、行业解决方案和智能化产品三大主营业务，依托仪电集团的国资渠道优势大力开拓ToG和ToB市场，营业收入延续成长态势，归母利润虽有所下滑，但实际扣非后净利润仍成长4.86%。2020年，公司将朝着营收预定目标继续稳健成长。云计算大数据业务：稳步推进“IDC-云计算-人工智能”三步走战略。当前，公司云计算大数据业务主要围绕IDC基础资源租赁和增值服务、IT解决方案以及云服务管理（云MSP）展开，其中，云MSP主要为客户提供评估、规划、迁移部署和运维安全等云相关服务，是近几年重点强化、且成效渐显的细分业务:（1）子公司南洋万邦和信诺时代已组建业内领先的专业运维团队，完成了“一南一北、全面覆盖沿海地区云MSP市场”的地域布局，且信诺时代已顺利完成其承诺业绩；（2）自主研发的“CloudWeaverTM”是国内首个通过微软全球AzureExpertMSP认证的云管理平台，与国内头部的云服务厂商（阿里云、华为云等）之间业已构建起稳固的战略生态圈；（3）过去两年，借助过硬的云服务管理能力以及国资背景带来的天然渠道优势，承接了相当数量的区、市级政务云项目，并借此进一步强化自身云迁移能力，已进入极为良性的成长循环阶段。未来几年是国内云计算领域实现全产业链携手突破的极佳时间窗口，各个环节的核心企业正不断加码，如4月20日阿里云宣布未来三年将投资2000亿用于云操作系统、服务器、芯片和网络等的建设。公司已在多个维度具备进阶优质云服务管理供应商的优良基因，未来随着国内云计算从IT行业往政务、金融和工业等领域渗透，云服务管理需求将大量浮现，公司有望凭借当前的布局以及技术实力的强化，成为行业爆发的优先受益者。公司在完善当前IDC和云计算业务的情况下，正积极强化人工智能领域的布局，与仪电集团共同出资设立的“仪电人工智能创新院”，不仅是公司相关人才的储备池，更有望成为上海市“人工智能新高地”的市建目标落地的重要抓手。“智慧城市综合解决方案提供商”战略定位明晰，软硬联动初衷不改。智慧城市建设是一项极为庞杂的系统工程，需要通过完善的信息系统将不同行业、不同部门之间的信息孤岛有效串联起来，依托母公司仪电集团得天多厚的国资渠道优势以及各个子公司完备的智能化建筑施工资质的完美结合，公司在智能安防、检测溯源和智慧教育等多个领域已有所建树，综合型智慧城市解决方案提供商的雏形已然显现。公司在核心主业发展方面始终秉持软硬件有效联动的初衷，行业解决方案和智能化产品两项业务从软、硬两个层面为公司进化成为国内智慧城市建设核心参与者提供了重要保障，对于业务联动性较差的子公司，公司则会采取协议转让的方式进行剥离，如将主营军工装备的美多通信转让给上海电动所，此类举措有望进一步提升公司核心主业的聚焦程度，使得资金得到更为充分、有效的利用。盈利预测与评级：首次覆盖，给予增持评级。公司近几年的稳健成长是管理团队改革智慧和精准眼光融合结出的硕果，通过混合所有制改革吸收合并的优质民营企业之间的协同互补效应充分显现，云计算和智慧城市建设双轮驱动的态势已然形成，目前国内该两个领域的发展正逐渐进入加速阶段，相信未来能为公司的持续进阶提供源源不断的推动力，我们预计公司2020-2022年将分别实现净利润2.89亿、3.55亿和4.44亿元，当前股价对应PE分别为34.36、27.95和22.33倍，首次覆盖，给予增持评级。风险提示：（1）国内云计算市场渗透放缓拖累公司相关业务推进速度；（2）智慧城市建设受国内外宏观经济发展影响出现波动；（3）核心业务受到竞争对手恶意扩张导致成长不及预期。",,太平洋证券,增持,[None],2020-04-27,,增持,4225001,pdf_downloads/2020/2020-04-27/600602-云赛智联（600602）：根植智慧城市解决方案，云服务、大数据齐头并起.pdf,600602,云赛智联,云赛智联（600602）：根植智慧城市解决方案，云服务、大数据齐头并起
段红彬,"公司是一家以云计算大数据、行业解决方案及智能化产品为核心业务的信息技术服务企业，立志于成为智慧城市综合解决方案提供商。公司基于自主研发生产的物联网基础硬件产品，依托自主建设运营的大规模数据中心与云计算平台，从上下游产业链资源角度，将跨行业智慧城市产业中的智能安防、检测溯源、智慧教育及云计算大数据服务等作为本公司智慧城市建设的重点战略产业，为客户提供多技术融合、集约型、智能化的信息系统集成和精准应用服务。    
    公司2018年实现营业总收入44.7亿，同比增长5.8%；实现归属于母公司所有者的净利润2.7亿，同比下降2%；公司毛利率为18.5%，基本维持上年水平，净利率为6.7%，较上年降低0.5个百分点。非经常性损益对公司业绩影响较大，合计1.1亿元，其中政府补助、委托他人投资或管理资产的损益分别为8575.3万、4876万元。扣除非经常性损益后归母净利润为1.6亿元，同比增长6.3%。    
    公司2019年第一季度实现营收1,068,175,289.85元，同比增长16.86%；归属于上市公司股东的净利润44,036,891.62元，同比下滑26.73%。经营活动产生的现金流量净额为-228,364,193.48元，上一年度同期为-370,540,089.11元，主要系公司当期收到货款增加所致。    
    盈利预测：我们预计公司2019—2021年营收为53.7、67.4、88.2亿元，归属于母公司股东的净利润为2.6、4.1、5.5亿元，对应EPS分别为0.16、0.26、0.35元。给予“增持”评级。    
    风险提示：1）国内A股市场活跃度降低；2）云计算、行业解决方案领域竞争加剧。",,财达证券,增持,[None],2019-07-27,,增持,3855024,pdf_downloads/2019/2019-07-27/600602-云赛智联（600602）：近期情况点评.pdf,600602,云赛智联,云赛智联（600602）：近期情况点评
李志伟,"主要观点:
    资产重组后,业绩指标得到改善。公司2017年前三季度营业收入为26.64亿元,同比下降5.74%,归母净利润为1.64亿元,同比下降27.53%,扣非后归母净利润为1.06亿元,同比增长379.56%。2016年公司营业收入为40.94亿元,同比增长34.54%,归母净利润为2.38亿,同比增长48.14%,近五年营业收入CAGR为34.31%,归母净利润CAGR为9.35%。经过2015年12月的并购后,公司业务结构发生较大变化,主要业绩指标得到一定改善。
    以IDC为基础,云计算业务稳步推进。公司控股子公司上海科技网络主要从事IDC业务,目前拥有徐汇、宝山两个数据中心,总容量近2000个标准机柜。科技网络搭建了仪电云平台,为客户提供云主机、云存储等IaaS级别服务以及云安全等SaaS类服务。公司子公司南阳万邦、信诺时代为微软、Adobe等国际知名企业的重要代理商,占据较高市场份额,目前还从事Azure、Office365等云产品的销售和运营,并提供相关解决方案,另外,信诺时代也拥有自有云产品。在云计算加速应用和推广的背景下,科技网络、南洋万邦、信诺时代的长期业务经验有助于公司在竞争中处于有利地位。
    完成系列并购,行业解决方案领域全面铺开。公司通过外延并购积极布局行业解决方案,目前旗下拥有仪电鑫森、塞嘉电子、信息网络等子公司,覆盖教育、安防、医疗、交通、建筑、检测/监测等多个行业领域。2017年3月,公司中标阿拉善智慧城市政府和社会资本合作(PPP)项目,项目总投资为3.32亿元,内容涵盖城市智能交通、智慧城管、智慧医疗、智慧社区、智慧气象、生态环境、智慧文化、平安城市、综合信息大数据等领域的11个城市级行业应用,是公司中标的首个整体城市PPP项目,表明公司智慧城市综合解决方案提供能力得到业界认可,并能为后续开展智慧城市业务起到示范作用。
    投资建议:
    在公司软件销售、智能化、智慧民生以及IDC等业务保持稳健增长的前提下,我们预计公司2017、2018以及2019年的EPS分别为0.23元、0.25元和0.27元,对应P/E分别为28.03倍、26.04倍和24.11倍。目前软件开发行业最新市盈率(TTM,整体法,剔除负值)为64.65倍,考虑到公司在云计算以及智慧城市行业解决方案等领域的积极布局,我们认为公司的估值仍具有一定的上升空间,因此首次给予其“买入”评级。
    风险提示:
    软件业务市场竞争风险;云计算业务发展不达预期风险;智慧城市市场发展低于预期等风险。",,长城国瑞证券,买入,[None],2017-11-24,,买入,2088066,"pdf_downloads/2017/2017-11-24/600602-云赛智联(600602)：云计算业务稳步推进,智慧城市领域全面布局.pdf",600602,云赛智联,"云赛智联(600602)：云计算业务稳步推进,智慧城市领域全面布局"
"熊莉,常潇雅","投资要点

事件：公司拟通过发行股份及支付现金的方式收购信诺时代100%的股权和仪电鑫森49%的股权。信诺时代作价2.18亿元，发行股份约2076万股，支付现金4360万元，仪电鑫森49%的股权作价2.4亿元，发行股份约1983万股，支付现金7350万元。本次发行价格8.4元/股。交易完成后，公司2016年备考业绩为2.7亿元，EPS有一定增厚，由0.18元提升至0.20元。信诺时代2017-2019年的对赌业绩分别是1456万元、1813万元和2192万元，仪电鑫森的对赌业绩分别是4299万元、4896万元和5524万元。收购完成后，公司将持有信诺时代和仪电鑫森100%的股权。公司股票将于5月9日复牌。

收购信诺资产有利公司完善智慧城市解决方案层的布局：此次交易的标的公司中，信诺时代的主营业务是向企业客户提供云计算服务、信息化解决方案及销售信息化产品，业务主要集中在华北地区，优势行业是金融、制造、科技、互联网及服务业，大部分客户是大型国企央企。公司已积累了上万家企业的服务经验。目前公司从事相关业务的全资子公司南洋万邦的业务主要分布在华东和华南，收购完成后公司会打通信诺时代和南洋万邦的服务体系，形成全国高质量的云服务部署和交付渠道，打造全国优势的“云销售商”，为公司智慧城市业务发展提供解决方案层的支持。信息化服务是本地化业务，市场相对分散，收购信诺时代有利于公司拓展业务范围，提高市占率，同时两子公司研发协同，有望为客户云转型提供更多更加标准和细化的云服务，进一步提高公司的竞争力，且随着企业信息化构架由传统形式向云转化及对数据计算存储需求的提升，信息化服务行业仍然会保持稳健增长，同时云化对信息化服务提供商提出更高要求，具有研发及技术优势的企业有望在竞争中获得更多市场份额。

收购仪电鑫森有利于丰富公司智慧城市应用层业务，优质教育业务增厚公司业绩：仪电鑫森的主营业务是智慧校园解决方案、教育行业软件开发及提供运维服务等。仪电鑫森立足于上海，业务涉及上海13个区县，服务过超过1000家学校，是上海教育信息化领域龙头。上海市2016年的教育支出为841亿元，同比增长约5.7%，信息化投入约占8%，约为67亿元，预计未来会逐年增加。受益于教育产业投入的持续增长，公司的渠道优势，公司业绩保持高增速，2016年公司收入翻倍。公司股东上海仪电集团已于上海闵行区、松江区、徐汇区、浦东新区政府、虹口区教育局签署战略合作协议，预计仪电鑫森业绩后继有力。智慧教育是公司智慧城市布局中的重要的业务板块，100%控股仪电鑫森有利于增厚公司业绩。

盈利预测与投资建议。预计公司2017-2019年营业收入年复合增速为31.6%，归母净利润年复合增长率为31.4%，考虑到定增摊薄，对应的EPS分别为0.23元、0.31元和0.39元，对应的PE分别为41倍、30倍和24倍。考虑到公司的智慧城市产业布局完善，具有明显的竞争优势，未来智慧城市建设规模不断加大，公司业绩有望快速提升，首次覆盖，给予“买入”评级。

风险提示：收购整合或不及预期、并购企业业绩实现或不及承诺、市场竞争加剧等风险。",,西南证券,买入,[None],2017-05-10,,买入,1979256,pdf_downloads/2017/2017-05-10/600602-云赛智联(600602)：收购资产，智慧城市业务链进一步完善.pdf,600602,云赛智联,云赛智联(600602)：收购资产，智慧城市业务链进一步完善
