author,content,filename,org_name,original_rating,pdf_link,publish_time,rating_adjust_mark_type,rating_changes,report_id,save_path,stock_code,stock_name,title,extracted_forecasts
"王玮嘉,李斌,黄波","2023年归母净利同比+12%，上调目标价川能动力发布年报，2023年实现营收33.1亿元（同比-13%），归母净利7.97亿元（同比+12%），扣非净利7.62亿元（同比+15%）。其中Q4实现营收8.6亿元（同比-40%），归母净利2.34亿元（同比-15%）。绿电定增落地，下调绿电少数股东损益；锂盐价格趋势向下，下调锂电价格；我们预计2024-26年归母净利为11.3/13.2/14.6亿元（前值：11.9/13.2/-亿元），2024年绿电/锂电/环保归母净利分别为9.0/1.4/0.9亿元。给予公司2024年绿电18x/锂电40x/环保11xPE，目标价15.51元（前值14.21元）；公司定增发行股份将于4月29日上市，总股本增加后备考目标价14.06元。公司拟在2024年中期实施分红,现金分红不低于 2023 年末合并报表未分配利润的 40%（即2.83亿元）。维持“买入”评级。绿电：2023年净利润同比+28%，定增落地降低少数股东损益2023年公司绿电收入同比+14%至15.6亿元，净利润同比+28%至9.1亿元，归母净利同比+35%至5.6亿元。2023年公司绿电装机新增162MW至1,106MW；年末在建192MW，其中淌塘二期120MW已于2024年1月建成并网。公司积极争取四川省多能互补新能源指标，与控股股东组建的合资公司已获得1.8GW指标。公司通过定增方式收购风电资产部分少数股权，交易已于2024年4月完成，考虑到绿电少数股东损益的下降和新投产项目的利润贡献，我们预计2024-26年绿电归母净利为9.0/9.1/9.1亿元。锂电：2023年净利润同比-49%，锂价下跌趋势短期2023年公司锂电（锂盐与锂矿销售）收入同比-26%至8.2亿元，净利润同比-49%至2.1亿元，主要受到锂盐价格同比大幅下降的影响。2023年公司锂盐产量同比+28%至1.1万吨，德阿锂业3万吨锂盐产能全面开工建设，自持李家沟锂矿采矿系统进入试生产阶段。2024年初锂价同比大幅下跌，短期内碳酸锂价格或横盘震荡、氢氧化锂价格或偏稳为主。考虑到锂价下跌的影响，我们预计2024-26年锂电归母净利为1.4/3.2/4.5亿元。目标价15.51元/股，维持“买入”评级我们在绿电行业、锂电行业和环保行业中分别选择四家主流公司。Wind一致预期下，各板块24年可比PE均值分别为：绿电15x/锂电16x/环保11x；各板块归母净利润CAGR分别为：绿电16%/锂电8%/环保15%，而公司相应的CAGR为18%/58%/0.2%。我们调整对公司绿电/锂电/环保板块的估值溢（折）价率，给予2024年各板块18/40/11xPE，目标市值229亿元。风险提示：锂盐价格剧烈下跌；锂矿建设进度慢于预期；绿电投产不及预期。",,华泰证券,买入,[None],2024-04-29,,买入,5607875,pdf_downloads/2024/2024-04-29/000155-川能动力（000155）：绿电定增落地，拟中期派息.pdf,155,川能动力,川能动力（000155）：绿电定增落地，拟中期派息,"{
    ""forecasts"": [
        {
            ""year"": 2024,
            ""net_profit"": 11.3,
            ""eps"": null,
            ""pe"": null
        },
        {
            ""year"": 2025,
            ""net_profit"": 13.2,
            ""eps"": null,
            ""pe"": null
        },
        {
            ""year"": 2026,
            ""net_profit"": 14.6,
            ""eps"": null,
            ""pe"": null
        }
    ]
}"
"李帅华,王靖涵",川能动力(000155)新能源发电优势明显，李家沟锂矿稳步推进投资要点Q4净利润环比好转，风电业务持续增长。公司发布业绩预告，2023年归母净利润7.0-7.8亿元，同比变化-1.38%至9.89%，扣非归母净利润为6.6-7.4亿元，同比变化-0.02%至12.10%。2023Q4公司归母净利润为1.36-2.16亿元，同比下降50.48%-21.37%，环比增长26.85%-101.40%，扣非归母净利润为1.15-1.95亿元，同比下降62.03%-35.73%，环比增长15.92%-96.22%。公司业绩相较于Q3有着大幅改善，主要原因系公司装机规模16万千瓦会东小街风电项目陆续建成投运，公司风力发电量较上年同期增长。新能源发电盈利能力强，现金流充足。2023Q3公司毛利率为43.61%，净利率为27.44%，保持在非常高的水平。根据2023年中报风电、光伏发电业务毛利率为77.12%，锂电业务的毛利率为53.64%，垃圾发电的毛利率为52.28%，均保持非常高的水平。同时截止2023Q3公司现金及现金等价物余额36.41亿元，现金流十分充足。总发电达到19.5亿千瓦时，装机稳步增长。目前川能风电风电项目已核准规模达127.38万千瓦（其中已投运110万千瓦），光伏项目已投产规模2.24万千瓦。2023年上半年，实现总发电量19.5亿千瓦时，同比增长19.22%；实现售电量18.96亿千瓦时，较上年同期增长19.26%。2023年以来会东小街、淌塘二期合计28万千瓦风电项目建成投产，此外近期公司还获取了甘孜州、阿坝州合计110万千瓦光伏，凉山州70万千瓦风电资源，资源潜力丰富。李家沟锂矿资源储量丰富，稳步推进中。公司拥有采矿权的阿坝州金川县李家沟锂矿属于可尔因矿田，氧化锂资源储量50.22万吨，折合124万吨LCE，平均品位1.3%，其I号主矿体是目前探明并取得采矿权证的亚洲最大单体锂辉石矿。目前，公司正常推进李家沟锂辉石105万吨/年项目建设，项目建成后年产锂精矿约18万吨。同时公司已在锂电资源端、锂盐端形成一体化发展，公司控股子公司鼎盛锂业已投产1.5万吨/年锂盐产能，控股子公司德阿锂业目前正在开展 3 万吨/年锂盐项目的建设工作。盈利预测预计2023/2024/2025年公司归母净利润为7.53/8.69/11.09亿元，对应EPS为0.51/0.59/0.75元，对应PE为21.34/18.49/14.48倍。维持 “买入”评级。风险提示：下游需求不及预期，项目进展不及预期。,,中邮证券,买入,[None],2024-02-28,,买入,5525743,pdf_downloads/2024/2024-02-28/000155-川能动力（000155）：新能源发电优势明显，李家沟锂矿稳步推进.pdf,155,川能动力,川能动力（000155）：新能源发电优势明显，李家沟锂矿稳步推进,"{
    ""forecasts"": [
        {
            ""year"": 2023,
            ""net_profit"": 7.53,
            ""eps"": 0.51,
            ""pe"": 21.34
        },
        {
            ""year"": 2024,
            ""net_profit"": 8.69,
            ""eps"": 0.59,
            ""pe"": 18.49
        },
        {
            ""year"": 2025,
            ""net_profit"": 11.09,
            ""eps"": 0.75,
            ""pe"": 14.48
        }
    ]
}"
"王玮嘉,李斌,黄波","3Q23扣非净利yoy+7%，下调盈利预测与目标价川能动力发布三季报，1-3Q23实现营收24.49亿元（yoy+4%），归母净利5.64亿元（yoy+30%），扣非净利5.45亿元（yoy+53%）。其中3Q23实现营收6.62亿元（yoy-27%），归母净利1.07亿元（yoy+4%），扣非净利1.00亿元（yoy+7%）。锂盐价格趋势向下，下调公司23-25年归母净利预测至8.6/11.9/13.2亿元（前值9.9/12.7/15.1亿元），23年绿电/锂电/环保归母净利分别为4.3/2.8/1.6亿元（前值4.5/3.9/1.6亿元），23-25E CAGR为7/39/1%。定增已获批复，上调绿电PE估值；净利CAGR高于可比公司，上调锂电PE估值；给予23年绿电16x/锂电45x/环保11xPE，目标价14.21元/股（原值16.25元/股，基于分部15x/40x/11xPE）。维持“买入”评级。绿电：在建项目如期推进，定增交易方案已获批复7-8月四川全省风电利用小时数同比+1%，四川省进入Q4大风期，我们看好公司风电业务延续稳健增长。6月末公司绿电装机投运1,025.7MW、在建200MW、待建72MW，公司在建绿电项目均如期推进。根据利用小时数变化，我们调整23-25年绿电归母净利预测至4.3/4.9/5.0亿元（前值4.5/4.6/5.3亿元）。公司拟通过定增方式收购风电资产少数股权，有望提升绿电利润贡献；定增方案已于9月6日获得证监会批复。锂电：锂矿工程进入尾声，锂盐价格或偏弱运行公司李家沟采选项目采矿工程开始试生产；地表采选工程部分车间及管输系统正在开展调试与消缺；其余工程施工按计划正常推进。根据目前建设及生产情况，公司预计锂精矿生产成本低于澳洲绝大部分锂矿生产成本及江西锂云母产品生产成本。展望后市，碳酸锂短期供需格局难以改变，价格或偏弱运行；氢氧化锂供需依旧维持过剩局面，价格或跟随碳酸锂偏弱运行。锂盐价格趋势向下，下调23-25年锂电归母净利预测至2.8/5.4/6.5亿元（前值3.9/6.4/8.2亿元）。目标价14.21元/股，维持“买入”评级我们在绿电行业、锂电行业和环保行业中分别选择四家主流公司。Wind一致预期下，各板块23年可比PE均值分别为：绿电15.8x/锂电13.4x/环保10.6x；各板块23-25年归母净利CAGR分别为：绿电18%/锂电-5%/环保14%，而公司相应业务归母净利CAGR为7%/39%/1%。我们给予公司23年各板块PE为16/45/11x，目标市值210亿元，目标价14.21元。风险提示：锂盐价格剧烈下跌；锂矿建设进度慢于预期；绿电投产不及预期。",,华泰证券,买入,[None],2023-10-31,,买入,5369828,pdf_downloads/2023/2023-10-31/000155-川能动力（000155）：盈利稳健增长，定增落地在即.pdf,155,川能动力,川能动力（000155）：盈利稳健增长，定增落地在即,"{
    ""forecasts"": [
        {
            ""year"": 2023,
            ""net_profit"": 8.6,
            ""eps"": null,
            ""pe"": null
        },
        {
            ""year"": 2024,
            ""net_profit"": 11.9,
            ""eps"": null,
            ""pe"": null
        },
        {
            ""year"": 2025,
            ""net_profit"": 13.2,
            ""eps"": null,
            ""pe"": null
        }
    ]
}"
"王玮嘉,李斌,黄波","川能动力(000155)1H23扣非净利同比+69%，锂电与绿电快速增长川能动力发布半年报，1H23实现营收17.87亿元（yoy+22%），归母净利4.57亿元（yoy+37%），扣非净利4.45亿元（yoy+69%），符合业绩预告区间。其中2Q23实现营收8.57亿元（yoy+37%，qoq-8%），归母净利1.80亿元（yoy+76%，qoq-35%）。维持盈利预测，我们预计公司23-25年归母净利为9.9/12.7/15.1亿元，23年绿电/锂电/环保归母净利分别为4.5/3.9/1.6亿元，23-25ECAGR为8/50/1%。定增进度延后，下调绿电估值；净利CAGR高于可比公司，上调锂电估值；给予23年绿电15x/锂电40x/环保11xPE，目标价16.25元/股（原值18.24元/股，基于分部27x/35x/8xPE）。维持“买入”评级。绿电：1H23收入同比+17%，定增交易或将完成1H23公司实现绿电收入8.89亿元（同比+17%），毛利率77.1%（同比+2.5pp），得益于发电量同比+19%。6月末公司绿电装机投运1,025.7MW（上半年新增81.7MW）、在建200MW、待建72MW。公司在建绿电项目均如期推进，我们预计23-25年绿电归母净利预测4.5/4.6/5.3亿元；公司拟通过定增方式收购风电资产少数股权，有望提升绿电利润贡献。目前定增交易已获得深交所审核通过，仍需等待监管机构同意注册。锂电：1H23收入同比+84%，锂矿具备成本优势2022年公司实现锂电（锂盐与锂矿销售）收入4.48亿元（同比+84%），毛利率53.6%（同比+11.4pp），得益于基建矿销售和锂盐产销量提升。公司加快推进李家沟锂矿建设，同时开展基建矿的销售。根据目前建设及生产情况，公司预计锂精矿生产成本低于澳洲绝大部分锂矿生产成本及江西锂云母产品生产成本。锂精矿达产后年产能不低于18万吨，有望提升锂盐加工自给率和盈利水平，对冲锂盐价格下行风险。我们预计23-25年锂电归母净利为3.9/6.4/8.2亿元。目标价16.25元/股，维持“买入”评级我们在绿电行业、锂电行业和环保行业中分别选择四家主流公司。Wind一致预期下，各板块23年可比PE均值分别为：绿电15x/锂电11x/环保11x；各板块23-25年归母净利润CAGR分别为：绿电19%/锂电3%/环保14%，而公司相应的CAGR为8%/50%/1%。我们根据净利CAGR的变化调整公司绿电/锂电/环保板块的估值溢价率，给予公司23年各板块PE为15/40/11x，目标市值240亿元，目标价16.25元。风险提示：锂盐价格剧烈下跌；锂矿建设进度慢于预期；绿电投产不及预期。",,华泰证券,买入,[None],2023-09-01,,买入,5309738,pdf_downloads/2023/2023-09-01/000155-川能动力（000155）：业绩符合预期，定增或将落地.pdf,155,川能动力,川能动力（000155）：业绩符合预期，定增或将落地,"{
    ""forecasts"": [
        {
            ""year"": 2023,
            ""net_profit"": 9.9,
            ""eps"": null,
            ""pe"": null
        },
        {
            ""year"": 2024,
            ""net_profit"": 12.7,
            ""eps"": null,
            ""pe"": null
        },
        {
            ""year"": 2025,
            ""net_profit"": 15.1,
            ""eps"": null,
            ""pe"": null
        }
    ]
}"
孙灿,"事件川能动力发布2022年年度报告，公司2022年实现营业收入38.01亿元，较上年同期减少21.88%；实现归属于上市公司股东的净利润7.1亿元，较上年同期增长104.12%。2022年第四季度，公司实现营业收入14.39亿元，较上年同期减少44.84%；实现归属于上市公司股东的净利润2.75亿元，较上年同期增长130.57%。点评新能源发电业务持续增长，公司风电资源优势明显2022年，公司实现营业收入38.01亿元，同比减少21.88%，主要系报告期公司新能源综合服务业务终止，以及川能环保设备销售收入减少所致。公司业绩增长超预期，2022年实现归属于上市公司股东的净利润7.1亿元，同比增长104.12%，主要得益于新能源发电销售业务持续增长，同时成功控股鼎盛锂业实现并表，以及提前实现基建副产矿销售收入。2022年，公司风光发电业务实现营收13.64亿元，同比增长18.04%；垃圾发电业务实现营收6亿元，同比增长1.19%。截止报告期末，公司新能源发电装机规模约150万千瓦（含已投运及在建项目，其中风电光伏装机规模129.62万千瓦，垃圾发电装机规模15.65万千瓦），新能源板块利润持续增长。同时，公司风力发电业务的发电量主要集中于平、枯水期，在以水电为主的四川电力市场具备结构优势，有利于在市场上获取较高电价，对公司经营支撑作用更加凸显。李家沟锂辉石矿项目投产在即，基建副产矿销售收入超预期增长公司锂电销售业务发展迅速，现已成为公司新的收入来源。2022年，公司锂电销售业务实现收入10.94亿元，同比增长151.94%，锂电销售业务大幅提升，主要系并表了鼎盛锂业锂盐业务，以及提前实现井巷基建副产矿销售收入。报告期内，鼎盛锂业5,000吨电池级碳酸锂技改项目建成投运，已投运设计产能为1.5万吨/年（碳酸锂10,000吨、氢氧化锂5,000吨）。2022年,鼎盛锂业以代加工和自产相结合共生产锂盐产品8,731.54吨，同比增长32.68%。根据公司公告，李家沟锂辉石矿平均品位1.3%，其中I号主矿体是目前探明并取得采矿权证的亚洲最大单体锂辉石矿。目前李家沟项目井巷工程已基本完成，其他工程进度正在按照调整优化后的方案有序推进，采矿系统试生产时间预计为2023年3月底。在需求端高增长的推动下，锂资源的稀缺性日渐凸显，持有优质上游资源将帮助公司强化市场竞争力、提升议价能力，上游锂矿资源也将为公司下游锂盐制造提供原料保障。",,川财证券,增持,[None],2023-04-03,,增持,5162036,pdf_downloads/2023/2023-04-03/000155-川能动力（000155）2022年年报点评：业绩超预期增长，李家沟锂矿项目投产在即.pdf,155,川能动力,川能动力（000155）2022年年报点评：业绩超预期增长，李家沟锂矿项目投产在即,"{
    ""forecasts"": [
        {
            ""year"": 2022,
            ""net_profit"": 7.1,
            ""eps"": null,
            ""pe"": null
        }
    ]
}"
"王玮嘉,李斌,黄波",绿电稳健发展、锂电增量显著，下调盈利预测与目标价川能动力发布业绩：22年实现营收38.0亿元、调整后同比-22%，归母净利7.1亿元，调整后同比+104%，归母净利与华泰预测（7.0亿元）基本一致。22年公司绿电投运装机维持944MW，发电量同比+19%；垃圾处理能力新增700吨/日；锂盐产能增至1.5万吨/年，锂盐产量同比+33%；锂矿已实现初部分基建出矿销售。供过于求导致锂价下跌，下调价格假设；根据在建与核准绿电项目的最新情况，下调绿电装机容量预测。我们预计23-25年归母净利为9.9/12.7/15.1亿元（前值：10.9/15.2/-亿元），23年绿电/锂电/环保归母净利分别为4.5/3.9/1.6亿元（原值5.0/4.6/1.3亿元），23-24E CAGR为6/64/1%。维持各板块的相对溢价率，给予23年27/35/8xPE，目标价18.24元/股（原值24.49元/股，基于分部27/47/7xPE）。“买入”评级。绿电：2022年收入同比+18%，定增交易有序推进2022年公司实现绿电收入13.65亿元、同比+18%，22年末公司绿电装机投运944MW、在建280MW。公司在建绿电项目均如期推进，我们预计23-25年绿电归母净利预测4.5/4.6/5.3亿元；公司拟通过定增方式收购风电资产少数股权，有望提升绿电利润贡献，定增后备考归母净利预测为7.2/7.5/8.5亿元；目前定增交易仍处于等待审核通过与注册阶段。锂电：2022年收入同比+152%，锂矿建设加快推进2022年公司实现锂电（锂盐与锂矿销售）收入10.9亿元、同比+152%，得益于锂盐价格大涨和公司锂盐产销量提升；锂矿已实现初部分基建出矿销售，公司持有的李家沟锂矿正加快推进中，达产后锂精矿年产能不低于18万吨，有望提升锂盐加工自给率和盈利水平，对冲锂盐价格下行风险。锂行业已进入被动补库存（累库）周期，叠加23-25年锂供需大概率恶化，锂价下跌是大概率事件。我们预计23-25年锂电归母净利为3.9/6.4/8.2亿元（原值4.6/8.4/-亿元）。目标价18.24元/股，维持“买入”评级我们在绿电行业、锂电行业和环保行业中分别选择四家主流公司。Wind一致预期下，各板块23年可比PE均值分别为：绿电15x/锂电8x/环保10x；各板块23-24年归母净利润CAGR分别为：绿电26%/锂电23%/环保17%，而公司相应的CAGR为6%（若定增完成则为35%）/64%/1%。我们维持对公司绿电/锂电/环保板块的估值溢（折）价率，给予公司23年各板块PE为27/35/8x，目标市值269亿元，目标价18.24元。风险提示：锂盐价格剧烈下跌；锂矿建设进度慢于预期；绿电投产不及预期。,,华泰证券,买入,[None],2023-04-01,,买入,5162397,pdf_downloads/2023/2023-04-01/000155-川能动力（000155）：净利符合预期，锂价下行削弱弹性.pdf,155,川能动力,川能动力（000155）：净利符合预期，锂价下行削弱弹性,"{
    ""forecasts"": [
        {
            ""year"": 2023,
            ""net_profit"": 9.9,
            ""eps"": null,
            ""pe"": 27
        },
        {
            ""year"": 2024,
            ""net_profit"": 12.7,
            ""eps"": null,
            ""pe"": 35
        },
        {
            ""year"": 2025,
            ""net_profit"": 15.1,
            ""eps"": null,
            ""pe"": 8
        }
    ]
}"
"陶贻功,华立,阎予露,严明,梁悠南",核心观点：事件：公司发布2022年三季报，前三季度实现营业收入23.62亿元，同比下降39.09%；实现归母净利润4.34亿元（扣非3.56亿元），同比增长36.01%（扣非增长16.01%）。第三季度实现营收9.03亿元（同比增长63.57%），归母净利润1.03亿元（同比增长321.15%）。基建矿销售大幅增加，锂矿业务有望成为新的业绩增长点前三季度公司收入结构有所优化，其他收入（新能源综合服务收入、设备销售收入）下降幅度较大，风力发电收入稳定增长，锂矿、锂盐收入已成为新的收入来源。前三季度风电收入9.31亿元，同比增长13.36%，主要受益于风电装机同比增长；前三季度锂盐收入4.66亿元，同比增长41.20%，主要受益于锂盐价格大幅上涨，产销量全面提升；前三季度锂矿收入9217.12万元（其中第三季度收入6429.51万元），为本年新增收入，来源于李家沟锂辉石矿基建矿销售。根据公司规划，李家沟项目预计在2023年初投产并开始产能爬坡，有望成为新的业绩增长点。收入结构优化带来毛利率提升，经营性净现金流大幅增加前三季度公司毛利率51.18%（同比+23.05pct），净利率31.50%（同比+14.20pct），ROE（摊薄）8.71%（同比+2.04pct），主要由于公司收入结构优化，高毛利率的风电和锂电收入占比提升；经营性净现金流13.54亿元（同比+76.51%），主要由于前三季度锂矿及锂盐产品受行业周期性影响，销售商品收到的现金大幅增加以及收回新能源综合服务业务存量款项所致。李家沟项目建设顺利推进，预计2023年初投产公司着力推进金川县李家沟锂辉石矿105万吨/年采选项目建设。截至目前，井巷工程完成总工程量 85%，地表采选、尾矿库、生产辅助设施和生活设施等工程按计划正常推进。第三季度已销售并确认收入的基建矿2.25万吨，形成营业收入9217.12万元，利润总额7400.53万元。公司计划于2023年年初完成采矿工程的建设投运，项目产能将随着产能爬坡得到逐步释放，满产后预计年产锂精矿18万吨。新能源开发潜力大，风资源优势明显截止2022年上半年，川能风电已投运风电光伏项目16个，总装机容量为94.42万千瓦；在建项目2个，总装机容量28万千瓦；待建项目1个，装机容量为7.2万千瓦。风电资源方面，2021年全年公司风电平均利用小时数为2984.33小时，高于2021年全国平均利用小时数2246小时，风资源优势明显。除已投产和在建项目外，公司在四川省还有约100万千瓦优质风电资源待开发建设，项目开发有序推进，发展潜力较大。,,银河证券,推荐,[None],2022-11-06,,买入,5041437,pdf_downloads/2022/2022-11-06/000155-川能动力（000155）：李家沟基建矿销售大幅增加，锂矿业务有望成为新的业绩增长点.pdf,155,川能动力,川能动力（000155）：李家沟基建矿销售大幅增加，锂矿业务有望成为新的业绩增长点,"{
  ""forecasts"": [
    {
      ""year"": null,
      ""net_profit"": null,
      ""eps"": null,
      ""pe"": null
    }
  ]
}"
"王玮嘉,黄波,李斌",川能动力(000155)3Q22 归母净利同比增 321%，上调盈利预测1-3Q22 川能动力实现营收 23.6 亿元，同比-39%，归母净利 4.35 亿元，同比+36%，净利为我们全年预测值的 62%；3Q22 实现营收 9.0 亿元，同比+64%，归母净利 1.0 亿元，同比+321%，得益于风电与锂电业务增长。上调锂电收入与毛利率预测，预计 22-24 年归母净利 7.0/10.9/15.2 亿元（前值 6.1/10.1/14.3 亿元），23 年绿电/锂电/环保归母净利分别为 5.0/4.6/1.3 亿元（前值 5.0/3.9/1.2 亿元），23-24E CAGR 为 13/132/6%。参考绿电/锂电/环保可比均值 23 年 15.3/10.5/8.5xPE、23-24E CAGR 21/30/16%，维持公司各板块的相对溢/折价率，给予 23 年 27/47/7xPE，目标价 24.49 元/股（前值 25.69 元/股，基于分部 30/56/8xPE）。维持“买入”评级。绿电：1-3Q22 风电收入同比+13%，定增交易有序推进公司 1-3Q22 实现风电收入 9.31 亿元、同比+13%，22 年 9 月末公司绿电装机投运 944MW、在建 280MW；四川省进入四季度大风期，我们看好公司风电业务延续稳健增长。公司在建绿电项目均如期推进，我们维持对22-24 年绿电归母净利预测 4.2/5.0/5.4 亿元；公司拟通过定增方式收购风电资产少数股权，有望提升绿电利润贡献，定增后备考归母净利预测为4.2/6.6/7.2 亿元；目前定增交易仍处于标的公司的审计和评估阶段。锂电：1-3Q22 锂盐收入同比+41%，锂矿建设加快推进公司 1-3Q22 实现锂盐销售收入 4.66 亿元、同比+41%，得益于锂盐价格大涨和公司锂盐产销量提升；锂矿销售收入 0.92 亿元，主要为基建矿产出，也表明公司持有的李家沟锂矿正加快推进中，达产后锂精矿年产能不低于18 万吨，有望提升锂盐加工自给率和盈利水平。考虑到锂电业务收入增长快于我们之前预期，上调 22-24 年锂电归母净利预测至 1.6/4.6/8.4 亿元（前值 0.8/3.9/7.7 亿元）。目标价 24.49 元/股，维持“买入”评级我们在绿电行业、锂电行业和环保行业中分别选择四家主流公司。Wind 一致预期下，各板块 23 年可比 PE 均值分别为：绿电 15.3x/锂电 10.5x/环保8.5x；各板块 23-24 年归母净利 CAGR 分别为：绿电 21%/锂电 30%/环保16%，而公司相应业务归母净利 CAGR 为 13%（若定增完成则为 30%）/132%/6%。我们维持对公司绿电/锂电/环保板块的估值溢/折价率，给予公司 23 年各板块 PE 为 27/47/7x，目标市值 361 亿元，目标价 24.49 元。风险提示：锂盐价格剧烈下跌；锂矿建设进度慢于预期；绿电投产不及预期,,华泰证券,买入,[None],2022-10-26,,买入,5024858,pdf_downloads/2022/2022-10-26/000155-川能动力（000155）：业绩高速增长，锂电+绿电贡献显著.pdf,155,川能动力,川能动力（000155）：业绩高速增长，锂电+绿电贡献显著,"{
    ""forecasts"": [
        {
            ""year"": 2022,
            ""net_profit"": 7.0,
            ""eps"": null,
            ""pe"": null
        },
        {
            ""year"": 2023,
            ""net_profit"": 10.9,
            ""eps"": null,
            ""pe"": null
        },
        {
            ""year"": 2024,
            ""net_profit"": 15.2,
            ""eps"": null,
            ""pe"": null
        }
    ]
}"
"晏溶,周志璐,温佳贝,黄舒婷","事件概述：2022年10月26日，公司发布2022年前三季度报告，实现营业收入23.62亿元，同比下降39.09%；归属于上市公司股东的净利润4.35亿元，同比增长36.01%；归属于上市公司股东的扣除非经常性损益的净利润3.56亿元，同比增长16.01%。基本每股收益0.2947元/股。第三季度实现营业收入9.02亿元，同比增长63.57%；实现归母净利润1.03亿元，同比增长321.15%。分析判断:风电业务稳定增长，锂矿、锂盐业务成新收入来源2022年前三季度，公司风电业务实现收入9.31亿元，同比增长13.36%，实现稳定增长，判断主要得益于美姑沙马乃托一期风电场、会东淌塘风电场项目于2021年内投产，在2022年实现产能爬坡，发电量同比增长，从而贡献业绩增量。此外，公司锂盐和锂矿业务得到快速发展，已然成为公司新的收入来源。前三季度，锂盐业务产销量全面提升，实现锂盐销售收入4.66亿元，同比增长41.20%，收入占比从去年同期的8.51%提升至19.72%。锂矿业务收入实现基建矿销售收入9217.12万元，收入占比为3.90%。目前，公司正在积极推进锂盐项目收购及新建项目建设，加速推进李家沟锂辉石矿建设，我们判断随着项目持续推进，公司锂盐和锂矿收入占比有望继续提升。提前实现锂矿收入，四季度或将进一步释放利润根据公司三季度报告披露，公司加快推进李家沟锂辉石矿105万吨/年采选项目建设，前三季度已实现部分基建出矿，销售并确认收入的基建矿2.25万吨，形成营业收入9,217.12万元，利润总额7,400.53万元。根据计算，基建矿税后单吨售价约为585美元/吨（1:7汇率）。10月3日，澳洲锂矿公司CORE公告称，拍卖了1.5万吨，品位为1.4%的原矿，售价为951美元/吨，计划2022Q4末发货。根据公司公告，李家沟锂辉石矿平均品位1.3%，目前也已经掘进至矿区中心I号矿体中心位置。参考海外锂矿公司原矿拍卖价格，叠加2022Q4锂精矿价格持续上行，公司基建矿销售价格完全有机会进一步上涨。根据公司三季报披露，截至2022年10月24日，李家沟累计产出基建矿6万余吨，其中已销售并确认收入的基建矿数量为4.55万吨。Q2/Q3/2022年1001-1024日已销售并确认收入的基建矿数量分别为0.68/1.57/2.25万吨，基建矿销售及确认收入速递在加快，也基本说明李家沟矿山在进入投产前的最后冲刺阶段，在2022Q4，基建矿销售业务有望形成量价齐升之势，进一步释放利润。截至三季报披露日，井巷工程完成总工程量 85%；截止半年报披露日，完成总工程量70%；截至4月底，井巷完成掘进量的43%，可以看到公司一步一脚印，加速推进李家沟锂辉石矿的建设，我们预计李家沟项目将成为国内乃至全球在本轮周期中第一个投产的绿地锂辉石矿项目，成为川能动力在川西地区开发的第一个锂矿示范项目。拟收购启迪清源40%股权，切入盐湖提锂业务9月20日，公司公告称，与启迪新材料签订了《股权收购意向协议》，拟收购启迪新材料持有的启迪清源40%股权。根据启迪清源官网信息，启迪清源参与的青海盐湖膜法镁锂分离项目一期在2016年3月开工建设，10月13日全部投入试运行，可实现年产碳酸锂1万吨。2018年6月，又承接了青海盐湖集团年产2万吨的碳酸锂项目。另外启迪清源承建的藏格锂业年产1万吨碳酸锂项目的氯化锂分离浓缩装置，早于2019年就已投产，目前已经实现完全达产。",,华西证券,买入,[None],2022-10-26,,增持,5024912,pdf_downloads/2022/2022-10-26/000155-川能动力（000155）：锂盐、锂矿已成新收入来源，李家沟锂矿投产可期.pdf,155,川能动力,川能动力（000155）：锂盐、锂矿已成新收入来源，李家沟锂矿投产可期,"{
    ""forecasts"": [
        {
            ""year"": null,
            ""net_profit"": null,
            ""eps"": 0.2947,
            ""pe"": null
        }
    ]
}"
孙灿,"事件川能动力发布2022年三季度报告，2022年1-9月，公司实现营业收入23.62亿元，较上年同期减少39.09%；实现归属于上市公司股东的净利润4.35亿元，较上年同期增长36.01%。公司资产总额为192.69亿元，较上年度末增加4.94%；实现归属于上市公司股东的所有者权益为51.24亿元，较上年度末增加6.47%。2022年第三季度实现营业收入9.02亿元，同比增长63.57%；实现归母净利润1.03亿元，同比增长321.15%。点评新能源发电业务稳定增长，锂矿、锂盐业务已成为新收入来源2022年1-9月，公司风力发电业务实现收入9.31亿元，同比增长13.36%，主要系沙马乃托一期风电场、淌塘风电场项目于2022年实现产能爬坡，售电量增加所致，为公司新能源发电业务贡献利润增量；光伏发电业务实现收入1.83亿元，同比下降1.11%；垃圾发电业务实现收入4.46亿元，同比增长4.94%。此外，公司锂盐和锂矿业务发展迅速，现已成为公司新的收入来源。2022年1-9月，公司锂盐业务实现收入4.66亿元，同比增长41.20%，锂电生产销售业务有较大改善，主要系因市场回暖锂盐价格大幅上涨，产销量全面提升；目前，四川能投锂业有限公司所属金川县李家沟锂辉石矿105万吨/年采选项目正加快推进中，现已销售并确认收入的基建矿2.25万吨，形成营业收入9,217.12万元，收入占比为3.90%。随着李家沟锂辉石矿项目建设加速推进，公司锂盐和锂矿收入占比有望继续提升，收入结构将进一步优化。李家沟锂辉石矿项目加速推进，四季度基建矿销售业务有望量价齐升2022年前三季度，公司着力推进金川县李家沟锂辉石矿105万吨/年采选项目建设进展，目前已经掘进至矿区中心I号矿体中心位置，井巷工程完成总工程量85%，地表采选、尾矿库、生产辅助设施和生活设施等工程也正在按计划正常推进。截至2022年10月24日，四川能投锂业有限公司累计产出基建矿6万余吨，其中已销售并确认收入的基建矿数量为4.55万吨。10月18日，澳大利亚矿商Pilbara的锂矿拍卖价再创新高，成交价为离岸价7100美元/吨，较上次成交价上涨1.6%，再创历史新高。Pilbara锂精矿的拍卖价格一直被认为是全球锂精矿价格走势的风向标，在锂资源行业高景气的背景下，公司基建矿销售价格有望进一步上涨，四季度基建矿销售业务有望实现量价齐升。",,川财证券,增持,[None],2022-10-26,,增持,5026209,pdf_downloads/2022/2022-10-26/000155-川能动力（000155）2022年三季报点评：新能源发电业务增长稳定，李家沟锂矿项目建设加速.pdf,155,川能动力,川能动力（000155）2022年三季报点评：新能源发电业务增长稳定，李家沟锂矿项目建设加速,"{
    ""forecasts"": [
        {
            ""year"": null,
            ""net_profit"": null,
            ""eps"": null,
            ""pe"": null
        }
    ]
}"
周旭辉,"川能动力(000155)【投资要点】8月19日，公司发布了半年报，公司报告期内实现收入14.60亿元，同比-56.12%；归母净利润3.32亿元，同比+12.44；扣非归母净利润2.63亿元，同比-8.79%。公司Q2营业收入7.26亿元，同比-56.89%，环比-0.92%，Q2归母净利润1.13亿元，同比-0.18%，环比-48.43%；扣非归母净利润0.47亿元，同比-56.58%，环比-78.46%。李家沟建设方案调整优化，加速出矿投产：据公司公告，报告期内，公司已实现基建副产矿石销售收入2788万元，目前正全力建设李家沟锂辉石105万吨/年项目，5月27日，公司拟对该项目建设方案进行优化调整，将原项目投资总额12.5亿元增加至16.5亿元，设计规模105万t/a，采矿生产能力为4200t/d，调整后的选矿厂浮选工段拟下移至李家沟沟口根扎后坪建设，浮选工段全年生产天数可由270天增至330天，年产锂精矿约18万吨。随着新能源电动车产销量的增长，锂资源的开采对公司保障下游锂盐原材料供应、加强市场竞争力、提升议价能力具有重要意义。锂盐产业布局迅速，整体盈利能力提升：根据半年报，2022H1公司锂电营业收入2.44亿元，同比+5.33%，其中子公司鼎盛锂业共生产锂盐产品3348吨，同比+59.35%。鼎盛锂业目前以代加工形式开展生产工作，拥有1.5万吨锂盐产能，其中，已投产的1万吨产能处于接近满产状态，5,000吨电池级碳酸锂技改项目已于2022年4月建成并投料生产，目前处于产能爬坡阶段，预计今年下半年将持续稳定开展。据公司公告，6月28日，公司分别与四川能投、川能资本签署股权转让协议，收购二者合计持有的鼎盛锂业25.5%股权，并于7月6日完成本次股东变更登记备案手续。本次收购完成后，公司持有鼎盛锂业51%股权，并将鼎盛锂业纳入合并报表范围，另有21%股权尚未与川商基金签订股权转让协议。合资建设3万吨锂盐项目，2024年有望投产：8月4日，公司与亿纬锂能、蜂巢能源共同组建的合资公司四川能投德阿锂业有限责任公司已完成设立登记，其中，川能动力持股比例51%，为合资公司控股股东，亿纬锂能和蜂巢能源持股比例均为24.5%。合资公司的新建3万吨锂盐项目位于四川省德阳市绵竹市汉旺镇德阳-阿坝生态经济产业园，拟投资建设年产1.5万吨电池级氢氧化锂和年产1.5万吨电池级碳酸锂的生产线，并预计将于2024年建成投产。此次锂盐产业合作带来的共享资源和收益或将帮助公司锂电产业布局将迈向新台阶。新能源电力仍为业务重心，公司资源开发潜力较大：据半年报披露，公司2022H1电力销售业务收入9.69亿元，占营业收入比重66.39%。在垃圾焚烧发电方面，2022H1川能环保已投运项目处理生活垃圾135.83万吨，发电4.5亿千瓦时，分别同比增长8.48%、4.77%；在建的巴彦淖尔项目建设进度提前，于6月18日完成主体封顶。在风力、光伏发电领域，公司2022H1实现总发电量16.36亿千瓦时，同比+17.64%；实现售电量15.9亿千瓦时，同比+17.08%，该增长主要原因系2021年下半年新投产的沙马乃托一期和淌塘风电场新增装机17.48万千瓦。公司风电光伏电场资源丰富，除已投产和在建项目外，公司在四川省还有约100万千瓦优质风电资源待开发建设，项目发展潜力较大。【投资建议】公司把握能源结构调整、产业结构优化契机，积极寻求新的收入增长点：在新能源发电领域资源优势明显，发展潜力大；在锂电产业领域，随着李家沟项目的稳步推进、锂盐业务的逐步投产与产能爬坡，锂电上下游将协同发力。我们预计2022-2024年公司营业收入分别为48.70亿元、120.87亿元、152.62亿元，归母净利润分别为6.91亿元、24.27亿元、30.48亿元，对应EPS分别为0.47、1.64元、2.06元，对应PE分别为45.00倍、12.81倍、10.20倍。虽然2022H1公司营业收入同比-56.12%，据公司公告，主要原因系公司本部新能源综合服务业务终止，新能源综合服务收入减少以及川能环保设备销售收入减少。鉴于公司未来发展前景良好，竞争力突出，我们给与“增持”评级。【风险提示】地缘政治风险项目进程不及预期锂资源价格变动",,东方财富证券,增持,[None],2022-09-29,,增持,5006635,pdf_downloads/2022/2022-09-29/000155-川能动力（000155）2022年中报点评：锂电项目推进迅速，新能源发电稳中向好.pdf,155,川能动力,川能动力（000155）2022年中报点评：锂电项目推进迅速，新能源发电稳中向好,"{
    ""forecasts"": [
        {
            ""year"": 2022,
            ""net_profit"": 6.91,
            ""eps"": 0.47,
            ""pe"": 45.00
        },
        {
            ""year"": 2023,
            ""net_profit"": 24.27,
            ""eps"": 1.64,
            ""pe"": 12.81
        },
        {
            ""year"": 2024,
            ""net_profit"": 30.48,
            ""eps"": 2.06,
            ""pe"": 10.20
        }
    ]
}"
"王玮嘉,黄波,李斌","绿电与锂电齐飞，看好22-24年业绩弹性国资四川能投旗下唯一A股平台，战略定位新能源发电+锂电储能。绿电为基石业务，资源优质，与川内水电互补，投运944MW/在建280MW/储备1GW。垃圾焚烧日处理6800吨，布局川内环卫一体化市场。锂电上游环节初具规模，锂精矿产能18万吨有望于23年中前投产，锂盐并表产能1.5万吨、待建3万吨。预计22-24年归母净利6.1/10.1/14.3亿元，23年绿电/锂电/环保归母净利分别为5.0/3.9/1.2亿元，23-24ECAGR为13/213/6%。参考可比均值23年17/13/9xPE、23-24ECAGR22/32/16%，给予公司23年30/56/8xPE，目标价25.69元/股。首次覆盖，“买入”评级。绿电：四川优质风电资源，定增提升权益比例22年6月末公司绿电装机投运944MW、在建280MW，以高山风电为主；公司储备绿电资源合计1GW，有望于22-25年陆续开工。21年公司风电利用小时数达到2,984小时，远超行业平均的2,232小时，得益于充沛的风资源与良好的消纳条件。公司风电电价优于同行，主因与川内水电互补，60-65%电量集中在平水期与枯水期，享受标杆电价上网。预计22-24年绿电归母净利为4.2/5.0/5.4亿元；公司拟通过定增方式收购风电资产少数股权，有望提升绿电利润贡献，定增后备考归母净利预测为4.2/6.6/7.2亿元。锂电：上游环节初具规模，锂矿投产增强议价权23-24年全球锂资源或进入供大于求阶段，锂矿价格韧性好于锂盐，资源与冶炼一体化仍将享受新能源发展红利。四川固态锂储量占全国80%份额，公司或将持续受益于川内锂资源整合。公司持有的李家沟锂矿有望于23年中前完工，达产后锂精矿年产能不低于18万吨，有望提升锂盐加工自给率和盈利水平。22年7月公司对鼎盛锂业持股比例增至51%，并表1.5万吨锂盐产能（电池级碳酸锂/氢氧化锂各1.0/0.5万吨）。公司与亿纬锂能、蜂巢能源成立合资公司，有望于24年并表3万吨锂盐产能（电池级碳酸锂/氢氧化锂各1.5万吨）。预计22-24年锂电归母净利为0.8/3.9/7.7亿元。目标价25.69元/股，首次覆盖给予“买入”评级我们在绿电行业、锂电行业和环保行业中分别选择四家主流公司。Wind一致预期下，各板块23年可比PE均值分别为：绿电17x/锂电13x/环保9x；各板块23-24年归母净利润CAGR分别为：绿电22%/锂电32%/环保16%，而公司相应的CAGR为13%（若定增则为30%）/213%/6%。若定增实施绿电业绩增速更高，锂电业绩大幅增长，环保贡献相对稳健，我们给予公司23年绿电/锂电/环保PE为30/56/8x，目标市值379亿元，目标价25.69元。风险提示：锂盐价格剧烈下跌；锂矿建设进度慢于预期；绿电投产不及预期。",,华泰证券,买入,[None],2022-09-14,,买入,4993705,pdf_downloads/2022/2022-09-14/000155-川能动力（000155）：绿电区域龙头，锂矿一体化稀缺标的.pdf,155,川能动力,川能动力（000155）：绿电区域龙头，锂矿一体化稀缺标的,"{
    ""forecasts"": [
        {
            ""year"": 2022,
            ""net_profit"": 6.1,
            ""eps"": null,
            ""pe"": null
        },
        {
            ""year"": 2023,
            ""net_profit"": 10.1,
            ""eps"": null,
            ""pe"": null
        },
        {
            ""year"": 2024,
            ""net_profit"": 14.3,
            ""eps"": null,
            ""pe"": null
        }
    ]
}"
李帅华,推荐|首次覆盖 发电+锂电双轮驱动，李家沟进展迅速 个股表现事件：公司公布2022年半年度报告，2022H1公司实现营收14.60亿元，同比下降56.12%；归母净利润为3.32亿元，同比上涨12.44%；22Q2实现营收7.26亿元，同比下降56.88%，环比下降0.01%，归母净利润为1.13亿元，同比下降0.26%，环比下降48.40%。公司业绩下降的主要原因在于上半年公司终止了新能源综合服务业务，目前公司业务结构得到优化，发展势头强劲。点评：并表鼎盛锂业，锂业务扬帆起航。2022年6月公司完成对鼎盛锂业的收购，将纳入合并报表，鼎盛锂业当前的锂盐产能为1.5万吨，其中碳酸锂1万吨，氢氧化锂5000吨。2022H1鼎盛锂业的锂盐产量为3348吨，同比增长59.35%。上半年公司锂电业务实现营收2.44亿元，同比增长5.33%，鼎盛技改产能爬坡+并表之后公司锂电业务将进一步提升。携手亿纬锂能、蜂巢，建设3万吨锂盐项目。2022年6月公司携手亿纬锂能、蜂巢能源计划投资14.9亿元，建设3万吨锂盐项目，其中1.5万吨氢氧化锂、1.5万吨碳酸锂。此次3万吨的项目一方面增强了公司的业绩成长性，另一方面和下游龙头合作也有利于川能加快锂电产业迅速布局，保障未来的盈利。李家沟稳步推进，投产在即。公司正在全力开展李家沟锂辉石105万吨/年项目建设，建成后预计年产锂精矿18万吨，折合碳酸锂约2.2万吨。2022H1实李家沟项目已经实现基建副产矿石销售收入2788万元，预计不久将正式投产，项目进度超预期。新能源发电装机进一步提升，市场空间巨大。2022H1公司电力销售为9.69亿元，同比增长9.37%，实现总发电量16.36亿千瓦时，同比增长17.64%；实现售电量15.9亿千瓦时，较上年同期增长17.08%。主要原因是2021年下半年新投产了沙马乃托一期和淌塘风电场，新增装机17.48万千瓦，公司发电量较上年同期增加。除已投产和在建项目外，公司在四川省还有约100万千瓦优质风电资源待开发建设，发展潜力较大。盈利预测,,中邮证券,推荐,[None],2022-08-30,,买入,4974283,pdf_downloads/2022/2022-08-30/000155-川能动力（000155）：发电+锂电双轮驱动，李家沟进展迅速.pdf,155,川能动力,川能动力（000155）：发电+锂电双轮驱动，李家沟进展迅速,"{
  ""forecasts"": [
    {
      ""year"": null,
      ""net_profit"": null,
      ""eps"": null,
      ""pe"": null
    }
  ]
}"
"王颖婷,池天惠",业绩总结：2022年上半年，公司实现营业收入14.6亿元，同比下降56.1%；归母净利润3.3亿元，同比上涨12.4%；扣非归母净利润2.6亿元，同比下降8.8%。公司营收下降，主要由于主动停止占比高但盈利能力差的新能源综合服务业务，加速优化业务结构，由于鼎盛锂业并表，利润得到提升。鼎盛锂业资产并表助推业绩增长，加大研发投入公司布局长远。22年上半年公司锂电业务销售收入2.4亿元，同比增长5.3%。鼎盛锂业于2022年6月29日完成股权交割，将纳入公司合并报表范围，由鼎盛锂业开展的锂盐业务上半年共生产锂盐产品3348吨，同比增长59.4%。鼎盛锂业并表将助力公司完善锂电池上游配套产业，提升持续经营能力。同时，公司上半年研发投入5.4亿元，同比增长170.4%，主要用于碳酸锂、氢氧化锂产品产销。绿电主业大放光彩，风电资源潜力无限。22年上半年公司新能源电力销售收入9.7亿元，同比增长94%，营收占比66%。风光发电方面，公司实现总发电量16.4亿千瓦时，同比增17.6%；实现售电量15.9亿千瓦时，同比增长17.1%，增长原因系21年下半年新投产沙马乃托一期和淌塘风电场，新增装机17.5MW。垃圾焚烧发电方面，上半年公司已投运项目处理生活垃圾 136 万吨，发电45332万千瓦时，分别同比增长8.5%和4.8%；此外，巴彦淖尔垃圾发电项目提前封顶。公司风电资源优渥，风电项目除在建/核准计划装机容量232MW/160MW之外，在川内还有约1000MW优质资源待开发建设。积极推进锂矿产销，锂电产业链利润亟待释放。22年上半年，公司实现基建副产矿石销售收入2788万元，公司加快推进李家沟锂辉石矿105万吨/年采选项目建设，投产后可年产锂精矿18万吨，折合碳酸锂2.2万吨。公司已完成锂电全产业链布局，分别持有能投锂业/鼎盛锂业/国锂锂材料/德阿锂业58%/72%/44%/51%股权，锂盐权益产能不断提升。盈利预测与投资建议。预计2022-2024年EPS分别为0.47元、1.56元、1.94元，未来三年归母净利润将保持103%的复合增长率。鉴于锂电下游需求旺盛，未来三年锂盐市场价有望保持高位，李家沟项目投产将显著增厚公司利润，维持“买入”评级。风险提示：锂矿投产进度不及预期、锂盐价格大幅下滑、锂矿环保审查风险。,,西南证券,买入,[None],2022-08-19,,买入,4957975,pdf_downloads/2022/2022-08-19/000155-川能动力（000155）：绿电主业稳步增长，锂电全链有序推进.pdf,155,川能动力,川能动力（000155）：绿电主业稳步增长，锂电全链有序推进,"{
    ""forecasts"": [
        {
            ""year"": 2022,
            ""net_profit"": null,
            ""eps"": 0.47,
            ""pe"": null
        },
        {
            ""year"": 2023,
            ""net_profit"": null,
            ""eps"": 1.56,
            ""pe"": null
        },
        {
            ""year"": 2024,
            ""net_profit"": null,
            ""eps"": 1.94,
            ""pe"": null
        }
    ]
}"
晏溶,"事件概述：2022年8月19日，公司发布2022年半年报，报告期内公司实现营业收入14.59亿元，同比下降56.12%；实现归母净利润3.32亿元，同比增长12.44%。分析判断:风电业务符合预期，公司资源优势明显2022H1，公司实现营业收入14.59亿元，同比下降56.12%；实现归母净利润3.32亿元，同比增长12.44%，符合预期。营业收入大幅下降，主要系报告期公司本部新能源综合服务业务终止，新能源综合服务收入减少以及川能环保设备销售收入减少所致；其中实现电力销售业务9.69亿元，同比增长9.37%，主要系2021年下半年新投产了沙马乃托一期和淌塘风电场，新增装机17.48万千瓦，公司2022H1发电量较上年同期增加，实现总发电量16.36亿千瓦时，同比增长17.64%；实现售电量15.9亿千瓦时，较上年同期增长17.08%。总体来看，公司电力销售业务稳步增长，仍为公司当前主要收入及利润来源。公司风电场主要位于四川省凉山州会东县、 美姑县和攀枝花市盐边县，2021年全年公司风电平均利用小时数为2,984.33小时，高于2021年全国平均利用小时数-2246小时（国家能源局发布数据），资源优势明显（部分风电场年利用小时数达4,000小时，曾4次被评为 AAAAA 级风电场）。截止报告期末，川能风电已投运风电光伏项目16个，总装机容量为94.42万千瓦；在建项目2个，总装机容量为28万千瓦；待建项目1个，装机容量为7.2万千瓦。除已投产和在建项目外，公司在四川省还有约 100 万千瓦优质风电资源待开发建设，项目开发有序推进，发展潜力较大。2022年5月16日，公司发布公告称，公司拟收购川能风电少数股权、会东能源少数股权、美姑能源少数股权、盐边能源少数股权和雷波能源少数股权，进一步增加公司新能源发电业务的权益发电规模，目前事项正在推进中。若现有在运风电业务的少数股权收归上市公司后，便可增厚上市公司归母净利润，每年可为公司带来稳定的现金流增量，为公司锂电业务开发建设提供资金支撑。超预期提前实现锂矿收入，李家沟锂辉石矿投产在即根据公司半年报披露，公司加快推进李家沟锂辉石矿105万吨/年采选项目建设，截止半年报披露日，项目主要进展如下：1）井巷工程：完成总工程量70%（截至4月底，井巷完成掘进量的43%），已部分基建出矿。2）地表采选工程：公司对原建设方案选厂方案进行优化调整，调整后选矿厂浮选工段拟下移至李家沟沟口根扎后坪建设，下移后全年生产天数增加（270天增至330天），报告期内，公司按照调整后的方案加紧施工。3）生产辅助设施和生活设施工程：110kV和35kv输变电工程开展基础工程施工；供水系统完成拦水坝堆筑，引水管敷设基本完成；办公生活区及食堂的装修收尾工作，完成其电力供应。2022H1，李家沟项目实现基建副产矿石销售收入2,787.61万元，实现净利润1282.46万元。我们判断，下半年随着李家沟项目的持续推进，李家沟基建副产矿石收入将环比大幅提升。李家沟项目以洞采为主、环保标准高，在生态环境保护管控越发严格的背景下，符合国家打造绿色矿业发展示范区的规划，能够有效避免矿山建成后由于安全、环保等问题引发的停工整改等问题，调整后选矿厂浮选工段全年生产天数可由270天增至330天，项目既符合绿色矿山要求，又能更好更快的实现满产。",,华西证券,买入,[None],2022-08-19,,增持,4957707,pdf_downloads/2022/2022-08-19/000155-川能动力（000155）：李家沟提前实现基建矿收入，或为全球最快投产的绿地锂辉石矿山项目.pdf,155,川能动力,川能动力（000155）：李家沟提前实现基建矿收入，或为全球最快投产的绿地锂辉石矿山项目,"{
    ""forecasts"": [
        {
            ""year"": null,
            ""net_profit"": 3.32,
            ""eps"": null,
            ""pe"": null
        }
    ]
}"
"王颖婷,池天惠",推荐逻辑：1）唯一国资背景锂矿上市公司，全面布局锂电产业链，李家沟项目锂精矿年产量高达18万吨，预计22年投产并大幅增厚公司利润；2）实现绿电及环卫业务转型，21年风光装机944MW，利用小时数2984h，远超全国平均水平；3）随着业务结构调整，盈利能力持续提升，17-21年公司净利率由5.9%增至15.2%。同时公司22Q1资产负债率56.6%，在行业中处于较低水平。四川能投稀缺平台，产业结构持续优化。随着环卫业务并表，公司21年业绩实现跨越式增长，21年营收44.1亿元，同比上涨121%，21年归母净利润3.4亿元，同比上涨122%。近年来公司产业结构优化带动盈利能力持续提升，17-21年毛利率由5.8%增至33.3%，同期净利率由5.9%增至15.2%。公司债务结构良好，22Q1资产负债率56.6%，在行业中处于较低水平。深化锂电全产业链布局，李家沟项目储量充沛。四川省拥有我国80%固态锂资源储量，四川能投作为四川政府新能源锂资源运作平台，公司未来有望持续获大股东优质资产注入。公司已完成锂电全产业链布局，分别持有能投锂业/鼎盛锂业/国锂锂材料/德阿锂业58%/72%/44%/51%股权，锂盐权益产能不断提升。公司旗下李家沟项目资源储备丰富，Li2O储量51万吨，折合碳酸锂126万吨，年采选规模105万吨，可年产锂精矿18万吨，折合碳酸锂2.2万吨，项目于19年开工，有望22年实现投产并大幅增厚公司利润。风光业务做大做强，固废产业添砖加瓦。公司稳步推进绿电业务，项目储备丰富，21年风光装机容量944MW，风电项目除在建/核准计划装机容量232MW/160MW之外，在川内还有约1000MW优质资源待开发建设。2021年公司风电平均利用小时数为2984小时，大幅领先同行。公司环卫一体化业务布局完善，上游环保设备销售21年合同金额约5.6亿元，中游环卫项目21年合同金额约3.4亿元，下游垃圾发电业务年可处理垃圾248万吨。盈利预测与投资建议。预计2022-2024年EPS分别为0.47元、1.56元、1.94元，未来三年归母净利润将保持103%的复合增长率。鉴于锂电下游需求旺盛，未来三年锂盐市场价有望保持高位，李家沟项目投产将显著增厚公司利润，给予公司2023年17倍PE，对应目标价26.52元，首次覆盖给予“买入”评级。风险提示：锂矿投产进度不及预期、锂盐价格大幅下滑、锂矿环保审查风险。,,西南证券,买入,[None],2022-07-13,,买入,4917466,pdf_downloads/2022/2022-07-13/000155-川能动力（000155）：风光发电效率突出，锂电布局再造增长.pdf,155,川能动力,川能动力（000155）：风光发电效率突出，锂电布局再造增长,"{
    ""forecasts"": [
        {
            ""year"": 2022,
            ""net_profit"": null,
            ""eps"": 0.47,
            ""pe"": null
        },
        {
            ""year"": 2023,
            ""net_profit"": null,
            ""eps"": 1.56,
            ""pe"": 17
        },
        {
            ""year"": 2024,
            ""net_profit"": null,
            ""eps"": 1.94,
            ""pe"": null
        }
    ]
}"
晏溶,"事件概述：2022年6月14日，公司发布公告称，公司决定与惠州亿纬锂能股份有限公司（以下简称“亿纬锂能”）、蜂巢能源科技股份有限公司（以下简称“蜂巢能源”）共同组建合资公司，投资建设3万吨/年锂盐项目。新设合资公司注册资本为75,000万元，其中川能动力出资38,250万元，持股比例为51%，为合资公司控股股东；亿纬锂能出资18,375万元，持股比例为24.5%；蜂巢能源出资18,375万元，持股比例为24.5%。分析判断:德阿产业园落地3万吨锂盐项目，应为李家沟矿山的配套项目项目选址在四川省德阳市绵竹市汉旺镇德阳-阿坝生态经济产业园，德阿产业园区于2015年5月批准成立，以德阳市的区位条件、工业基础为平台，以阿坝州的少数民族地区政策及锂矿资源优势、电价优势为保障（阿坝州共有35亿度留州电量，每度电价在0.40元以内），打造飞地园区标杆。根据四川省能投集团官网信息，2021年7月集团发布了能投鼎盛锂业或关联企业关于新建锂盐项目可行性研究报告项目比选结果的公示，而2022年2月能投鼎盛锂业与德阿产业园区签订了3万吨基础锂盐项目投资协议，项目计划总投资近15亿元，拟建设年产3万吨基础锂盐生产线，包括年产1.5万吨电池级氢氧化锂和年产1.5万吨电池级碳酸锂，项目建设期2年。我们推断，该锂盐加工项目是为李家沟矿山投产后的锂精矿加工做准备的，建设进度应该较快。而现阶段在锂盐加工厂端引入亿纬锂能和蜂巢能源，一方面是满足电池厂的锂盐采购需求，第二是或为后续深入合作试水。李家沟为全球为数不多的待投绿地项目，本土锂辉石供给保障非常稀缺按照项目进度，全球范围内能够在今明两年投产的绿地锂辉石类项目为数不多，其中Core及Sigma都计划在 2022 年年底之前进行首次生产，但截至当下，仍在土方工程和配套设施完成阶段，主体施工及设备安装尚在早期，目前看年底投产难度较大。而能够在中国本土实现投产的锂辉石项目，李家沟是独一家，对于川西藏族地区的锂矿开发可谓是具有示范意义。根据公司公告，截至年报期，李家沟项目进度正常，在项目投产前，公司还将积极探索多种方式，有效利用井巷基建矿，争取提前实现锂矿收入。我们通过查阅海外锂资源企业近两三年增量部分的包销协议可以发现，绑定日韩欧美市场或者产业链下延趋势明显，很难再现上轮周期中新投项目全面绑定中国市场的局面，国内企业面临原材料供应压力。而我国作为新能源汽车大国，对锂资源需求旺盛，在近两年上游资源供给紧张及地缘政治的大背景下，电池厂为保原材料供给，参股共建锂盐加工厂，锁定国内优质的锂辉石资源加工出的锂盐产品，是当下为保供应链安全的可行之举。加速锂电资产布局，李家沟锂辉石矿投产在即4月26日，公司公告称，拟现金收购鼎盛锂业46.5%股权以及四川国理锂材料43.74%股权，收购完成后，公司将分别持有鼎盛锂业72%的股权，持有四川国理43.74%股权，加上此次合资建设的德阿产业园年产3万吨锂盐项目，公司锂盐权益产能进一步提升。5月30日，公司公告称，将追加4.03亿元用于李家沟锂辉石矿105万吨年采选项目建设，将选矿厂浮选工段拟下移至李家沟沟口根扎后坪建设，海拔2263m-2350m之间。",,华西证券,买入,[None],2022-06-14,,增持,4875408,pdf_downloads/2022/2022-06-14/000155-川能动力（000155）：合资建设3万吨锂盐项目，锂电布局再加速.pdf,155,川能动力,川能动力（000155）：合资建设3万吨锂盐项目，锂电布局再加速,"{
  ""forecasts"": [
    {
      ""year"": null,
      ""net_profit"": null,
      ""eps"": null,
      ""pe"": null
    }
  ]
}"
孙灿,"做大做强新能源发电主业，能源产业多领域拓展公司致力于做大做强新能源发电业务，为公司提供稳定现金流。公司新能源发电业务涉及风力发电、光伏发电和垃圾焚烧发电，业务向能源产业多领域拓展。公司风电场所在四川省属于风能资源的四类区，大规模多能互补是四川能源体系的主要发展方向。在风光大基地规模超预期推进，分布式光伏发电需求爆发的背景下，行业装机需求有望继续维持高增长。公司风力发电项目储备丰富，公司电力业务业绩具备持续增长的动力。除已投产和在建项目外，公司在四川省还有约100万千瓦优质风电资源待开发建设，项目开发有序推进，发展潜力较大。2021年，公司完成对川能环保51%股权收购，公司主营业务增加垃圾处置、环卫清运以及环保设备销售等业务。其中，川能环保的垃圾焚烧发电项目所带来的电力销售收益正式并入新能源发电业务收入中，为公司新能源发电业务提供新的收入来源。未来四川省垃圾焚烧发电行业存在较大增长空间，垃圾焚烧发电项目有望继续为公司新能源发电业务提供利润增量。锂矿资源丰富，锂电产业链一体化布局加速公司于2017年重组后提出将以锂离子动力电池作为切入点，打通从锂矿、锂盐加工、电池材料和锂电池的全产业链模式。2020年6月，公司拟以现金9.27亿元收购锂能基金旗下能投锂业62.75%股权，收购完成后将获得四川省阿坝州李家沟锂辉石矿的开采控制权。随着碳排放政策的推出带动新能源电动车产销量的增长，持有优质上游资源将帮助公司强化市场竞争力、提升议价能力，上游锂矿资源也将为公司下游锂盐制造提供原料保障。2021年以来锂盐价格持续暴涨，公司锂业务有望实现可观收益。锂矿供应紧张，叠加新能源汽车及储能需求超预期增长，是锂盐价格暴涨的主要原因。随着疫情好转后汽车企业的复工复产，消费端需求将迅速得到修复，而锂矿供应紧缺的局面短时间内仍难以缓解，锂盐价格下跌幅度有限。我们预计未来两年全球锂盐供需仍将处于紧张状态，下游新能源汽车需求持续高增将带动上游锂盐价格继续维持高位，公司作为国内具备资源优势的锂盐一体化生产企业将持续受益。入驻“固废+环卫”产业链，产业结构持续优化公司于2021年收购川能环保51%股权后提出将围绕围绕垃圾发电业务，加强业务拓展，向精细化运营和产业协同打造发展，通过建立起垃圾分类-清运-焚烧-残渣利用的一体化链条，提高垃圾发电端的效益。公司目前已拥有垃圾焚烧发电领域涵盖投资、建设和运营的完整业务布局，进一步提升了公司竞争力和盈利能力。随着环卫一体化行业的快速发展，各地政府对环卫一体化服务需求日益增多。川能环保作为垃圾发电领域项目经
验丰富的国有企业，在四川地区有着重要影响力。公司通过多年发展，川能环保在四川
省各地运营了一批示范性项目，有效缓解了项目当地的垃圾处理问题，提高了当地的环
境效益、社会效益与经济效益，形成了良好的市场口碑和品牌，在四川地区具有重要的
行业地位。目前我国环卫行业市场化程度不足六成，城镇化率仅 60%，对比欧美发达国
家环卫 90%以上市场化率，环卫服务行业依然有较大的市场化空间，川能环保在环卫一
体化、环卫设备领域的订单数量有望持续增长。",,川财证券,增持,[None],2022-06-14,,增持,4879418,pdf_downloads/2022/2022-06-14/000155-川能动力（000155）：新能源发电业务筑底，锂电赋能新机遇.pdf,155,川能动力,川能动力（000155）：新能源发电业务筑底，锂电赋能新机遇,"{
    ""forecasts"": [
        {
            ""year"": null,
            ""net_profit"": null,
            ""eps"": null,
            ""pe"": null
        }
    ]
}"
晏溶,"事件概述2022年5月16日，公司发布公告称，正在筹划发行股份或/及定向可转债购买资产事项，并同步发行股份募集配套资金。公司拟收购四川省能投风电开发有限公司（以下简称“川能风电”）少数股权、四川省能投会东新能源开发有限公司（以下简称“会东能源”）少数股权、四川省能投美姑新能源开发有限公司（以下简称“美姑能源”）少数股权、四川省能投盐边新能源开发有限公司（以下简称“盐边能源”）少数股权和四川省能投雷波新能源开发有限公司（以下简称“雷波能源”）少数股权。分析判断:拟收购风电资产少数股东权益，夯实主业公司风力发电、光伏发电业务通过所属公司川能风电及其项目公司开展，公司风电场主要位于四川省凉山州会东县、美姑县和攀枝花市盐边县。截至目前，公司通过四川能投新能源电力有限公司（以下简称“川投新能源”），间接持有并控制川能风电（66.5%）。川投新能源目前持有川能风电70%股权，东方电气持有20%。而川能风电目前持有的盐边能源、会东能源、美姑能源、雷波能源股权分别为95%、95%、51%、51%，成都明永投资有限公司目前持有的盐边能源、会东能源、美姑能源、雷波能源股权分别为5%、5%、49%、49%。公司一旦将上述公司少数股权全部收购，公司对川能风电、盐边能源、会东能源、美姑能源、雷波能源的控股比例均分别达到85.5%，大幅增加公司新能源发电资产权益，有利于公司做大主业新能源发电，进一步落实公司新能源发电产业发展规划，加速公司战略目标的达成，而新能源发电业务充沛的现金流，有助于公司加快锂电业务发展。风电资源全国领先，后续开发潜力足新能源发电业务一直是公司主要利润来源，截至2021年报披露期末，公司已投运风电光伏项目16个，总装机容量为94.42万千瓦，光伏装机容量为2.24万千瓦。2021年度，公司实现总发电量为23.8651亿千瓦时，其中风电发电量为23.5152亿千瓦时，光伏发电量为0.3499亿千瓦时。公司风电业务成长较为稳定，几乎每年稳定新增投产2-3个项目。根据公司公告披露，在风电资源上，公司有明显优势，公司风电场所在四川省属于风能资源IV类区，2021年全年公司风电平均利用小时数为2,984.33小时，高于2021年全国平均利用小时数——2246小时，资源优势明显（部分风电场年利用小时数达4,000小时，曾4次被评为AAAAA级风电场）。除已投产和在建项目外，公司在四川省还有约100万千瓦优质风电资源待开发建设，项目开发有序推进，发展潜力较大。加速锂电资产布局，李家沟锂辉石矿投产在即4月26日，公司公告称，拟现金收购鼎盛锂业46.5%股权以及四川国理锂材料43.74%股权，收购完成后，公司将分别持有鼎盛锂业72%的股权，持有四川国理43.74%股权，增加公司锂盐业务权益产能。此外，2022年2月24日，鼎盛锂业与德阿产业园区签订3万吨基础锂盐项目投资协议。四川能投鼎盛锂业3万吨基础锂盐项目总投资15亿元，建设年产3万吨基础锂盐生产线。德阿工业园是德阳与阿坝两市州确定合作建设的工业园，公司落地的锂盐加工项目预计是为李家沟矿山投产后的精矿加工做准备。",,华西证券,买入,[None],2022-05-15,,增持,4847841,pdf_downloads/2022/2022-05-15/000155-川能动力（000155）：拟收购风电业务少数股权，锂电业务仍为重中之重.pdf,155,川能动力,川能动力（000155）：拟收购风电业务少数股权，锂电业务仍为重中之重,"{
  ""forecasts"": [
    {
      ""year"": null,
      ""net_profit"": null,
      ""eps"": null,
      ""pe"": null
    }
  ]
}"
晏溶,"川能动力(000155)事件概述2022 年 4 月 26 日，公司发布公告称，基于对公司未来持续稳定发展的坚定信心和对公司价值的认可，在符合法律法规的前提下，四川能投计划自 2022 年 4 月 26 日起 6 个月内，以自有资金择机增持公司股份，拟增持股份数量不低于 2,213.89 万股（占公司总股本的 1.5%）且不超过 2,951.85 万股（占公司总股本的 2%）。本次增持计划不设价格区间，将根据公司股票价格波动情况及资本市场整体趋势，逐步实施增持计划。2022 年 4 月 26 日，公司发布公告称，公司与控股股东四川省能源投资集团有限责任公司及其关联方四川能投资本控股有限公司、成都川商兴能股权投资基金中心（有限合伙）分别签订了《股权收购意向协议》，经友好协商，公司拟受让四川能投、四川能投资本、川商基金合计持有的四川能投鼎盛锂业有限公司 46.5%股权。2022 年 4 月 26 日，公司发布公告称，公司与四川省能源投资集团有限责任公司签订了《四川国理锂材料有限公司 43.74%股权收购意向协议》，经双方友好协商，公司拟以现金方式收购四川能投持有的四川国理锂材料有限公司 43.74%股权。2022 年 4 月 26 日，公司发布公告称，与启迪控股签订了《北京启迪清云能源科技有限公司 70%股权收购意向协议》，公司拟受让启迪控股持有的启迪清云 70%股权。分析判断:大股东兑现承诺，鼎盛锂业股权将增至 72%早在 2019 年 11 月 21 日，公司发布公告称拟受让川能锂能基金持有的鼎盛锂业 51%股权，由于当时锂盐行业处于下行周期，考虑到鼎盛锂业盈利情况对公司业绩不能产生正向影响，公司于 2020 年 11 月 13 日公告，暂缓收购。控股股东四川能投后拟通过协调川能锂能基金以基金清算方式直接分配，使公司直接持有鼎盛锂业股权。同时，四川能投承诺在鼎盛锂业业绩达到上市公司有关要求后，将所持股份转让至公司。根据公司公告，2021年 2 月 1 日，公司召开 2021 年第 1 次临时股东大会审议批准了《关于锂电产业基金清算的议案》，同意对锂电产业基金进行清算，公司直接持有鼎盛锂业 25.5%股权（公司合并报表范围未发生变化）。2021 年 4 月 25 日，公司完成鼎盛锂业 25.5%股权交割，同时公司受托管理四川能投和能投资本合计 25.5%股权。此次不仅包括了对四川能投和能投资本 25.5%股权的收购，还包括了川商基金持有的 21%股权，收购完成后，公司鼎盛锂业股权比例将提升至 72%，公司拟以支付现金方式购买 46.5%股权。根据公司公告，鼎盛锂业于 2018 年底建成投运年产1 万吨锂盐生产线，5,000 吨碳酸锂技改扩建项目已于 2022 年 4 月 24 日一次性开车成功。2021 年，鼎盛锂业实现净利润 1,042.21 万元。在鼎盛锂业实现盈利后，大股东马上兑现承诺，将所持股份转让至上市公司，实现了川能动力的绝对控股权，表明了控股股东以川能动力为平台，大力发展锂电产业链的决心。收购国理锂业 43.74%股权，增厚锂盐板块利润2017 年 9 月，四川能投携手雅化集团共同收购四川国理剩余 62.75%股权，收购完成后，四川国理被存续分立为国理锂盐和国理矿业两家公司，并对这两家公司进行非等比例增资扩股，最终实现雅化集团控股经营国理锂盐、四川能投控股经营国理矿业（即李家沟矿山） 。四川能投持有国锂锂业 43.74%股权，但一直未注入上市公司。根据公司公告，2021 年国锂锂业实现营业收入 47,776.33 万元，净利润 10,361.58 万元（经审计）。公司现计划现金收购国理锂业 43.74%股权，将进一步增加公司锂盐业务权益产能，增厚锂盐板块利润。收购启迪清云 70%股权，强化新能源发电布局新能源发电业务一直是公司主要利润来源，截至 2021 年报披露期末，公司已投运风电光伏项目 16 个，总装机容量为 94.42 万千瓦，光伏装机容量为 2.24 万千瓦。2021 年度，公司实现总发电量为 23.8651 亿千瓦时，其中风电发电量为 23.5152 亿千瓦时，光伏发电量为 0.3499 亿千瓦时。公司风电业务成长较为稳定，几乎每年稳定新增投产 2-3 个项目，但光伏发电近年来没有新增，根据公司公告，截止目前，启迪清云共持有光伏项目46 个，总装机容量 21.56 万千瓦，项目分布在江苏、山东、湖北、辽宁、云南等 12 个省份，2021 年度实现发电量 2.36 亿千瓦时。公司收购启迪清云 70%股权，将强化公司光伏发电的能力，有利于做大主业，提升公司在光伏产业市场份额及综合竞争力，进一步落实公司新能源发电产业发展规划，加速公司战略目标的达成。大股东公告增持，彰显未来发展信心4 月 26 日，公司公告称，控股股东四川能投计划自 2022 年 4 月 26 日起 6 个月内，以自有资金择机增持公司股份，拟增持股份数量不低于 2,213.89 万股（占公司总股本的 1.5%）且不超过 2,951.85 万股（占公司总股本的 2%）。本次增持计划不设价格区间，将根据公司股票价格波动情况及资本市场整体趋势，逐步实施增持计划。截至目前，四川能投及其一致行动人合计持有公司 45.98%股权；四川能投直接持有公司 34.68%。在此时点，大股东计划利用自有资金，表明了大股东对公司未来持续稳定发展的坚定信心和对公司价值的认可。大股东四川能投在 2021 年下半年，相继与蜀道集团、蜂巢能源和宁德时代签署战略合作协议，与亿纬锂能开展工作座谈。并于 2021 年 10 月 20 日，与比亚迪同时战略入股四川路桥。在 10 月 28 日，四川路桥公告了川能动力和四川路桥合资开发建设马边磷矿项目。川能动力和四川路桥，分别作为四川省能源投资集团和四川省蜀道集团旗下的上市公司，是具体合作项目的实施平台，马边磷矿项目则是双方合作迈出的第一步。川能动力作为四川能投新能源板块资本运作平台，一直以来都被视为重中之重，未来有望依托大股东的前瞻性布局和国企间的联合优势，争取更多的矿产资源，也有望加速整合开发川西锂资源。投资建议公司计划现金收购鼎盛锂业 46.5%股权以及四川国理锂材料 43.74%股权，收购完成后分别持有鼎盛锂业 72%的股权，持有四川国理 43.74%股权，增加公司锂盐业务权益产能。在锂资源行业高景气度下，公司控股的李家沟矿山 2022 年投产在即，公司此时收购锂盐业务，为打造上下游一体化的锂资源产业链做准备，从而最大化留存锂业务板块利润。同时与四川路桥进行战略合作，补充了公司新能源产业链上磷矿资源的布局。同时公司拟以支付现金方式购买启迪清云 70%股权，提高公司光伏业务板块的装机容量，围绕锂资源+绿电业务做大做强。2022 年李家沟项目将成为川能动力川西锂矿开发第一个落地生根项目，有望发挥示范带动效应，助力公司继续发挥国企优势加速川西锂资源的整合开发。基于公司上述收购属初次公告尚未实施完成，我们暂不调整公司盈利预测，维持公司 2022-2024 年营业收入为 47.27 亿元、127.13 亿元、152.87 亿元，分别同比增长 7.2%、168.9% 、20.3% ； 2022-2024 年归母净利润分别为 9.45 亿元、25.05 亿元、33.95 亿元，分别同比增长177.9%、165.1%、35.5%。2022-2024 年 EPS 分别为 0.64、1.70、2.30 元，对应 2022 年 4 月 26 日收盘价 14.21元，PE 分别为 24/9/7X，维持“买入”评级。风险提示1、锂矿建设进度不及预期，未能按时投产；2、锂资源价格下滑明显；3、锂盐业务收购及建设进度不及预期；4、未来大股东在四川锂矿资源整合开发不及预期。",,华西证券,买入,[None],2022-04-26,,增持,4826654,pdf_downloads/2022/2022-04-26/000155-川能动力（000155）：大股东兑现承诺及增持股票，全力支持川能动力做大做强.pdf,155,川能动力,川能动力（000155）：大股东兑现承诺及增持股票，全力支持川能动力做大做强,"{
    ""forecasts"": [
        {
            ""year"": 2022,
            ""net_profit"": 9.45,
            ""eps"": 0.64,
            ""pe"": 24
        },
        {
            ""year"": 2023,
            ""net_profit"": 25.05,
            ""eps"": 1.70,
            ""pe"": 9
        },
        {
            ""year"": 2024,
            ""net_profit"": 33.95,
            ""eps"": 2.30,
            ""pe"": 7
        }
    ]
}"
晏溶,"事件概述2022年4月20日，公司发布2021年年度报告，报告期内，公司实现营业收入44.08亿元，同比增长18.54%，实现归母净利润3.4亿元，同比增长27.60%。2022年4月20日，公司发布2022年一季度报告，报告期内，公司实现营业收入7.33亿元，同比下降55.34%，实现归母净利润2.19亿元，同比增长20.33%。分析判断:全年业绩符合预期，新能源发电业务稳定增长2021年，公司实现营业收入44.08亿元，同比增长18.54%，实现归母净利润3.4亿元，同比增长27.60%，业绩基本符合预期。公司业绩稳定增长，主要系电力销售业务持续增长，同时并表了固废业务，并于2022年1月,公司对川能环保增资8.03亿元，对川能环保持股比例由51%增加至70.55%。2021年，公司实现电力销售业务实现营收15.39亿元，同比增长44.88%。报告期内，公司实现发电量23.87亿千瓦时，同比增长40.19%，实现售电量23.30亿千瓦时，同比增长40.66%。根据公司年报披露，主要系公司大面山风电三期项目、会东堵格一期风电场、美姑井叶特西风电场，合计29万千瓦，分别于2020年1月、9月、12月投产，在2021年实现产能爬坡贡献增量。2021年，公司相继投产并网了美姑沙马乃托一期、会东淌塘风电场一期，合计17.5万千瓦，预计将在2022年贡献增量，同时公司在建产能23.2万千瓦，核准项目16万千瓦，保障了公司未来新能源发电业务稳步增长。2022年一季度，公司实现营业收入7.33亿元，同比下降55.34%，实现归母净利润2.19亿元，同比增长20.33%。营业收入减少主要系公司新能源综合业务终止，新能源综合业务近三年毛利率分别为2.28%、1.15%、1.43%，几乎不贡献利润。利润同比增长，主要是淌塘、沙马乃托风电项目、长垣二期垃圾发电等项目投产运营，助力电力销售收入增加，电力销售（含垃圾发电）收入较上年同期增加27.71%。鼎盛锂业业绩转正，积极推进李家沟项目建设根据公司公告，2021年2月1日，公司召开2021年第1次临时股东大会审议批准了《关于锂电产业基金清算的议案》，同意对锂电产业基金进行清算，公司直接持有鼎盛锂业25.5%股权（公司合并报表范围未发生变化）。2021年4月25日，公司完成鼎盛锂业25.5%股权交割。此外公司受托管理集团公司及川能资本合计持有的鼎盛锂业25.5%股权，大股东四川能投承诺待鼎盛锂业业绩符合上市公司要求后，将股权转让至公司。根据年报披露，2021年，鼎盛锂业实现净利润1,042.21万元，实现盈利，我们判断按照大股东之前承诺预计上市公司将很快掌握鼎盛锂业控制权。2022年2月24日，鼎盛锂业与德阿产业园区签订3万吨基础锂盐项目投资协议。四川能投鼎盛锂业3万吨基础锂盐项目总投资15亿元，建设年产3万吨基础锂盐生产线。德阿工业园是德阳与阿坝两市州确定合作建设的工业园，公司落地的锂盐加工项目预计是为李家沟矿山投产后的精矿加工做准备。截至年报期，公司加快李家沟项目建设进度，根据年报披露：1）井巷工程方面：累计掘进7,308米，完成掘进量的43%，已掘进至矿区中心Ⅰ号矿体中心位置。目前井巷工程已具备基建带矿条件。2）采选工程、尾矿库工程，已完成采矿工业场地土方外运和碎磨工业场地土方挖运，正开展磨矿基础打桩、浮选工业场地钻孔等工作；尾矿库排洪隧洞累计掘进1,480米。",,华西证券,买入,[None],2022-04-21,,增持,4812911,pdf_downloads/2022/2022-04-21/000155-川能动力（000155）：业绩符合预期，期待李家沟2022年投产.pdf,155,川能动力,川能动力（000155）：业绩符合预期，期待李家沟2022年投产,"{
    ""forecasts"": [
        {
            ""year"": null,
            ""net_profit"": null,
            ""eps"": null,
            ""pe"": null
        }
    ]
}"
晏溶,分析判断:锂矿对外依存度较高，李家沟有望成为明年唯一投产的绿地硬岩矿项目我国川西锂矿由于缺乏统筹管理和科学规划，矿山基础建设薄弱，导致优势锂矿开发利用缓慢，高度依靠进口，中国锂矿对外依存度达到 85%。正是由于我国锂矿对外依存度较高，行业在出现供给紧张情况时候，资源定价权完全由海外把控，截至12月15日，锂精矿到岸价涨至2310美元/吨，较年初上涨478%。锂精矿价格大幅上涨，导致本轮供给紧缺带来的涨价利润大幅向上游资源移动，澳矿基本上分得了锂矿+锂盐加工产业链利润的七成。与此同时，更重要的是产业链安全供应没办法保障，电动车行业作为中国实现碳中和目标的重要行业抓手，上游资源非自主可控，于行业的长期健康发展不利，所以加速四川锂矿资源发开显得尤为重要。四川目前在产锂矿仅2家，且产能相较海外锂矿企业均偏小，融捷股份甲基卡134号脉年产约7万吨/年，盛新锂能金川奥伊诺矿产年产约7万吨，两者相加年产约2万吨碳酸锂当量。停产的党坝锂矿和德扯弄巴锂矿因各种原因复产困难，唯有公司控股的李家沟锂辉石矿正在积极建设中，有望成为明年唯一投产的绿地硬岩矿项目。在锂精矿价格高涨的背景下，李家沟锂矿建成投产后，将给公司形成积极的利润贡献。参股磷矿拓宽新能源产业链，大股东动作频繁川能有望受益10月28日，公司公告称，拟与四川路桥、比亚迪、禾丰公司共同出资，开发建设马边县磷矿资源及磷酸铁锂项目，公司出资占比20%，同时拥有20%的合资公司磷矿及产品的优先分配权。合资公司业务发展方向定位在以磷矿资源为基础的新能源储能行业，涉及磷矿开采冶炼和磷酸铁锂电池生产及销售。老河坝磷矿矿层厚度最大、品位较高，处于我国优质磷矿区。根据2020年马边彝族县政府工作报告所示，马边县已探明磷矿远景储量24.8亿吨，是我国四大磷矿之一。磷作为锂电材料不可或缺的一部分，随着下游锂电材料需求不断增加，磷的需求同样不断上升，同时磷矿也是国家战略性矿产资源之一。公司通过参股合资公司间接享有磷矿资源，对公司未来发展具有积极意义和推动作用，也符合控股股东和公司锂电全产业链布局的发展方针。此外，四川能投在今年下半年，分别与蜀道集团、蜂巢能源和宁德时代签署战略合作协议，与亿纬锂能开展工作座谈。公司作为其旗下唯一上市的新能源产业运作平台，未来将会有更多的新能源产业链的合作，公司在锂电新能源的产业布局将再次加速，也将支撑公司业绩进一步增长。,,华西证券,买入,[None],2021-12-17,,增持,4699166,pdf_downloads/2021/2021-12-17/000155-川能动力（000155）：2022年李家沟成唯一投产绿地项目，大股东谋篇布局下的唯一受益方.pdf,155,川能动力,川能动力（000155）：2022年李家沟成唯一投产绿地项目，大股东谋篇布局下的唯一受益方,"{
  ""forecasts"": [
    {
      ""year"": null,
      ""net_profit"": null,
      ""eps"": null,
      ""pe"": null
    }
  ]
}"
晏溶,"事件概述1）2021年10月28日，公司发布公告称，公司拟与四川路桥建设集团股份有限公司、比亚迪股份有限公司及马边彝族自治县禾丰国有资产有限公司共同出资成立合资公司，综合开发马边县磷矿资源及磷酸铁锂项目。合资公司设立时初始注册资本为 50,000 万元，后续各股东方按出资比例增资至 100,000 万元，公司共认缴出资 20,000 万元，占注册资本的 20%。 2）公司于 2021 年 10 月 28 日与四川路桥建设集团股份有限公司签订了《股权交易意向协议》，川能动力拟向四川路桥转让持有的四川能投锂业有限公司5%股权。分析判断:参股马边磷矿项目，资源禀赋优异为加快打造川能动力“新能源发电+储能”产业，推进公司对锂离子动力电池全产业链的战略布局，公司拟与四川路桥、比亚迪及马边彝族自治县禾丰国有资产有限公司共同出资成立四川蜀能矿产投资有限责任公司，综合开发马边县磷矿资源及磷酸铁锂项目，各方持股比例分别为20%、67%、1%及12%，公司拟向合资公司委派董事、监事各1名，同时公司按照出资比例享有磷矿及产品的优先分配权。合资公司业务发展方向定位在以磷矿资源为基础的新能源储能行业，涉及磷矿开采冶炼和磷酸铁锂电池生产及销售。禾丰公司将其所有的四川省乐山市马边县老河坝矿区三号矿块探矿权评估作价出资，此探矿权为公司于2019年9月以3.2亿元通过招拍挂方式依法取得，勘查面积1.3240平方公里，证书有效期限至2023年06月05日，拍卖时预估资源储量为4002.3万吨。2020年3月四川省地质矿产勘查开发局二零七地质队中标三号矿块的转采矿权采购项目，2021年3月四川省环科源科技有限公司中标《四川省马边县老河坝矿区三号矿块项目环境影响评价报告》项目，项目目前进展顺利。根据2020年马边彝族县政府工作报告所示，马边县已探明磷矿远景储量24.8亿吨，是我国四大磷矿之一。2020年全县磷矿年开采能力为550万吨，磷矿产量389万吨，比上年增长12.3%，占全国产量的4.4%。马边磷矿由老河坝、六股水、大院子及分银沟四个矿区组成,其中老河坝矿区为主要开发矿区，面积约19.1平方公里，川发龙蟒此前披露发行股份购买的磷矿项目也位于马边老河坝矿区。老河坝磷矿矿层厚度最大、品位较高，矿区储量、矿石质量及开发条件均优于其他三个矿区。此外马边县水能丰富，水电总装机达60万千瓦，可为磷矿开采及加工提供绿电保障。转让能投锂业5%股权，期待后续合作同时，川能动力拟向四川路桥转让持有的四川能投锂业有限公司5%股权。公司目前持四川能投鼎盛锂业62.75%股权，交易达成之后，公司仍然拥有四川能投鼎盛锂业控制权。公司公告称，能投锂业所在的李家沟矿区现已经探明的矿石资源储量为 3,881.2 万吨，氧化锂（Li2O）储量 50.22 万吨，平均品位1.30%，属于我国少有的储量巨大、品位优良、矿石加工选冶性能良好，资源综合利用价值高的稀有金属锂矿。目前正在建设的105万吨/年的采选项目，年产18万锂精矿，公司将力争早日投产。公司将5%能投鼎盛锂业股权转让给四川路桥，同时投资马边磷矿20%股权同时获得20%包销权，符合双方公司战略发展规划，通过优势互补加速公司在锂电产业链布局。马边磷矿并非四川路桥涉足磷矿的第一个项目，早在 8 月份路桥就受托管
金川公司 5%股权，10 月 20 日路桥公告拟投入 1 亿元参与金川公司破产重整投资人公开招募，金川公司享有
大黑山磷矿山、大山梁子磷矿山、大桥磷矿区以及大水沟磷矿山采矿权。锂和磷同为动力电池关键材料，都
是支撑中国早日实现碳达峰中和的新兴战略性矿产，四川恰好同时在 2 类矿产上都储量丰富。
早在 8 月 18 日，四川能投集团与蜀道集团就签署了《战略合作框架协议》，双方表示要共同抓好清洁能
源、矿产资源等产业合作，推动一批重大项目加快落地，构建互动、互补、互利、互惠的发展格局。10 月
20 日四川路桥公告，拟向四川能投非公开发行 7278.02 万股股票引入其作为战略股东。川能动力和四川路
桥，分别作为四川省能源投资集团和四川省蜀道集团旗下的上市公司，是具体合作项目的实施平台，现今
双方已在资源互补上迈出了第一步，期待两家公司后续更多更深入的合作。",,华西证券,买入,[None],2021-10-29,,增持,4654624,pdf_downloads/2021/2021-10-29/000155-川能动力（000155）：两大国资强强联手，左磷右锂资源升级.pdf,155,川能动力,川能动力（000155）：两大国资强强联手，左磷右锂资源升级,"{
  ""forecasts"": [
    {
      ""year"": null,
      ""net_profit"": null,
      ""eps"": null,
      ""pe"": null
    }
  ]
}"
晏溶,"事件概述2021年10月25日，公司发布2021年三季度报告，前三季度公司实现营业收入22.36亿元，同比增长66.39%，实现归母净利润2.25亿元，同比增长19.83%。分析判断:业绩符合预期，风电项目有序稳步投产前三季度公司实现营业收入22.36亿元，同比增长66.39%，实现归母净利润2.25亿元，同比增长19.83%，业绩基本符合预期。2021Q3，公司实现营收1.92亿元，同比减少46.32%；实现归母净利润58.51万元，同比增长41.52%。Q3业绩出现波动，一是风电也有季节性，一般三季度是小风季，风电发电量较少，影响当季业绩。二是我们判断公司三季度没有贸易业务收入。如果三季度发电收入为1.92亿元，营业成本为1.11亿元，即毛利率为42.19%，符合小风季节风电毛利率水平。公司风电场所在四川省属于风能资源IV类区，2020年全年公司风电平均利用小时数为3,248.35小时，高于全国平均利用小时数1,175.35小时，资源优势明显（部分风电场年利用小时数达4,000小时，曾多次被评为AAAAA级风电场）。公司所属公司四川省能投美姑新能源开发有限公司投资建设的美姑沙马乃托一期风电场全部风电机组于2021年10月15日成功并网发电，一期项目总装机容量50MW，根据可研设计数据，项目投产后预计年发电量1.5亿千瓦时，项目并网发电将扩大公司风力发电规模，对公司未来业绩产生积极影响。会东县淌塘风电场也正在加紧进行建设，设计装机规模12.5万千瓦，力争于2021年底前投产。此外，公司在四川省还有约100万千瓦优质风电资源待开发建设，后续风电有望为公司带来充沛稳定现金流，支持公司锂电业务快速扩张。大股东牵手锂电龙头企业，川能动力有望直接受益8月30日，公司控股股东四川能投与蜂巢能源签署战略合作协议，双方将在锂资源、锂盐、电池材料、电池生产及回收等领域展开全方位合作，充分整合各自国内外资源，积极打造具备规模和竞争力的锂电产业项目，力争在锂电产业上取得突破性进展。9月27日，四川能投与亿纬锂能开展工作座谈，双方围绕动力电池、储能等领域合作进行了交流探讨。10月19日，四川能投与宁德时代签署战略合作协议，双方将发挥四川能投在锂矿资源、锂盐生产等资源端的突出优势，深化双方在新能源产业领域开展多层次和多形式的广泛合作。10月20日，四川路桥公告，拟向四川能投非公开发行7278.02万股股票，拟向比亚迪非公开发行2911.21万股股票，配套募集总额25亿元。四川能投和比亚迪同时战略投资四川路桥，未来可在锂电业务上展开深度合作。公司作为四川能投新能源板块资本运作平台，一直以来都被视为重中之重。一方面，四川能投早期介入并参与新能源及锂电相关产业布局，提前为上市公司孵化培育资产；另一方面，四川能投发挥资源、渠道、政策争取等优势，支持公司争取优质资源，加快新能源项目建设，不断提升盈利能力。",,华西证券,买入,[None],2021-10-26,,增持,4649216,pdf_downloads/2021/2021-10-26/000155-川能动力（000155）：风电保障稳步增长，未来依托锂资源布局实现飞跃.pdf,155,川能动力,川能动力（000155）：风电保障稳步增长，未来依托锂资源布局实现飞跃,"{
    ""forecasts"": [
        {
            ""year"": null,
            ""net_profit"": null,
            ""eps"": null,
            ""pe"": null
        }
    ]
}"
白竣天,"事件公司公布2021年半年度报告，公司上半年实现营业收入约20.44亿元，同比增长107.15%；归属于上市公司股东的净利润约2.25亿元，同比增长19.78%；归属于上市公司股东的扣除非经常性损益的净利润约2.17亿元，同比增长23.41%；基本每股收益0.18元/股。点评上半年营收同比高增，净利润增速小于营收增速。公司上半年营业收入20.44亿元，同比增速107.15%，分业务来看，新能源综合服务业务实现营业收入13.59亿元，同比增长66.5%；电力销售业务实现营业收入6.85亿元，同比增长33.5%。去年上半年，受疫情影响，新能源综合服务业务受到一些影响，消除疫情影响后，该项业务营收取得大幅增长，但该项业务毛利率较低，上半年为1.63%，因此公司净利润增速较营收增速低，新能源发电业务为公司利润的主要来源。新能源发电项目储备丰富，装机同比增长53.5%，100万千瓦储备项目有序推进。截至6月末，公司共建成投产13个风电、光伏项目，装机容量为76.923万千瓦，去年同期为50.12万千瓦，同比增长53.5%。公司当前在建风电项目2个，装机容量17.5万千瓦，其中，美姑沙马乃托一期风电场项目总装机容量为5万千瓦；会东淌塘风电场项目总装机容量为12.5万千瓦，该项目于2020年11月开工，预计2021年底前投产发电。根据公司公告，除已投产和在建项目外，公司在四川省还有约100万千瓦优质风电资源待开发建设，目前项目开发有序推进，发展潜力较大。能投锂业正式纳入合并报表，李家沟开发进程稳步推进。2021年1月，公司正式将能投锂业纳入合并报表范围，能投锂业所属子公司持有四川省金川县李家沟锂辉石矿采矿权，李家沟已探明的矿石资源储量3,881.2万吨，平均品味1.3%，氧化锂资源储量50.22万吨，并伴生钽、铌、铍、锡矿等稀有金属。目前，李家沟锂辉石矿105万吨/年采选项目处于建设中，该项目是截止目前国内进入实质性建设的最大锂辉石矿山。从年初1月份至今，碳酸锂、氢氧化锂价格涨幅超60%。我们认为，下游新能源汽车需求高增将带动上游锂盐价格持续回暖，预计未来两年全球锂盐供需仍处于紧平衡状态，公司作为国内具备资源优势的锂盐一体化生产企业将持续受益。维持公司“增持”评级预计公司2021-2023年分别实现归属母公司股东净利润4.87、6.25、8.57亿元，折合EPS分别为0.38、0.48、0.66元/股，对应PE分别为92、71、52倍，维持公司“增持”评级。风险提示：原材料价格波动风险、下游需求不及预期、项目进度不及预期。",,川财证券,增持,[None],2021-09-01,,增持,4605130,pdf_downloads/2021/2021-09-01/000155-川能动力（000155）：风光发电贡献稳定增长，能投锂业并表，锂矿建设持续推进.pdf,155,川能动力,川能动力（000155）：风光发电贡献稳定增长，能投锂业并表，锂矿建设持续推进,"{
    ""forecasts"": [
        {
            ""year"": 2021,
            ""net_profit"": 4.87,
            ""eps"": 0.38,
            ""pe"": 92
        },
        {
            ""year"": 2022,
            ""net_profit"": 6.25,
            ""eps"": 0.48,
            ""pe"": 71
        },
        {
            ""year"": 2023,
            ""net_profit"": 8.57,
            ""eps"": 0.66,
            ""pe"": 52
        }
    ]
}"
晏溶,"事件概述2021年8月25日，公司发布2021年半年度报告，报告期内公司实现营业收入20.44亿元，同比增长107.15%，实现归母净利润2.25亿元，同比增长19.78%。分析判断:业绩符合预期，新能源发电业务快速发展2021年上半年公司实现营收20.44亿元，同比增长107.15%；实现归母净利润2.25亿元，同比增长19.78%，业绩符合预期。公司净利润增速落后于营收增速，主要因为新能源综合服务业务上半年新增收入8.57亿元，贡献了81%的营收增长来源，但该业务毛利率仅为1.63%，对公司利润贡献较小。上半年，公司新能源发电业务获得快速发展，公司2020年末投产的大面山三期、会东堵格一期和美姑井叶特西三个风电场实现运营，大幅增加公司发电量，报告期内公司实现发电量13.91亿千瓦时，同比增长48.94%，完成年度计划的56.06%。公司实现电力销售收入6.85亿元，同比增长42.14%。2021年，公司全力推进风电建设，美姑沙马乃托一期5万千瓦已于7月全部投产，会东淌塘风电场一期12.5万千瓦首台机组于7月投产，2021年底前将全部投产，公司在四川省还有约100万千瓦优质风电待建。公司风电场所在四川省属于风能资源IV类区，2020年全年公司风电平均利用小时数为3,248.35小时，高于全国平均利用小时数1,175.35小时，资源优势明显（部分风电场年利用小时数达4,000小时，曾多次被评为AAAAA级风电场）。锂电资产收购进展顺利，李家沟建设稳步推进2021年上半年，公司按照锂电产业发展规划，继续推进锂电资产收购工作。锂矿方面，公司于2021年1月11日与川能锂能基金签订了《四川能投锂业有限公司之股权转让协议》，并于当月28日完成能投锂能股东变更登记备案手续，于2021年3月15日完成全部交易价款支付。能投锂业所属子公司四川德鑫矿业持有四川省金川县李家沟锂辉石矿采矿权，李家沟已探明的矿石资源储量3,881.2万吨，平均品味1.3%，氧化锂资源储量50.22万吨，采选项目处于建设中，该项目是截止目前国内进入实质性建设的最大锂辉石矿山，预计2022年投产，投产后年产18万吨锂精矿。李家沟锂矿项目环保标准高、以洞采为主，在生态环境保护管控越发严格的背景下，符合国家打造绿色矿业发展示范区的规划，能够有效避免矿山建成后由于安全、环保等问题引发的停工整改等问题。锂盐方面，公司2月1日召开股东大会审议批准了《关于锂电产业基金清算的议案》，同意对锂电产业基金进行清算。2021年4月25日，鼎盛锂业完成了股东变更相关登记备案手续，此次工商变更后，川能动力、四川能投、川能资本分别持有鼎盛锂业25.5%、21.42%、4.08%股权。四川能投及能投资本拟将其分配所得鼎盛锂业25.5%股权托管至公司，实现公司统筹管理鼎盛锂业。鼎盛锂业总规划5万吨锂盐，分三期建设，第一期年产1万吨锂盐项目已于2019年11月正式投产，现有厂区内扩建5000吨电池级碳酸锂生产线工作正在进行中，计划在今年12月底完工。大股东承诺在鼎盛锂业业绩符合上市公司业绩要求后，将股份转让给川能动力。",,华西证券,买入,[None],2021-08-26,,增持,4599326,pdf_downloads/2021/2021-08-26/000155-川能动力（000155）：新能源发电业绩符合预期，锂矿+锂盐业务有条不紊推进中.pdf,155,川能动力,川能动力（000155）：新能源发电业绩符合预期，锂矿+锂盐业务有条不紊推进中,"{
    ""forecasts"": [
        {
            ""year"": null,
            ""net_profit"": null,
            ""eps"": null,
            ""pe"": null
        }
    ]
}"
黄博,"核心观点稳步推进新能源发电业务，项目储备丰富。公司原名为川化股份，于2000年9月在深圳证券交易所上市，原是一个以生产化肥和化工原料为主的综合性特大型化工企业。因受到国内化肥行业供给侧改革以及国家产业政策调整，公司2017年进行资产重组，引入四川能投集团作为控股股东，并且以现金方式购买了能投集团持有的能投风电55%股权,由此公司主营业务增加了风力发电和光伏发电。截止2020年年底，实现投产的总装机容量为76.923万千瓦（其中风电装机容量74.7万千瓦），公司已投产电站项目均享受可再生能源补贴。目前，公司在建风电项目2个，总装机容量17.5万千瓦。根据公司公告，除已投产和在建项目外，公司在四川省还有约100万千瓦优质风电资源待开发建设，电力业务业绩具备持续增长的动力。入驻“固废+环卫”产业链，培育新的业绩增长点。2020年6月，公司发布公告称拟向四川省能源投资集团有限责任公司发行股份购买其持有的川能环保有限公司51%股权。川能环保主营业务包括以垃圾焚烧发电为主的固废处理项目的投资运营、环卫一体化业务以及环保设备的销售。2020年，川能环保实现营业收入17.11亿元，实现归属母公司股东净利润2.26亿元，主营业务毛利率较2019年上升5.4%，上升势头明显。我国环卫市场自2013年市场化改革以来行业整体年增长率始终维持在20%以上，环卫服务行业依然有较大的市场化空间，川能环保在环卫一体化、环卫设备领域的订单数量有望持续增长。后发先至，全面打通锂电产业链。公司于2017年重组后提出将以锂离子动力电池作为切入点，打通从锂矿、锂盐加工、电池材料和锂电池的全产业链模式。2020年6月，公司与川能锂能基金再次达成收购协议，公司将以现金9.27亿元收购锂能基金旗下能投锂业62.75%股权，收购完成后将获得四川省阿坝州李家沟锂辉石矿的开采控制。李家沟矿区属于我国少有的储量大、品位好、矿石加工选冶性能好，资源综合利用价值高的稀有金属锂矿。当前已经勘察探明的矿石储量达到了4036.2万吨，氧化锂资源储量达到了50.22万吨，平均品位1.3%，当前设计原矿开采规模为105万吨/年，年生产锂精矿18万吨，有效期为2013年6月26日至2043年6月26日。首次覆盖给予“增持”评级。我们预计2021-2023年公司营业收入分别为40.06、46.78、63.01亿元，归属母公司股东的净利润分别为4.87、6.25、8.57亿元，对应EPS分别为0.38、0.48、0.66元/股，PE分别为42、33、24倍。下游新能源汽车需求高增将带动上游锂盐价格持续回暖，预计未来两年全球锂盐供需仍处于紧平衡状态，首次覆盖给予“增持”评级。风险提示：公司自身的经营风险;新能源汽车需求增长不及预期；锂市场供给释放超预期；海外疫情反复。",,川财证券,增持,[None],2021-07-13,,增持,4556993,pdf_downloads/2021/2021-07-13/000155-川能动力（000155）首次覆盖报告：风光发电筑底，“锂电+固废”赋能新机遇.pdf,155,川能动力,川能动力（000155）首次覆盖报告：风光发电筑底，“锂电+固废”赋能新机遇,"{
    ""forecasts"": [
        {
            ""year"": 2021,
            ""net_profit"": 4.87,
            ""eps"": 0.38,
            ""pe"": 42
        },
        {
            ""year"": 2022,
            ""net_profit"": 6.25,
            ""eps"": 0.48,
            ""pe"": 33
        },
        {
            ""year"": 2023,
            ""net_profit"": 8.57,
            ""eps"": 0.66,
            ""pe"": 24
        }
    ]
}"
"周志璐,晏溶","事件概述2021年4月22日，公司发布2020年年报，全年公司实现营业收入19.97亿元，较去年同期减少2.66%；实现利润总额4.04亿元，较去年同期增加11.61%；实现归属于公司股东净利润1.53亿元，较去年同期减少28.65%。2021年4月22日，公司发布2021年一季报，报告期内公司实现营业收入11.63亿元，同比增长206.77%，实现归母净利润1.37亿元，同比增长4.66%。分析判断:全年业绩略低预期，新能源发电业务稳步增长2020年公司实现营业收入19.97亿元，同比减少2.66%；实现归属于公司股东净利润1.53亿元，较去年同期减少28.65%，业绩略低预期。营收减少主要系公司新能源综合服务业务受疫情影响，厂家停工停产、大件设备限运、交通道路中断，导致项目进度不及预期，全年实现新能源综合服务销售收入11.70亿元，较2019年度减少11.67%。由于该块业务毛利率整体偏低，2019和2020年分别为2.28%、1.15%，所以该业务营收减少对利润影响较小。公司利润同比下滑28.65%，主要系所得税费用和递延所得税费用增加所致，2020年所得税费用和递延所得税费用分别为4977万元和6060万元，分别同比增长182.36%和305.52%。2021年一季度公司实现营收11.63亿元，同比增长206.77%；实现归母净利润1.37亿元，同比增长4.66%。营收大幅增长，主要还是来自于消除疫情影响后的新能源综合服务业务，所以对一季度利润贡献同样较小。2020年公司新能源发电业务稳步增长，全年新增装机29万千瓦，累计总装机76.92万千瓦，实现发电量17.02亿千瓦，较去年同期增长12.82%，超额完成年度生产目标。全年公司实现风电业务销售收入8.26亿元，同比增长13.77%，实现利润总额4.56亿元，同比增长26.67%。2021年，公司全力推进风电建设，在建装机17.5万千瓦，确保21年年底前投产，公司在四川省还有约100万千瓦优质风电待建。此外公司积极争取三北地区新能源资源，不断提升资产规模，增强可持续发展能力。加速进军锂电业务，依托大股东深度布局锂电产业2020年11月30日，公司股东大会审议批准了《关于现金收购四川能投锂业有限公司62.75%股权的议案》，同意公司出资9.27亿元收购成都川能锂能股权投资基金（有限合伙）（简称“锂能基金”）持有的四川能投锂业（简称“能投锂业”）62.75%股权。截至本报告期，公司已经完成工商变更登记，并完成了所有交易款支付。能投锂业拥有四川李家沟锂辉石矿采矿权，预计2021年年底投产，年产锂精矿18万吨，原矿105万吨。除了锂矿布局以外，公司锂业业务也取得不错进展，公司于2021年2月2日召开2021年第1次临时股东大会，表决通过了关于锂能基金清算的议案。基金清算后，四川能投持股21.42%、公司持股25.5％、四川能投资本持股4.08％。根据四川能投的承诺，鼎盛锂业业绩如果逐步恢复，符合上市公司收购标准以后，将所持有的鼎盛锂业股份转让至上市公司，让公司取得控制权。届时公司将完成上游“锂矿+锂盐”的布局，进一步加强锂电业务实力。此外公司大股东四川能投集团早已深度布局锂电产业链，也跟行业上下游做了投资融合，在上游的锂矿锂盐和下游的电池材料和动力电池，均有客户储备。公
司作为大股东旗下唯一 A 股上市公司，将来有望直接受益大股东优质的资源。",,华西证券,买入,[None],2021-04-22,,增持,4493415,pdf_downloads/2021/2021-04-22/000155-川能动力（000155）：新能源发电业务稳步增长，加速进军锂电业务.pdf,155,川能动力,川能动力（000155）：新能源发电业务稳步增长，加速进军锂电业务,"{
    ""forecasts"": [
        {
            ""year"": null,
            ""net_profit"": null,
            ""eps"": null,
            ""pe"": null
        }
    ]
}"
"周志璐,晏溶",事件概述2021年1月28日，能投锂业完成了股东变更的登记备案手续，取得了成都市锦江区行政审批局颁发的《准予变更登记通知书》（（锦江）登记内变核字〔2021〕第3774号）及新的《营业执照》。分析判断:李家沟采矿权收购进展迅速，是效率更是决心的体现2020年11月30日，公司股东大会审议批准了《关于现金收购四川能投锂业有限公司62.75%股权的议案》，同意公司出资9.27亿元收购成都川能锂能股权投资基金（有限合伙）（简称“锂能基金”）持有的四川能投锂业（简称“能投锂业”）62.75%股权。在2021年1月11日，公司分别与锂能基金、四川省能源投资集团签署了相关股权转让协议，并于本月28日完成工商变更登记。根据《四川能投锂业有限公司之股权转让协议》约定，公司将在本次工商变更登记完成日之后10日内向锂能基金支付第二笔交易价款。公司从11月公布现金收购股权开始，短短2个月时间，完成工商变更登记，并承诺在3月31日之前付完第三笔交易款。能投锂业拥有亚洲最大单体锂辉石矿李家沟锂辉石矿的开采权，该矿计划于2021年年底前投产，此次收购的快速推进反应了能投集团及上市公司高效的运作效率，更是锂电资产注入承诺的实质性兑现。四川能投集团携手川能动力，共同助力四川万亿锂电产业目前国内80%固体锂矿资源均分布在四川省，新能源汽车是四川省 “五个一万亿”产业中的核心布局行业，2018年能投集团和川能动力共同发起成立锂能基金的初衷，就是为了对锂电产业上游锂矿资源进行整合，精准投资阿坝州和甘孜州锂矿项目，充分发挥国有企业政治优势、制度优势、经济优势，有序可持续开发锂矿资源，促进甘孜、阿坝地方经济发展，助力甘孜、阿坝打赢脱贫攻坚战。同时，促进四川能投整合甘孜、阿坝两地锂矿资源开发，支持四川能投深度布局锂电全产业链，助力四川打造“中国锂电产业基地”，进一步反哺甘孜、阿坝地区，以实现脱贫目标，这是四川能投集团和川能动力的使命所在，目前正在一步步践行中，后续为了收购锂盐厂，锂能基金会做清算，但这并不妨碍集团和上市公司继续践行整合责任。川能动力作为四川能投集团锂电全产业链的唯一A股运作平台，早在2017年破产重组时就明确提出“新能源+锂电”的战略布局，要打通从锂矿—锂盐—电池材料—锂离子动力电池全产业链的产业布局，李家沟锂辉石矿采矿权的收购和投产，是四川能投集团与川能动力打造锂电全产业链的决心体现，但仅仅是资源整合及产业链布局的第一步兑现，期待集团及上市公司携手为四川省万亿锂电产业贡献中坚力量。,,华西证券,买入,[None],2021-01-29,,增持,4430539,pdf_downloads/2021/2021-01-29/000155-川能动力（000155）：能投锂业股东变更登记已完成，携手股东助力四川万亿锂电产业.pdf,155,川能动力,川能动力（000155）：能投锂业股东变更登记已完成，携手股东助力四川万亿锂电产业,"{
  ""forecasts"": [
    {
      ""year"": null,
      ""net_profit"": null,
      ""eps"": null,
      ""pe"": null
    }
  ]
}"
"周志璐,晏溶","主要观点:能投集团早已深度布局锂电产业链，川能动力为旗下唯一A股上市公司四川省能源投资集团为贯彻落实省委省政府提出的五个万亿级产业战略部署，自十三五起开始深度布局锂电全产业链，主要通过未并表的北京华鼎新动力股权投资基金（以下简称“华鼎基金”）和成都川能锂能股权投资基金合伙企业（以下简称“锂能基金”）运营。2017年4月，四川能投集团与国联汽车动力电池研究院展开合作，总投资105亿元的华鼎国联四川锂电项目正式落地成都青白江区。国联汽车动力电池研究院是由中国一汽、东风汽车、上汽集团、长安汽车、广汽集团、重庆长安、郑州宇通等整车生产企业、宁德时代、天津力神电池、贝特瑞等动力电池生产企业、科研单位和四川能投集团共同发起设计的，共有14家股东。华鼎国联一期计划投资总额超100亿元，投资完成后将形成超30GWh电池和3万吨正极材料的产能，目前该项目已经顺利投产3GWh动力电池和5000吨正极材料，已为奇瑞新能源汽车和浙江合众新能源汽车提供动力电池供应。与此同时，截至2020 年 7 月 31 日，华鼎基金分别持有 A 股上市公司宁德时代新能源科技股份有限公司 2,341 万股和新三板上市公司贝特瑞新材料集团股份有限公司 3,150 万股股票，截至 2021年 1 月 15 日，华鼎基金持有上述两家公司股票的总市值已超过100亿元。除下游动力电池及正极材料外，能投集团还利用四川锂矿储量丰富优势往锂电产业链的上游布局， 2018年11月，集团发起设立的锂能基金先后完成对鼎盛锂业51%股权及能投锂业62.75%股权的并购，分别实现了对锂矿及锂盐加工厂的布局。川能动力作为四川能投旗下唯一A股上市公司，于2017年资产重组之时便制定了全面布局锂电产业链的规划，会成为四川能投集团“十四五”全力拓展锂电产业链的重要助力。新能源布局轮廓初成，公司二次腾飞在即川能动力于2000年上市，以化肥为主营业务，大股东为川化集团，后因化肥行业产能过剩、价格低迷等原因，于2016年进行破产重组，主营业务变更为风光电站运营，大股东变更为四川能投，并明确未来两年将拓展锂电领域。2020年11月公司公告，拟现金9.27亿元收购能投锂业62.75%股权，后者拥有金川县李家沟锂辉石矿采矿权。 2021年1月11日，公司已与锂能基金签订了《四川能投锂业有限公司之股权转让协议》，明确公司将于2021年3月31日之前支付完全部价款。目前李家沟锂辉石矿105万吨/年采选项目尚在建设中，规划年生产精矿18万吨，计划于2021年年底前投产，项目的顺利投产，将缓解国内优质锂资源依靠进口局面，对缓解我国过高的锂矿对外依存度具有重要意义。
另外，2019 年 11 月上市公司曾拟受让锂能基金持有的鼎盛锂业
51%股权，后于 2020 年 11 月发布公告称，公司基于鼎盛锂业目
前盈利情况对公司业绩不能产生正向影响（锂盐行业近两年处于
低谷期），决定暂缓该收购。并同时公告称四川能投拟通过协调
锂能基金以基金清算方式直接分配鼎盛锂业股权，基金清算后，
预计四川能投持股 21.42%、公司持股 25.5％、四川能投资本持股
4.08％，同时，四川能投承诺在鼎盛锂业业绩达到上市公司有关
要求后，将所持股份转让至公司。公司计划于 2021 年 2 月 2 日召
开 2021 年第 1 次临时股东大会，表决关于锂能基金清算的议案。
目前锂盐价格持续回暖，相信控股股东能投集团将积极推进实现
将鼎盛锂业所持股权转让至川能动力的承诺。",,华西证券,买入,[None],2021-01-18,,增持,4421754,pdf_downloads/2021/2021-01-18/000155-川能动力（000155）：新能源布局轮廓初成，依托锂电资源实现二次腾飞.pdf,155,川能动力,川能动力（000155）：新能源布局轮廓初成，依托锂电资源实现二次腾飞,"{
    ""forecasts"": [
        {
            ""year"": null,
            ""net_profit"": null,
            ""eps"": null,
            ""pe"": null
        }
    ]
}"
王颖婷,投资要点事件：公司公告1）拟出资9.27亿元收购川能锂能基金持有的能投锂业62.75%股权；2）暂缓收购鼎盛锂业51%股权；3）投资设立控股子公司，向新设公司转让所持四川省能投风电开发有限公司70%股权。受让大股东优质资产，坐拥优质锂矿稀缺资源。川能锂能基金系公司控股股东四川省能源投资集团控制的合伙企业，主要从事锂电产业上游锂矿资源、基础锂盐产品、金属锂等产品的开发、生产和销售。截至5月31日，能投锂业经审计的总资产为5.4亿元，负债1500.2万元，净资产合计5.2亿元。1-5月能投锂业实现营业收入288.9万元，净利润亏损187.6万元。其坐拥李家沟矿区现已经勘探查明矿石储量为4036万吨，氧化锂（Li2O）储量51万吨，平均品位1.30%，属于我国少有的储量巨大、品位优良、矿石加工选冶性能良好，资源综合利用价值高的稀有金属锂矿，在建的李家沟锂辉石矿105万吨/年采选项目，是目前国内投资最大的锂矿采选项目，规划日处理4200吨原矿，年处理原矿105万吨，年生产精矿18万吨。本次受让是落实锂电产业布局的具体举措，目前项目正在建设过程中，在新能源汽车行业高速发展下，公司培育发展锂电产业链有望助力公司二次飞跃。风电业务快速发展，股权转让优化资源配置。公司拟将持有的川能风电公司70%股权转让给新设控股子公司川能新电，转让后将由川能新电负责新能源电力类项目的投资、建设、运营，将更好的实现资源优化配置，整合公司业务板块。2020前三季度风电公司实现营收5.9亿元，净利润3亿元，投产装机60万千瓦，结算电量10.7亿千瓦时，装机数量和盈利呈现快速增长，高盈利的新能源发电业务占比持续提升，远期公司与天祝、玉门5个市县签订新能源项目开发战略协议，储备优质资源，并积极争取在三北地区新能源资源，开发潜力较大，为公司业绩持续增长奠定良好基础。盈利预测与投资建议。预计2020-2022年EPS分别为0.23元、0.28元、0.35元，对应PE为28x/23x/18x。公司未来依托四川能投集团，有望持续开拓新能源发电及储能业务，在新能源汽车高速发展背景下，锂电业务有望为公司打开长期发展空间，维持“持有”评级。风险提示：重组进度低于预期风险，产能投放低于预期风险等。,,西南证券,持有,[None],2020-11-16,,增持,4377821,pdf_downloads/2020/2020-11-16/000155-川能动力（000155）：业务整合稳步推进，未来发展可期.pdf,155,川能动力,川能动力（000155）：业务整合稳步推进，未来发展可期,"{
    ""forecasts"": [
        {
            ""year"": 2020,
            ""net_profit"": null,
            ""eps"": 0.23,
            ""pe"": 28
        },
        {
            ""year"": 2021,
            ""net_profit"": null,
            ""eps"": 0.28,
            ""pe"": 23
        },
        {
            ""year"": 2022,
            ""net_profit"": null,
            ""eps"": 0.35,
            ""pe"": 18
        }
    ]
}"
王颖婷,业绩总结： 公司 2020H1 实现营收 9.8 亿元（ +1.4%）；归母净利润 1.9 亿元（ -18%）；扣非归母净利润为 1.8 亿元（ -12.9%.） ； 2020Q2 单季度实现营收6.1 亿元（ +104%）；归母净利润 0.6 亿元（ -22.6%） 。风电业务占比持续提升， 在建项目丰富。 2020H1 新能源综合服务营收 5.0 亿元（ +2.3%），营收贡献率 51%， 实现发电量 9.2 亿千瓦时， 电力销售营收 4.8亿元（ +0.4%） ，营收贡献率 49%， 高盈利的风光新能源发电业务占比持续提升。公司上半年实现投产的总装机容量为 50.1 万千瓦（其中风电装机容量为 47.9万千瓦，光伏装机容量为 2.2 万千瓦）， 在建风电项目装机容量为 31.8 万千瓦，在面临全国“抢装潮”背景下，在建项目有望年内投产。 上半年公司风电平均利用小时数 1908 小时，远高于全国平均利用小时数 785 小时， 发电业务增长良好。 除已投产和在建的项目外， 公司在四川省还有约 100 万千瓦优质风电资源待开发建设，并积极争取在三北地区新能源资源， 开发潜力较大。费用率保持低位运行，融资能力大幅提高。 公司 2020H1 综合毛利率 40.5%（ -0.8pp） ， 基本稳定略有下降， 同时期间费用率 8.1%基本不变，其中销售费用率 0.16% （ -0.0pp），管理费用率 2.43% （ +0.2pp），财务费用率 5.5% （ -2.5pp），费用率水平维持低位，费用端管控良好，盈利能力较佳。 此外， 公司资产负债率低位保持为 40.8%， 具有较强的融资能力，获得工行、邮储、建行等综合授信额度 86.7 亿元； 债务融资方面，获得超短期融资券和中期票据注册，注册额度分别为 2 亿元和 10 亿元，公司较强的融资能力为后续项目投资建设提供了资金保障。并购计划进展顺利， 背靠集团有望打开新盈利点。 公司继续聚焦新能源主业，加快推进新能源发电及锂电产业项目并购，2020H1 公司有序推进四川光大 51%股权、自贡能投 100%股权、能投锂业 62.75%股权、鼎盛锂业 51%股权收购工作， 继续开发新能源发电， 在巩固发展新能源产业基础上， 培育发展锂离子发展锂离子动力电池全产业链，若后续并购成功，公司将打开新的盈利增长点，为后续业绩快速提升提供强大动力。盈利预测与投资建议。 预计 2020-2022 年 EPS 分别为 0.23 元、 0.28 元、 0.35元， 对应 PE 为 22x/18x/15x。 维持“持有”评级。风险提示： 垃圾焚烧政策变动风险， 产能投放低于预期风险等,,西南证券,持有,[None],2020-08-28,,增持,4321775,pdf_downloads/2020/2020-08-28/000155-川能动力（000155）：新能源发电业务占比持续提升，并购如期进行.pdf,155,川能动力,川能动力（000155）：新能源发电业务占比持续提升，并购如期进行,"{
  ""forecasts"": [
    {
      ""year"": 2020,
      ""net_profit"": null,
      ""eps"": 0.23,
      ""pe"": 22
    },
    {
      ""year"": 2021,
      ""net_profit"": null,
      ""eps"": 0.28,
      ""pe"": 18
    },
    {
      ""year"": 2022,
      ""net_profit"": null,
      ""eps"": 0.35,
      ""pe"": 15
    }
  ]
}"
王颖婷,川能动力(000155)立足新能源发电，风电为基石。公司原主营化肥与化工原料生产，产能过剩亏损严重下，公司16-17年经资产重组引入四川能投集团作为大股东，整合集团优质风电资产，实现新能源业务的转型升级。目前公司主营为新能源发电业务及新能源综合服务业务。2019年公司投产总装机容量479.2MW，主要系风电项目，项目运营效率良好，利用小时数高于全国平均水平。受益于装机投产及利用小时数充分，2017-2019年公司发电量为7.0、11.9和14.7亿千瓦时，同比增长79.6%、65.8%和24.0%，发电业务增长良好，盈利水平高，三年毛利率均超过60%。目前公司在建装机318MW，在建项目有望在20年底前集中抢装，带动业绩快速增长，远期公司与天祝、玉门5个市县签订新能源项目开发战略协议，储备优质资源，为公司业绩快速及持续增长奠定良好基础。重组垃圾焚烧业务，标的资产优质。近期公司公告，拟发行股份向四川能投、能投环境购买其持有的四川光大51%股权、自贡能投100%股权。标的资产主营垃圾焚烧发电业务，2018-2019年合计净利润分别为1.1亿元及2.5亿元，净利润良好且快速增长，若重组顺利完成，有望为公司开拓新的业务点，贡献持续稳健的现金流，协同新能源发电业务。坐拥最大锂矿资源，有望迎来新能源汽车发电行业新机遇。公司依托大股东的优势及资产，计划以锂离子动力电池材料作为切入点，打通从锂矿-碳酸锂/氢氧化锂-电池材料-系统集成这一全产业链，继而成为产业链整合者和综合服务供应商。近期拟收购鼎盛锂业51%股权，其储备5万吨锂盐项目，已完成一期年产1万吨项目建设（氢氧化锂年产5000吨、碳酸锂年产5000吨）。同时拟购买能投锂业62.5%的股权，其坐拥亚洲最大单体锂辉石矿资源李家沟矿区，是目前国内投资最大的锂矿采选项目，属于我国少有的储量巨大、品位优良，利用价值高的稀有金属锂矿。规划年处理原矿105万吨，精矿18万吨。目前项目正在建设过程中，若2021年前投产并表，2022年将对公司业绩造成显著弹性。盈利预测与投资建议。预计2020-2022年EPS分别为0.23元、0.28元和0.35元，对应PE为23x、19x及15x。考虑到公司未来依托集团，有望成为四川能投集团下属新能源平台，在新能源汽车高速发展背景下，锂电业务有望为公司打开长期发展空间，首次覆盖，给予“持有”评级。风险提示：政策变动风险，价格变动风险，项目建设低于预期风险，重组进度低于预期风险等。,,西南证券,持有,[None],2020-07-29,,增持,4294810,pdf_downloads/2020/2020-07-29/000155-川能动力（000155）：新能源发电为盾，锂电储能为矛，攻守兼备.pdf,155,川能动力,川能动力（000155）：新能源发电为盾，锂电储能为矛，攻守兼备,"{
    ""forecasts"": [
        {
            ""year"": 2020,
            ""net_profit"": null,
            ""eps"": 0.23,
            ""pe"": 23
        },
        {
            ""year"": 2021,
            ""net_profit"": null,
            ""eps"": 0.28,
            ""pe"": 19
        },
        {
            ""year"": 2022,
            ""net_profit"": null,
            ""eps"": 0.35,
            ""pe"": 15
        }
    ]
}"
林帆,"事件：6月13日，公司公告拟筹划购买四川能源投资集团持有的能投锂业50%的股权，并签署股权收购框架协议，公司预计最晚复牌时间为2018年6月15日。
四川能投集团助力川化涅槃重生，新能源风电运营+化工贸易双轮驱动：川化股份前身是化工之父侯德榜兴建的永利川厂，公司曾是我国最大的合成氨、氮肥、三聚氰胺和赖氨酸生产企业。因受国内化肥产能过剩和国家产业政策调整影响，2014年公司份主要装置全面停产，2016-2017年公司引入四川能投集团完成重组。公司现金购买川能投的能投风电55%股权，于2017年9月过户，截止2017年12月31日能投风电实现投产的总装机容量已达到394.2MW，同比增长100%。全年实现发电量7.04亿千瓦时，同比增长79.61%，实现销售收入3.12亿元，同比增长54.68%；实现利润总额1.26亿元，同比增长105.30%，风电运营成为公司主要的利润来源之一。另外，公司在化工品基础上开拓化工贸易业务，2017年实现贸易营收61.97亿元，同比增长287.44%，实现贸易利润1.68亿元。
拟购买能投锂业50%的股权，坐拥亚洲最大单体锂辉石矿资源：2017年9月，能投集团与雅化集团共同收购四川国锂62.75%的股权（收购前雅化集团持股37.25%），收购完成后，国锂分拆为国锂锂盐（川能投持股43.75%）和国锂矿业（川能投持股62.75%）。
能投锂业为川能投的锂资源开发平台公司，从事锂电产业上游产品的开发，公司购买能投锂业后，将坐拥亚洲最大单体锂辉石矿—四川省阿坝州李家沟锂辉石矿。能投锂业官网披露，预计锂矿项目2020年初建成投产，采选原矿105万吨/年，年产锂精粉约18万吨，同时围绕锂矿资源加快基础锂盐、金属锂及再生资源回收利用项目布局。川化股份作为川能投旗下唯一上市平台，未来有望受益于集团的新能源材料一体化布局。
投资建议：我们预测公司2018年至2020年每股收益分别为0.25元、0.33元和0.37元，净资产收益率分别为9.8%、11.1%和11.2%，给予“增持-A”的投资评级。
风险提示：风电运营不及预期，化工贸易竞争加剧，锂矿投产不及预期",,华金证券,增持-A,[None],2018-06-14,,增持,2186461,pdf_downloads/2018/2018-06-14/000155-川化股份（000155）：风电+贸易双轮驱动，收购能投锂业坐拥锂辉石资源.pdf,155,川化股份,川化股份（000155）：风电+贸易双轮驱动，收购能投锂业坐拥锂辉石资源,"{
    ""forecasts"": [
        {
            ""year"": 2018,
            ""net_profit"": null,
            ""eps"": 0.25,
            ""pe"": null
        },
        {
            ""year"": 2019,
            ""net_profit"": null,
            ""eps"": 0.33,
            ""pe"": null
        },
        {
            ""year"": 2020,
            ""net_profit"": null,
            ""eps"": 0.37,
            ""pe"": null
        }
    ]
}"
"张延明,商艾华,李晓迪","投资要点：

2013年尿素供求失衡，尿素价格持续走低。预计2013年全球尿素需求增速为2.3%，由于阿尔及利亚、阿联酋和卡塔尔等新增产能将陆续投用，供应增速将达4%～5%，2013年尿素行业主要呈现供需发展不同步，淡旺季不明显，上半年国内尿素价格持续走低，最低降至1680元/吨。

气荒长期困扰气头尿素企业正常生产。公司作为典型的气头尿素企业，当开工率负荷达到80%左右才能盈亏平衡。公司装臵满负荷需要24亿方天然气，但是由于化肥用气供应受到限制，公司在原有计划气能够满足供应之外，仍有较大的需求缺口，每年都会受到气荒影响导致开工率不足。今年尿素价格持续处于低位，公司单位成本的大幅提升，势必将给以公司为代表的气头尿素企业带来大面积的亏损。

天然气涨价削弱气头尿素企业资源优势。7月10日起四川省非居民用天然气最高综合门站价格从1.98元/方上调0.163元/方至2.143元/方；居民天然气价格、存量气中化肥生产用气门站价格、车用压缩天然气(CNG)销售价格保持不变。对于拥有计划气的尿素企业，天然气涨价的影响有限，但是随着国家调控一次能源应用比例，天然气价格上行大势所趋，因此气头尿素原有的资源优势将被削弱，在面临原材料价格高企的情况下，已经有大量气头尿素企业逐步转型为煤头尿素，没有转型的企业未来将面临生存困境。

盈利预测及评级：鉴于公司目前主营业务情况，我们预计2013-2015年EPS分别为-0.26元、-0.41元、-0.57元，给予“中性”评级。",,西南证券,中性,[None],2013-07-30,,中性,586050,pdf_downloads/2013/2013-07-30/000155-川化股份(000155)动态跟踪：天然气涨价，气头尿素生死攸关.pdf,155,川化股份,川化股份(000155)动态跟踪：天然气涨价，气头尿素生死攸关,"{
    ""forecasts"": [
        {
            ""year"": 2013,
            ""net_profit"": null,
            ""eps"": -0.26,
            ""pe"": null
        },
        {
            ""year"": 2014,
            ""net_profit"": null,
            ""eps"": -0.41,
            ""pe"": null
        },
        {
            ""year"": 2015,
            ""net_profit"": null,
            ""eps"": -0.57,
            ""pe"": null
        }
    ]
}"
