author,content,filename,org_name,original_rating,pdf_link,publish_time,rating_adjust_mark_type,rating_changes,report_id,save_path,stock_code,stock_name,title,extracted_forecasts,PE_2年前,PE_1年前,PE_当年,PE_明年,PE_后年,PE_大后年,EPS_2年前,EPS_1年前,EPS_当年,EPS_明年,EPS_后年,EPS_大后年
"夏芈卬,王子钦","事件：国信证券发布2025年三季度报告。报告期内，公司实现营业总收入192.03亿元，同比+69.41%；实现归母净利润91.37亿元，同比+87.28%；加权平均净资产收益率9.05%，同比+4.31pct。单三季度业绩增长提速，实现营业总收入81.28亿元，同比+101.11%，归母净利润37.70亿元，同比+117.87%。业绩全面高增，盈利能力显著提升。收入端：营收增长主要由手续费及佣金净收入、投资收益、利息净收入三大支柱驱动，前三季度收入分别为77.08亿元、82.00亿元、11.69亿元，同比分别+71.92%、+97.72%、+45.36%，形成“三驾马车”拉动格局。投行、资管业务短期承压，投行业务收入6.08亿元（同比-5.9%），资管业务收入4.90亿元（同比-22.7%）。但两者合计占总营收比重不足6%，对整体业绩影响有限。费用端：公司成本管控成效显著，业务及管理费同比+41.50%，增速低于营收增速，经营杠杆效应凸显。核心盈利指标ROE同比大幅+4.31pct至9.05%，EPS达0.85元，同比+107.32%，盈利能力显著增强。经纪与资本中介业务势头强劲。公司手续费及佣金净收入达77.08亿元，同比+71.92%，主要由经纪业务驱动，该分部收入达63.62亿元，同比大幅+109.3%。客户基础与资产规模同步扩张，截至报告期末，代理买卖证券款增至11,833.67亿元，较年初+30.52%。资本中介业务竞争力强化，融出资金增至885.56亿元，有力支撑利息净收入45.36%的同比增长。此外，公司于报告期内完成对万和证券的收购，进一步扩大了业务版图和客户基础。投资与交易业务贡献突出。投资与交易相关业务成为公司业绩增长的最主要引擎，前三季度实现投资收益82.00亿元，同比+97.72%，主要系金融工具投资收益增加；叠加公允价值变动收益20.66亿元，该业务板块展现出强大的市场把握能力。公司在保障投资收益的同时，风险控制体系稳健，截至报告期末，风险覆盖率为350.39%，自营权益类证券及其衍生品占净资本比例为45.38%，各项风控指标均优于监管标准，为业务的稳健运行提供了坚实保障。投资建议：公司精准把握市场节奏，自营业务弹性充分释放，业绩表现强劲；对万和证券的收购落地，后续协同效应值得期待。预计2025-2027年公司营业收入为266.60、304.00、335.09亿元，归母净利润为121.31、140.57、157.05亿元，EPS为1.18、1.37、1.53元，对应11月3日收盘价的PE估值为11.78、10.16、9.10倍。给予公司2025年14倍PE估值，对应目标价16.58元。维持“增持”评级。风险提示：宏观经济修复不及预期、监管政策收紧、行业竞争加剧",,太平洋证券,增持,[None],2025-11-05,,增持,7453315,pdf_downloads/2025/2025-11-05/002736-国信证券（002736）：2025 年三季报点评：业绩表现强劲，外延并购落地.pdf,2736,国信证券,国信证券（002736）：2025 年三季报点评：业绩表现强劲，外延并购落地,"{
    ""forecasts"": [
        {
            ""year"": 2025,
            ""net_profit"": 121.31,
            ""eps"": 1.18,
            ""pe"": 11.78
        },
        {
            ""year"": 2026,
            ""net_profit"": 140.57,
            ""eps"": 1.37,
            ""pe"": 10.16
        },
        {
            ""year"": 2027,
            ""net_profit"": 157.05,
            ""eps"": 1.53,
            ""pe"": 9.10
        }
    ]
}",,,11.78,10.16,9.1,,,,1.18,1.37,1.53,
"高超,卢崑",投资收益驱动业绩超预期，盈利能力领跑行2025Q1-3公司营业收入/归母净利润为192/91亿元，同比+69.4%/+87%，单Q3归母净利润38亿，环比+24%，同比+117%。25Q1-3年化加权平均ROE 12.04%，同比+5.72pct，单季度年化加权ROE15.2%行业领跑。期末杠杆率（扣客户保证金）3.48倍，同比+0.04倍。2025Q1-3经纪/投行/资管/利息净收入/投资为64/6/5/12/103亿元，同比+109%/-6%/-23%/+45%/+72%，经纪和投资是核心驱动。考虑市场交易活跃，我们上修2025-2027年归母净利润预测至118/145/168亿元（调前111/133/153），同比+44%/+23%/+16%，加权ROE为11%/13%/14%，股价对应PE为12.3/10.0/8.6倍，PB（LF）为1.48倍，综合盈利能力和估值，公司配置性价比较高，股息率（2025E）为3.3%。公司已完成收购万和证券(注册地海南)，已完成从事海南自由贸易港跨境资产管理试点业务的备案，维持“买入”评级。Q3经纪业务增速跑赢交易量，预计市占率提升，投行和资管收入环比增长（1）前三季度公司经纪净收入64亿，同比+109%，单Q3为28亿，同比+213%，环比+71%，增速跑赢交易量，预计市占率增长。2025Q1-3市场股基ADT1.96万亿，同比+112%，较上半年的66%扩张；2025Q3为2.5万亿，环比+66%，同比+212%。（2）前三季度投行和资管同比-6%/-23%，单Q3环比+11%/+4%。Q3自营投资收益环比增长，两融市占率提升，业务及管理费同比高增（1）前三季度公司自营投资收益99亿，同比+74%，年化自营投资收益率5.74%（2024年为4.4%，2025H1为5.1%），单Q3自营投资41亿，环比+24%。25Q3末自营金融资产规模2447亿元，同比+19%，环比+1%。（2）前三季度利息净收入12亿，同比+45%，利息收入/利息支出为53/42亿，同比+27%/+23%，Q3末两融市占率3.72%，环比+0.01pct。（3）前三季度业务及管理费为80亿，同比+42%，单Q3计提33亿，环比+33%。风险提示：股市波动风险；市场竞争超预期；自营投资收益率不及预期。,,开源证券,买入,[None],2025-10-31,,买入,7126517,pdf_downloads/2025/2025-10-31/002736-国信证券（002736）：投资收益驱动业绩超预期，ROE领跑行业.pdf,2736,国信证券,国信证券（002736）：投资收益驱动业绩超预期，ROE领跑行业,"{
    ""forecasts"": [
        {
            ""year"": 2025,
            ""net_profit"": 118,
            ""eps"": null,
            ""pe"": 12.3
        },
        {
            ""year"": 2026,
            ""net_profit"": 145,
            ""eps"": null,
            ""pe"": 10.0
        },
        {
            ""year"": 2027,
            ""net_profit"": 168,
            ""eps"": null,
            ""pe"": 8.6
        }
    ]
}",,,12.3,10.0,8.6,,,,,,,
"高超,卢崑",零售经纪增速行业领先，年化加权ROE 10.5%2025H1公司营业总收入/归母净利润110.8/53.7亿元，同比+52%/+71%，年化加权ROE 10.5%，同比+4.4pct，杠杆率3.33倍，同比-0.26倍。经纪、投资收益和利息净收入高增驱动业绩增长，经纪/投行/资管/利息净收入/投资收益（含公允）为35.2/3.5/3.2/6.4/60.3亿元，同比+65%/-12%/-19%/+31%/+62%。考虑市场交易活跃，我们上修2025-2027年归母净利润预测至111/133/153亿元（调前102/118/137），同比+35%/+19%/+16%，加权ROE 10%/12%/12%，当前股价对应PE为12.8/10.7/9.3倍，动态股息率3.2%，配置价值突出。公司已完成收购万和证券(注册地海南)，补强资本金利于后续两融展业，受益于海南自贸区跨境资管政策。零售业务优势受益于当前市场环境，ROE行业领先，维持“买入”评级。零售经纪增速行业领跑，明显优于交易量增速，代销高增（1）2025H1经纪业务净收入35亿，同比+65%，其中零售经纪/席位/代销净收入为30.2/1.2/2.6亿，同比+77%/-14%/+55%，2025H1市场日均股票成交额1.4万亿，同比+61%，公司零售经纪增速显著高于交易量，反映公司增量新开户市占率领先+存量老客户质量优秀带来的弹性，2025Q2末客户保证金1023亿，同比+67%，环比+11%，客户入金增加。2025H1末金太阳手机证券用户总数超3085万，较上年末增长6.4%。2025上半年新发布的“国信领先30”品牌，为客户提供全生命周期财富管理解决方案，受益于居民存款搬家以及自身线下营业部较强营销能力，公司代销收入同比高增。（2）资管和投行收入同比有所下降，占比合计6%。2025H1公司投行净收入3.5亿，同比-12%，收入占比3%，完成IPO项目1单，承销金额6亿，债承1043亿同比持平；资管净收入3.2亿，同比-19%，收入占比3%，主因高基数+AUM受债市波动下降综合影响。受益于Q2债券市场反弹+OCI股息分红，公司自营投资收益率进一步上升（1）2025H1公司自营投资收益89亿，同比+57%，年化自营投资收益率5.1%（2024年为4.4%，2025Q1为4.5%，2024H1为3.4%），2025Q2末OCI的股息兑现+债券市场较好驱动公司收益率上升。2025Q2末自营金融资产规模2434亿元，同比+17%，环比+5%。2025H1末其他权益工具投资366亿，同比+65%，环比+10.5%，上半年权益OCI的投资收益10.3亿同比+178%。（2）公司利息净收入6.4亿同比+31%。利息收入/利息支出35.0/28.5亿，同比-8%/-14%，两融利息收入同比+11%，两融规模682亿同比+29%，市占率3.71%，同比+0.07pct，环比-0.01pct。其他债券投资利息收入7亿元，同比-39%拖累利息收入。2025H1付息债务利率2.26%，同比-0.31pct。风险提示：股市波动风险；市场竞争超预期；自营投资收益率不及预期。财务摘要和估值指标,,开源证券,买入,[None],2025-08-31,,买入,6370467,pdf_downloads/2025/2025-08-31/002736-国信证券（002736）：2025中报点评：零售经纪增速行业领先，年化加权ROE10.5%.pdf,2736,国信证券,国信证券（002736）：2025中报点评：零售经纪增速行业领先，年化加权ROE10.5%,"{
    ""forecasts"": [
        {
            ""year"": 2025,
            ""net_profit"": 111,
            ""eps"": null,
            ""pe"": 12.8
        },
        {
            ""year"": 2026,
            ""net_profit"": 133,
            ""eps"": null,
            ""pe"": 10.7
        },
        {
            ""year"": 2027,
            ""net_profit"": 153,
            ""eps"": null,
            ""pe"": 9.3
        }
    ]
}",,,12.8,10.7,9.3,,,,,,,
"高超,卢崑",零售新龙头，外延谱新篇国信证券是粤港澳大湾区唯一一家本地国资控股的大型上市券商，实控人深圳国资委实力强劲，区位优势明显。公司ROE高于上市券商，内生盈利能力强而非杠杆驱动。公司零售经纪业务优势突出，交易市占率增长，开户市占率领跑行业，充分受益于个人投资者驱动的牛市。自营投资收益率稳健支撑ROE，OCI占比提升降低利润波动。公司收购万和证券带来增量，有望受益于海南自贸区跨境资管试点政策。我们预计国信证券2025-2027年归母净利润为102/118/137亿元，同比+24%/+16%/+16%，ROE达8.4%/9.2%/10.0%，对应PE为12.5/10.8/9.3倍，动态PE低于可比公司。公司分红率稳定40%高于同业，基本面高景气，动态股息率（2025E）有望达到3.1%，配置价值突出，首次覆盖给予“买入”评级。零售业务优势突出，充分受益于个人投资驱动的牛市（1）市占率提升：国信证券自身线上平台获客以及服务能力领先，同时也是与支付宝合作的5家券商中的头部券商，线下零售网点布局全国，营销能力强，充分受益于本轮个人投资者驱动的市场行情。2024年末国信证券期末客户保证金规模907亿元，同比+62%，较2024H1末增长48%，入金增幅表现在头部券商中领先，体现公司零售业务能力优势。2024年公司股基交易市场份额2.75%，同比增长约15%，我们预估公司2024年开户数市占率领跑行业，为后续交易市占率增长奠定增量客户基础，具有成长性。（2）投顾服务产品体系化成熟，支撑佣金率与业务盈利能力：国信证券拥有较强的线上线下获客与营销能力、交易服务能力、投顾服务品牌力、高净值客户服务能力，公司净佣金率水平万3高于可比公司和证券行业万2，主因投顾等服务增厚。2024年公司财富管理与机构业务分部的营业利润率46%，盈利水平优秀。（3）零售经纪业务收入占比高，更受益于当下市场环境。国信证券零售经纪业务与两融净收入占比35%在头部券商中保持领先水平，个人投资者交易驱动的牛市下，公司收入弹性更大，有望驱动净利润增速和ROE水平领跑行业。自营收益率稳健支撑ROE，收购万和证券带来增量，受益于海南自贸区政策（1）公司自营投资收益率表现优于上市券商整体，支撑公司整体ROE，内生增长能力强。从公司金融资产配置来看，2023年以来交易性金融资产规模增长有限，OCI科目占比提升，OCI配置的债券和股票公允价值变动不影响利润表，有助于降低公司自营投资收益率波动，提升利润表稳健性。（2）公司以发行A股股份的方式购买万和证券控制权，对价为52亿元，估值1.01倍PB相对合理。收购后国信证券有望通过业务赋能，提升综合杠杆水平驱动万和证券ROE提升，实现协同效应，同时间接实现了对国信证券的资本补充。此外，2025年7月21日，多部门联合发布《海南自由贸易港跨境资产管理试点业务实施细则》，本次收购注册地在海南的万和证券后，有望率先获得试点机构资格，发挥专业优势。风险提示：股市波动风险；收购万和证券进度以及整合效果具有不确定性。,,开源证券,买入,[None],2025-08-02,,买入,6271223,pdf_downloads/2025/2025-08-02/002736-国信证券（002736）：公司首次覆盖报告：零售新龙头，外延谱新篇.pdf,2736,国信证券,国信证券（002736）：公司首次覆盖报告：零售新龙头，外延谱新篇,"{
    ""forecasts"": [
        {
            ""year"": 2025,
            ""net_profit"": 102,
            ""eps"": null,
            ""pe"": 12.5
        },
        {
            ""year"": 2026,
            ""net_profit"": 118,
            ""eps"": null,
            ""pe"": 10.8
        },
        {
            ""year"": 2027,
            ""net_profit"": 137,
            ""eps"": null,
            ""pe"": 9.3
        }
    ]
}",,,12.5,10.8,9.3,,,,,,,
"师梦泽,薄晓旭","公司8月24日披露了2021年中报。2021年上半年，公司实现营业收入103.21亿元（+28.39%），实现归属于上市公司股东的净利润47.90亿元（+62.61%），报告期末归属于上市公司股东的净资产达916.35亿元（+13.26%），基本每股收益0.46元（+35.29%）。经纪业务平稳运行。2021年上半年，公司经纪及财富管理业务实现营业收入48.09亿元（+4.73%），占总营业收入的46.60%，是公司主要收入来源。零售业务方面，公司的客户数量稳步提升，经纪业务客户数量达1,186万户，环比增长12.52%。同时，公司机构业务加强与头部基金管理人合作，全力推动全国社保基金、银行及理财子公司、海外机构等战略客户合作。报告期内，公司机构业务实现交易单元席位佣金收入2.67亿元（+75.44%）。信用业务稳步推进与压降风险并存。公司在稳步开展两融业务的同时，不断压降股票质押存量余额，进一步化解股票质押风险。截至6月末，公司融资融券业务规模为599.5亿元，环比增长16%，自有资金出资的股票质押式回购业务余额为100.2亿元，环比减少20%。股权承销规模增长，创业板IPO形成优势。2021年上半年，公司实现投行业务收入9.20亿元（+44.40%）。股票承销业务方面，上半年，公司完成股票及可转债承销14.75个（+47.50%），累计承销金额约252.10亿元（+322.99%）。公司完成IPO承销6.5个（+225%），其中6个为创业板项目，共计承销规模63.46亿元（+556.26%）；完成再融资承销8.25个（+3.13%），承销规模188.64亿元（+277.81%）。债券承销业务方面，上半年，公司共计承销139.24个（+43.89%），承销规模1,169.63亿元（+70.37%）。公司积极把握注册制改革契机，投行业务，尤其是IPO承销业务实力得到大幅提升。投资业务实力提升。2021年上半年，公司投资与交易业务共实现营业收入30.67亿元（+54.31%），占营业收入比29.71%，同比提升4.99pct。公司投资与交易业务营业利润率达91.29%（+10.71pct），随着60亿资金的投入和投研体系的支撑，公司投资与交易业务盈利能力大幅提升。资管业务以主动管理为核心。2021年上半年，公司实现资产管理业务收入3.70亿元（+90.01%）。公司主要通过产品驱动和渠道拓展推动主动管理转型，一方面公司资产管理净值规模进一步压缩，同比下降25.58%，其中，单一资产管理业务规模同比减少52.68%。另一方面，集合资产管理业务规模实现大幅增长，同比增长42.60%。投资建议：2021年上半年，公司投资业务表现超预期。公司于8月24日公布了2021年上半年募集资金存放与使用情况。2020年募集的147.8亿元（扣除承销和保荐费用）中，已有60亿元用于投资与交易业务，25亿元用于资本中介业务。由于公司将资本中介业务划归为经纪及财富管理业务分部，预计未来公司财富管理业务和投资业务将得到进一步发展，随着财富管理赛道逐步得到验证，我们上调了对国信证券的盈利预测。我们预测公司2021-2023年基本每股收益分别为0.83元、0.95元、1.03元，每股净资产分别为8.02元、8.78元、9.58元，结合市场形势、公司当前估值和股价，给予公司1.8倍PB，对应目标价14.43元，给予“买入”评级。风险提示：监管加强、政策风险、市场波动、疫情反复",,中航证券,买入,[None],2021-08-27,,买入,4600692,pdf_downloads/2021/2021-08-27/002736-国信证券（002736）2021年中报点评：投资业务实力大增，资管业务转型成功.pdf,2736,国信证券,国信证券（002736）2021年中报点评：投资业务实力大增，资管业务转型成功,"{
    ""forecasts"": [
        {
            ""year"": 2021,
            ""net_profit"": null,
            ""eps"": 0.83,
            ""pe"": null
        },
        {
            ""year"": 2022,
            ""net_profit"": null,
            ""eps"": 0.95,
            ""pe"": null
        },
        {
            ""year"": 2023,
            ""net_profit"": null,
            ""eps"": 1.03,
            ""pe"": null
        }
    ]
}",,,,,,,,,0.83,0.95,1.03,
薄晓旭,"2020年公司实现营收187.84亿元（+33.29%），实现归属于上市公司股东的净利润66.16亿元（+34.73%），报告期末归属于上市公司股东的净资产809.07亿元（+43.94%），基本每股收益0.72元（+28.57%）。经纪业务增速较快，财富管理转型成功。2020年公司经纪及财富管理业务实现营业收入99.99亿元（+48.03%）。其中，公司代理买卖手续费净收入50.74亿元（+45.72%），市场份额为5.03%（不含席位租赁），排名行业第三。公司财富管理业务转型成功，2020年，公司代销金融产品业务净收入7.08亿元（+233.58%），市场份额为5.27%，排名行业第三。IPO承销业绩增长显著。2020年公司投行业务实现营业收入19.79亿元（+25.49%），公司完成股票及可转债承销26.8家，市场份额3%；累计承销金额约295.43亿元（+66.68%），其中，完成IPO承销共11.5家。公司积极把握注册制改革契机，2020年，公司创业板和科创板IPO项目过会共16家，IPO项目上市共8家。公司作为深圳国资下属券商，业务发展区域精准定位于深圳、广州、北京、上海、杭州等新兴中小企业数量较多的地区，预计公司投行业务未来仍将在科创板和创业板占据优势。投资与交易业务较为稳定，仍为公司营收主力。公司投资与交易业务共实现营业收入39.09亿元（-0.86%）。其中，权益类投资以资产配置和多策略组合为支柱，取得良好投资收益；固定收益面对债券市场震荡加剧及时调整策略，获得优于市场的投资回报；私募基金行业增速放缓，募资难度加大。2020年度，国信弘盛实现营业收入4.08亿元（-0.49%），净利润2.37亿元（-4.05%），总投资金额8.83亿元，减持金额超过6.72亿元。总体来看，投资与交易业务在总体营收中仍占20.81%，为公司第二大营收业务。资管业务积极开展主动管理转型。公司资产管理业务实现收入3.96亿元（+19.59%）。2020年，受主动管理转型影响，公司集合、单一及专项资产管理业务规模均有所下降，资产管理净值规模为1,461.54亿元（-8.85%）。公司积极开展产品驱动战略，强化机构客户服务能力，有序推进大集合公募化改造，主动管理能力稳定提升。",,中航证券,持有,[None],2021-04-21,,中性,4489826,pdf_downloads/2021/2021-04-21/002736-国信证券（002736）2020年年报点评：财富管理转型成功，投行实力强劲.pdf,2736,国信证券,国信证券（002736）2020年年报点评：财富管理转型成功，投行实力强劲,"{
  ""forecasts"": [
    {
      ""year"": 2020,
      ""net_profit"": 66.16,
      ""eps"": 0.72,
      ""pe"": null
    }
  ]
}",,,,,,,,0.72,,,,
胡江,国信证券(002736)中报业绩：国信证券2020年上半年实现营业收入80.39亿元，同比增加23.03%，实现归母净利29.46亿元，同比增加13.38%，报告期末归母净资产521.61亿元，较期初减少7.20%，基本每股收益0.34元，同比增加13.33%，加权平均净资产收益率5.41%，较上年同期增加0.24个百分点。投资观点：经纪与财富管理业务业内领先，代销金融产品收入超去年全年。上半年经纪业务收入同比+21.84%，高于行业增速，其中代理买卖手续费净收入市场份额（不含基金分仓）维持行业前三，代销金融产品净收入已超去年全年，同比+191.35%，公司积极向财富管理转型，上半年新增高端业务客户占新增经纪业务客户比例达33.5%。创业板投行项目储备丰厚。上半年投行业务收入同比+21.84%，低于行业增速，但目前公司投行项目储备数量丰富，其中创业板保荐项目待审数量达44家，排行业第二，公司作为深圳国资下属券商且深耕大湾区多年，有望借助本次创业板注册制改革契机，加速释放投行业绩。负债结构优化，利息净收入高增。上半年利息净收入同比+107.84%，公司上半年赎回了2015年发行的票面利率5.8%永续次级债50亿元，将每年节省2.9亿元利息开支，上半年大幅增加成本更低的短期负债，应付短期融资款较年初增加92.40%。收入端，公司两融利息收入和股票质押利息收入同比分别+12.40%和+11.68%。自营、资管收入占比下降。上半年自营业务（投资收益+公允价值变动-对联营和合营企业投资收益）收入同比-5.71%，主要原因为上半年债市大幅波动叠加公司配置债券资产比例较往年明显偏高，公司债券资产公允价值出现下滑；上半年公司资管业务收入同比+16.43%，收入占比继续下降。投资建议：公司近期完成150亿元定增，资本实力大幅提升，上半年公司减值计提充分，盈利能力排名行业前列，下半年投行业绩有望借助创业板注册制改革契机加速释放，当前国信证券PB估值位于近五年中枢以下，有望在业绩推动下继续提升。我们预测公司2020-2022年基本每股收益分别为0.67元、0.87元、1.00元，每股净资产分别为7.40元、8.12元、8.91元，预测2020年加权平均净资产收益率为10.16%，首次覆盖，给予“买入”评级。风险提示：疫情风险，股票质押资产大幅减值，业绩不达预期,,中航证券,买入,[None],2020-09-04,,买入,4329523,pdf_downloads/2020/2020-09-04/002736-国信证券（002736）2020年中报点评：经纪业务保持强势，投行项目储备丰厚.pdf,2736,国信证券,国信证券（002736）2020年中报点评：经纪业务保持强势，投行项目储备丰厚,"{
    ""forecasts"": [
        {
            ""year"": 2020,
            ""net_profit"": null,
            ""eps"": 0.67,
            ""pe"": null
        },
        {
            ""year"": 2021,
            ""net_profit"": null,
            ""eps"": 0.87,
            ""pe"": null
        },
        {
            ""year"": 2022,
            ""net_profit"": null,
            ""eps"": 1.00,
            ""pe"": null
        }
    ]
}",,,,,,,,,0.67,0.87,1.0,
张洋,国信证券(002736)2020年中报概况:国信证券2020年上半年实现营业收入80.39亿元，同比+23.03%；实现归母净利润29.46亿元，同比+13.38%。基本每股收益0.34元，同比+13.33%；加权平均净资产收益率6.07%，同比+0.65个百分点。2020年半年度不分配、不转增。点评：1.2020H1公司经纪、利息净收入占比出现提高，投行、资管、投资收益（含公允价值变动）、其他业务净收入占比出现下降。2.代理买卖证券业务手续费净收入市场份额为5.02%（不含席位租赁），排名行业第三位；经纪业务手续费净收入同比+21.84%。3.投行业务手续费净收入同比+21.88%，IPO项目储备较2019年底有明显增加，并处于行业前列。4.资管规模行业排名大幅提升，手续费净收入同比+16.07%。5.投资收益（含公允价值变动）同比小幅下滑2.15%。6.利息净收入同比大幅增长107.75%。投资建议:报告期内公司各主要业务同比增势喜人；公司市场化能力及综合服务能力较为突出，并在激烈的市场竞争中逐步构建了差异化的竞争优势；完成定增募资150亿元将进一步增强资本实力，助力公司抓住全面深化资本市场改革快速推进的历史性机遇实现快速成长。综合考虑资本市场动态变化等多方面因素，上调公司全年盈利预测。预计公司2020、2021年EPS分别为0.56元、0.60元（原为0.50元、0.52元），BVPS分别为7.21元、7.36元，按8月26日收盘价14.04元计算，对应P/E分别为25.07倍、23.40倍，对应P/B分别为1.95倍、1.91倍，维持“增持”的投资评级。风险提示：1.权益类及固收类二级市场行情转弱导致公司各项业务无法得到持续改善；2.短期涨速过快、涨幅过大导致公司股价出现快速调整；3.全面深化资本市场改革的进度及力度不及预期,,中原证券,增持,[None],2020-08-27,,增持,4319722,pdf_downloads/2020/2020-08-27/002736-国信证券（002736）2020年中报点评：各主要业务同比增势喜人.pdf,2736,国信证券,国信证券（002736）2020年中报点评：各主要业务同比增势喜人,"{
    ""forecasts"": [
        {
            ""year"": 2020,
            ""net_profit"": null,
            ""eps"": 0.56,
            ""pe"": 25.07
        },
        {
            ""year"": 2021,
            ""net_profit"": null,
            ""eps"": 0.60,
            ""pe"": 23.40
        }
    ]
}",,,25.07,23.4,,,,,0.56,0.6,,
张洋,国信证券(002736)2019年年报概况:国信证券2019年实现营业收入140.93亿元，同比+40.49%；实现归母净利润49.10亿元，同比+43.43%。基本每股收益0.56元，同比+51.35%；加权平均净资产收益率9.58%，同比+3.04个百分点。2019年拟10派2.00元（含税）。点评：1.经纪、投行、利息净收入占比出现被动下降，投资收益（含公允价值变动）、其他业务收入占比出现提高。2.经纪业务持续排名行业前列，代理买卖证券业务手续费净收入市场份额为5.01%（不含席位租赁），排名行业第三位；经纪业务手续费净收入同比+25.64%。3.投行业务手续费净收入同比+30.35%，增幅明显；财务顾问业务有亮点。4.资管业务有序调结构，手续费净收入同比-4.84%；资管总规模同比回升，集合、专项规模同比增长。5.投资收益（含公允价值变动）同比大幅增长62.78%，权益、固收自营均取得良好收益。6.两融规模回升、股票质押规模持续下降，利息净收入同比+17.00%。投资建议:报告期内公司主要业务指标持续排名行业前列；公司市场化能力及综合服务能力较为突出，并在激烈的市场竞争中逐步构建了差异化的竞争优势；公司将努力把握市场发展机遇，全力推动资本补充，提高整体竞争力。在考虑非公开发行完成的情况下，预计公司2020、2021年EPS分别为0.50元、0.52元，BVPS分别为7.07元、7.22元，按3月31日收盘价计算，对应P/E分别为22.20倍、21.35倍，对应P/B分别为1.57倍、1.54倍，维持“增持”的投资评级。风险提示：1.权益类及固收类二级市场行情转弱导致公司各项业务无法得到持续改善；2.短期涨速过快，涨幅过大导致公司股价出现快速调整,,中原证券,增持,[None],2020-04-01,,增持,4203514,pdf_downloads/2020/2020-04-01/002736-国信证券（002736）2019年年报点评：投资收益、经纪、投行驱动业绩改善.pdf,2736,国信证券,国信证券（002736）2019年年报点评：投资收益、经纪、投行驱动业绩改善,"{
    ""forecasts"": [
        {
            ""year"": 2020,
            ""net_profit"": null,
            ""eps"": 0.50,
            ""pe"": 22.20
        },
        {
            ""year"": 2021,
            ""net_profit"": null,
            ""eps"": 0.52,
            ""pe"": 21.35
        }
    ]
}",,,22.2,21.35,,,,,0.5,0.52,,
"杨柳,陈煜",一、事件概述8月26日国信证券发布了2019年中报，上半年实现营收65.3亿元，同比+61%，归母净利润26.4亿元，同比+124.4%，基本EPS为0.3元/股，加权平均ROE为5.2%。二、分析与判断把握市场回暖机遇，业绩实现高速增长上半年公司营收、净利实现高增，净利润26.4亿元位列行业第6位，保持行业头部的领先地位，归母净利润增速124.4%好于市场预期。受益于上半年市场行情呈现回暖，沪深两市日均成交额达到了5874亿元同比+34%，沪深300上涨22%，公司自营收入弹性大幅释放，投资收益从去年同期4亿元增至18亿元，二季度净收益环比增长28%继续保持高增速，是驱动上半年业绩增长的核心因素。经纪+自营成双轮驱动，贡献七成收入、投资交易特色突出收入结构方面，公司上半年自营+经纪业务收入亮眼，增速分别为1407%和18%，收入占比分别为36%和35%，合计贡献了七成的收入，在市场回暖环境下弹性显著释放。资管、投行和资本中介业务收入分别出现了-9%、-12%和-15%的同比下滑。自营方面，上半年权益及衍生品的投资规模134亿元，占净资本33%，固收类投资规模732亿元，占净资本182%，规模较上年末分别下降了21亿元、增加了33亿元。上半年权益资产规模小幅减少，但自营收益大幅增长，投资交易能力突出。不超过150亿元定增稳步推进，增厚资本有望提升综合实力公司非公开发行计划稳步推进中，拟募集资金不超过150亿元，资金拟用于加码自营业务、资本中介，并用于债务偿还和子公司增资等。预计定增完成后公司资本实力和资金型业务实力将显著增强。目前公司参与保荐的已发行科创板企业3家，排队企业7家，有望持续受益于业务增量。经纪业务上半年收入位列行业第三位，综合实力有望进一步提升，全年ROE有望升至10%。三、投资建议当前券商板块处于PB为1.6X左右，去年低基数效应下券商业绩具有较强的确定性，国信证券目前PB为2.1X显现经纪+投资交易特色的头部溢价，预计2019-2020年PB为2.0X和1.9X，给予推荐评级。四、风险提示：自营收入不及预期。,,民生证券,推荐,[None],2019-08-30,,增持,3892499,pdf_downloads/2019/2019-08-30/002736-国信证券（002736）2019年中报点评：经纪业务稳健增长，自营弹性推动业绩高增.pdf,2736,国信证券,国信证券（002736）2019年中报点评：经纪业务稳健增长，自营弹性推动业绩高增,"{
    ""forecasts"": [
        {
            ""year"": null,
            ""net_profit"": null,
            ""eps"": null,
            ""pe"": null
        }
    ]
}",,,,,,,,,,,,
张洋,"2019 年中报概况: 国信证券 2019 半年度实现营业收入 65.34 亿元，同
比+60.93%；实现归母净利润 25.98 亿元，同比+124.42%。基本每股收益
0.30 元，同比+150.00%；加权平均净资产收益率 5.17%，同比+3.01 个百
分点。2019 半年度不分配、不转增。点评：1.2019 半年度公司经纪业务净收入占比出现提高，投资收益（含
公允价值变动）占比较 2018 年进一步提升，投行、资管、利息、其他业务
净收入占比出现小幅下降。2.经纪业务随市回暖，手续费净收入同比+18%。
3.投行业务尚未企稳，手续费净收入同比-12%。4.资管业务规模出现回升，
手续费净收入同比-9%。5.报告期内投资收益（含公允价值变动）同比大幅
增长 744%，成为公司 2019 半年度经营业绩同比显著改善的核心驱动力。
6.信用业务规模趋稳、收入回升。投资建议: 报告期内公司主要业务指标持续排名行业前列；合规风控不
断强化，确保公司持续稳健发展；下半年非公开发行正式完成后，将进一
步增强公司的资本实力，提高整体竞争力。在考虑非公开发行的情况下，
预计公司 2019、2020 年 EPS 分别为 0.46 元、0.48 元，BVPS 分别为 6.66
元、6.92 元，按 8 月 28 日收盘价计算，对应 P/E 分别为 28.78 倍、27.58
倍，对应 P/B 分别为 1.99 倍、1.91 倍，维持“增持”的投资评级。风险提示：1.权益类及固收类二级市场行情转弱导致公司各项业务无
法得到持续改善；2.短期涨速过快，涨幅过大导致公司股价出现快速
调整",,中原证券,增持,[None],2019-08-28,,增持,3892655,pdf_downloads/2019/2019-08-28/002736-国信证券（002736）：投资收益驱动业绩显著改善.pdf,2736,国信证券,国信证券（002736）：投资收益驱动业绩显著改善,"{
    ""forecasts"": [
        {
            ""year"": 2019,
            ""net_profit"": null,
            ""eps"": 0.46,
            ""pe"": 28.78
        },
        {
            ""year"": 2020,
            ""net_profit"": null,
            ""eps"": 0.48,
            ""pe"": 27.58
        }
    ]
}",,,28.78,27.58,,,,,0.46,0.48,,
"刘丽,孙田田",事件描述公司发布2019年中报，实现营业收入65.34亿元，同比增长60.93%；归属于母公司股东的净利润为25.98亿元，同比增长124.42%。基本每股收益0.30元/股，加权平均ROE5.17%，上升3.01pct。事件点评公司是国内经营历史最长的券商之一，业务发展全面，综合实力较强。在行业中具有较强的品牌影响力，市场竞争力较强。上半年营业收入、净利润在行业中分别排名7th、6th（证券业协会单家公司口径排名），行业地位保持第一梯队。作为上市公司，建立了长效融资机制。非公开发行A股股票7月5日获证监会审核通过，拟募集资金150亿元，将进一步补充公司资本金。自营业务及经纪业务为收入主要来源。分别占比36%和35%，投资收益和公允价值变动损益的大幅增长为上半年利润增长的主要推动力，受益于市场行情回暖，增长1406%；同时代理买卖净收入增长18%，而投行、资管及利息净收入不同程度小幅下滑。1）证券经纪业务具有传统优势，营业部单体创利能力较强。公司共有营业部233家，广东、浙江、北京、上海等发达地区布局较多，同时营业部竞争实力较强，经营效率较高，29个地区分布中仅有3个地区的营业部为亏损。经纪业务市场排名居行业前列，上半年代理买卖证券业务收入排名行业第三，领先地位继续保持。2）融资类业务收入排名8th，融资融券、股权质押利息收入排名均有所提升。两融业务融出资金规模增长20%，份额3.71%；股权质押规模压缩，买入返售金融资产余额下降51.64亿元（-19%）。3）自营业务为上半年利润增长的主要推动因素。上半年实现公允价值变动净收益6.77亿元（去年同期亏损1.35亿元），投资收益+公允合计23.35亿元，较去年同期增长14倍。其中债券类为主要资产配置大类，在投资中占比71%。4）投资银行业务专业人才储备充足，行业地位和市场基础较强。投行业务实现营业收入4.89亿元，同比-12.39%，受市场环境影响，公司股权承告销规模同比下降，债券承销规模上升。目前公司完成7家科创板项目申报，2家为首批科创板挂牌上市公司。投资建议预计公司2019-2021年EPS分别为0.72\0.75\0.78，每股净资产分别为6.96\7.33\7.78，对应公司8月26日收盘价13.71元，2019-2021年PB分别为1.97\1.87\1.76。给予“增持”评级。,,山西证券,增持,[None],2019-08-28,,增持,3887753,pdf_downloads/2019/2019-08-28/002736-国信证券（002736）：投资拉动业绩增长，经纪优势继续保持.pdf,2736,国信证券,国信证券（002736）：投资拉动业绩增长，经纪优势继续保持,"{
    ""forecasts"": [
        {
            ""year"": 2019,
            ""net_profit"": null,
            ""eps"": 0.72,
            ""pe"": null
        },
        {
            ""year"": 2020,
            ""net_profit"": null,
            ""eps"": 0.75,
            ""pe"": null
        },
        {
            ""year"": 2021,
            ""net_profit"": null,
            ""eps"": 0.78,
            ""pe"": null
        }
    ]
}",,,,,,,,,0.72,0.75,0.78,
"李隆海,许建锋","经纪、自营业务推动业绩增长。2019年上半年，公司营业收入65.34亿元，同比+60.93%；归属母公司股东净利润25.98亿元，同比+124.42%；扣非归母净利润26.80亿元，同比+130.09%。截止2019年上半年末，公司总资产为2339.43亿元，较2018年末+10.45%；归属股东权益为538.54亿元，较2018年末+2.65%；杠杆倍数为3.35倍，较2018年末下降0.01倍。公司上半年业绩增长主要由经纪及财富管理业务、投资与交易业务贡献。
    
    自营业务营收占比提升显著。2019年上半年经纪、投行、资管、信用、自营、其他业务占营收比例分别为34.83%、7.48%、1.71%、12.24%、35.74%、2.77%，其中自营业务占比提升较大，较2018上升了6.86个百分点。公司资管业务占比偏低，投行业务占比有下降趋势。截止2019年8月16日，公司作为主保荐商，保荐科创板企业8家（含排队中及已挂牌），保荐家数行业排第3位，预计科创板收入能为下半年投行业绩提供支撑。
    
    证券经纪业务净收入同比+26.45%。2019年上半年，公司实现经纪业务手续费净收入22.76亿元，同比+18.00%。上半年，国内证券市场回暖，市场总成交金额相比去年同期出现较大幅度增长，公司抓住机会，大力拓展私募机构和金融衍生品业务，以多样化资产配置促进财富管理转型，着力打造多渠道一体化互联网金融运营平台，实现代理买卖证券业务净收入20.10亿元，同比+26.45%；报告期间，期货市场整体呈现“增量不增收”的态势，公司实现期货经纪业务净收入0.65亿元，同比-9.72%。
    
    自营业务净收益同比+1406.04%。2019年上半年，公司实现自营业务净收益（投资收益-对联营企业和合营企业的投资收益+公允价值变动收益（损失））23.35亿元，同比+1406.04%，其中投资收益18.39亿元，对联营企业和合营企业的投资收益1.81亿元，公允价值变动收益（损失）6.77亿元。自营业务净收益大幅增长主要得益于金融工具投资收益、处置金融工具取得的收益、公允价值变动收益（损失）的正向贡献。
    
    2019年上半年，公司投行、资管、信用业务净收入均同比下降，证券承销业务净收入、受托客户资产管理业务净收入、利息净收入分别为4.89亿元、1.12亿元、8.00亿元，分别同比-12.39%、-9.31%、-14.64%。受市场环境及行业竞争加剧影响，公司保荐承销业务规模同比下降，报告期内，承销金额63.45亿元，市场份额为1.90%，排名行业第十四；债券承销规模为462.72亿元，同比+11.52%；公司完成重大资产重组过会项目2个，行业排名第七。报告期间，公司资产管理净值规模为1,782.16亿元，比上年末增长14.45%；公司自有资金出资的资本中介业务余额合计613.39亿元，较上年末增长2%。
    
    投资建议：受益于证券市场回暖，公司归母净利润大幅增长，按主保荐商口径统计，公司科创板保荐企业家数（含已挂牌及排队中）占比排行业前列，未来对公司业绩形成支撑。截止2019年8月26日，公司PB约2.09倍，处于近5年地位，具备估值修复空间。
    
    风险提示。经济超预期下滑，股市大幅下跌，中美贸易摩擦恶化。",,东莞证券,谨慎推荐,[None],2019-08-28,,增持,3887353,pdf_downloads/2019/2019-08-28/002736-国信证券（002736）2019年半年报点评：经纪、自营业务推动业绩增长.pdf,2736,国信证券,国信证券（002736）2019年半年报点评：经纪、自营业务推动业绩增长,"{
    ""forecasts"": [
        {
            ""year"": null,
            ""net_profit"": null,
            ""eps"": null,
            ""pe"": null
        }
    ]
}",,,,,,,,,,,,
"李隆海,许建锋","公司净利润增速暂居大型券商首位。2019年上半年，公司营业收入65.34亿元，同比+60.93%；归属母公司股东净利润25.98亿元，同比+124.42%。2019年二季度，市场进入调整，2019年上半年整体呈现量价齐升，期末上证综指与深证成指分别较上年末上升19.45%和26.78%，上半年市场日均交易量同比增加29.53%。受益于上半年市场整体回暖，公司投资与交易、经纪及财富管理等主要业务收入同比大幅增加，支持业绩增长。    
    预期公司净利润增速在大型券商中位于前列。公司的母公司2019年1-6月累计净利润为26.79亿元，同比+114.36%，同比增速在上市大型券商中排第3位。从另一个口径测算，将32家可比上市券商2019年一季报归母净利润+相应券商母公司2019年4月-6月累计净利润的和作为该券商2019年半年报归母净利润估计值，并将2019年半年报归母净利润估计值与2018年半年报归母净利润相除得出2019年半年报归母净利润同比增速的估计值，公司该估计值为144.20%，在大型券商中排首位，因此预期公司2019年半年报同比增速在大型券商中位于前三位。目前，公司在已公布2019年上半年业绩的大型券商中，归母净利润同比增速最高。    
    归母净利润增速低于一季度。公司2019年一季度营业收入同比+60.16%，与2019年上半年营收增速基本持平，但2019年一季度营业利润同比+163.17，高于2019年上半年的同比增速+133.71%，或因2019年二季度信用减值损失增加或子公司业务成本上升所致。    
    投资建议：首次给予谨慎推荐评级。受益于证券市场回暖，之前预期2019年上半年公司归母净利润同比增速将位于大型券商前3位，截止2019年8月15日，公司在已公布2019年上半年业绩的大型券商中增速最高，预期兑现概率较大。截止本研报发布日，按主保荐商口径统计，公司保荐科创板企业8家，保荐数量在行业中并列第3位，未来对公司业绩形成支撑。公司当前PB约1.87倍，处于近5年地位，具备估值修复空间。    
    风险提示。经济超预期下滑，股市大幅下跌，中美贸易摩擦恶化。",,东莞证券,谨慎推荐,[None],2019-08-19,,增持,3875966,pdf_downloads/2019/2019-08-19/002736-国信证券（002736）：归母净利润大幅增长.pdf,2736,国信证券,国信证券（002736）：归母净利润大幅增长,"{
    ""forecasts"": [
        {
            ""year"": null,
            ""net_profit"": null,
            ""eps"": null,
            ""pe"": null
        }
    ]
}",,,,,,,,,,,,
张洋,"国信证券(002736) 
    
   点评： 1. 投资收益（含公允价值变动）占比显著提高，经纪、投行、利息净收入占比出现回落。 2.报告期内公司经纪业务手续费净收入同步市场出现下滑， 代理买卖证券业务净收入（不含席位租赁）市场份额 4.95%,排名行业第 4 位。 3.投行业务净收入同比下滑幅度较大。 4.资管业务手续费净收入同比持平，资管规模同比下降。 5. 报告期内投资收益（含公允价值变动）的逆市大幅增长，成为公司 2018 年经营业绩增速跑赢行业均值的重要因素之一。 6.利息净收入及信用业务规模同比均出现下降 
    
   投资建议: 报告期内公司面对不利的市场局势，迎难而上，着力化解风险，主要业务指标持续排名行业前列；公司市场定位准确，客户服务能力较强，具备较强的市场敏感性及业务前瞻性；非公开发行正式完成后，将进一步增强公司的资本实力，提高整体竞争力。 在考虑非公开发行的情况下，预计公司 2019、 2020 年 EPS 分别为 0.46 元、 0.48 元， BVPS 分别为6.66 元、 6.90 元，按 4 月 23 日收盘价计算，对应 P/E 分别为 28.13 倍、26.96 倍，对应 P/B 分别为 1.94 倍、 1.88 倍，上调公司投资评级至“增持” 。 
    
   风险提示： 1.权益类及固收类二级市场行情转弱导致公司各项业务无法得到持续改善； 2.短期涨速过快，涨幅过大导致公司股价出现快速调整",,中原证券,增持,[None],2019-04-24,上调评级,增持,3764524,pdf_downloads/2019/2019-04-24/002736-国信证券（002736）2018年年报点评：投资收益逆市增长、业绩表现优于行业.pdf,2736,国信证券,国信证券（002736）2018年年报点评：投资收益逆市增长、业绩表现优于行业,"{
    ""forecasts"": [
        {
            ""year"": 2019,
            ""net_profit"": null,
            ""eps"": 0.46,
            ""pe"": 28.13
        },
        {
            ""year"": 2020,
            ""net_profit"": null,
            ""eps"": 0.48,
            ""pe"": 26.96
        }
    ]
}",,,28.13,26.96,,,,,0.46,0.48,,
张洋,"中报概况:国信证券2018年上半年实现营业收入40.60亿元，同比-25.29%；实现归母净利润11.58亿元，同比-42.50%。基本每股收益0.13元，同比-40.91%；加权平均净资产收益率2.41%，同比-1.83个百分点。2018年中期不分配、不转增。 点评： 1.投资收益（含公允价值变动）占比显著下降，经纪业务手续费净收入占比回到近3年来的高位。 2.经纪业务仍是核心，报告期内公司代理买卖证券业务净收入（不含席位租赁）市场份额5.02%,排名行业第3位。 3.投行业务净收入出现较大幅度下滑。 4.资管规模和收入小幅回落。 5.投资与交易业务出现亏损。 6.信用业务整体风险可控。 投资建议:面对不利的市场形势，公司不断夯实传统优势业务基础，积极拓展创新业务版图。公司严格落实各项监管新规，强化合规风控的履职保障，合规风控文化建设深入开展。预计公司2018、2019年EPS分别为0.37元、0.41元，BVPS分别为5.84元、5.98元，按8月29日收盘价计算，对应P/E分别为22.84倍、20.61倍，对应P/B分别为1.45倍、1.41倍。鉴于目前头部券商估值水平普遍接近或低于1倍P/B，公司没有明显的估值优势；公司年内暴露了个别风险事件等因素，下调公司投资评级至“观望”。 风险提示：权益类及固收类二级市场行情持续弱势导致公司各项业务无法得到有效改观",,中原证券,观望,[None],2018-08-30,下调评级,中性,2237817,pdf_downloads/2018/2018-08-30/002736-国信证券（002736）2018年中报点评：投资拖累、经纪回归.pdf,2736,国信证券,国信证券（002736）2018年中报点评：投资拖累、经纪回归,"{
    ""forecasts"": [
        {
            ""year"": 2018,
            ""net_profit"": null,
            ""eps"": 0.37,
            ""pe"": 22.84
        },
        {
            ""year"": 2019,
            ""net_profit"": null,
            ""eps"": 0.41,
            ""pe"": 20.61
        }
    ]
}",,,22.84,20.61,,,,,0.37,0.41,,
郑闵钢,"事件：
国信证券近日发布2018年半年度报告，公司2018H1实现营业收入40.6亿元，同比减少25.3%；归母净利润11.6亿元，同比减少42.5%。总资产2084.9亿元，较期初上升4.4%；归母净资产512.8亿元，较期初减少1.5%。
观点：
主动提高杠杆水平，重资产化趋势显现。截至报告期末，公司总资产规模为2084.9亿元，较2017年末增长4.4%，总负债1571.4亿元，增长6.5%，归属于上市股东的所有者权益512.8亿元，下降1.5%。本期内，公司加速资金筹措进行规模扩张，应付短期融资款和卖出回购金融资产款较期初分别大幅增加54.7%和27.4%，杠杆率水平因此随之提升，由2017年末的67.6%上升至69.7%（剔除代理买卖证券款）。从分部报告来看，自营业务和信用业务负债端较2017年末分别增长58.3亿元和12.6亿元，涨幅为18.8%和1.8%。
全业务收入下滑，经纪业务仍充当支柱。2018H1，公司各项业务均出现不同程度下滑，重资产业务下滑严重，其中投资业务由盈转亏，收入下滑147.8%，信用业务也大幅下滑23%，导致轻重资产业务收入出现一边倒局面，轻资产业务重新占据绝对领导地位。经纪业务成为本期营业收入最大支柱，占比58.1%，投行业务和资管业务分别贡献13.8%和4.7%，而重资产业务占比被压缩到仅剩10.9%。我们认为，公司目前收入结构仍处于传统轻资产业务主导阶段，未来转型空间较大。
股基交易市占率继续下滑，营业部投顾升级挖掘存量客户价值。2018H1，公司实现经纪业务收入23.6亿元，同比减少8.2%。公司股基交易量市占率长期受到佣金战的冲击，在过去10年间基本处于连续下行趋势，从最高点4.7%一直跌落到3%（2018年一季度数据）。公司面对不利形势，大力拓展AI、大数据等创新技术应用，提升产品竞争力，同时有效整合投顾资源，提升整体服务质量，以此挖掘客户潜在价值。2018H1，公司代理买卖证券业务净收入（不含席位租赁）市场份额为5.02%，排名行业第三。
投行收入下降，增发业务份额上升。2018H1公司投资银行业务实现收入5.6亿元，同比下降39.6%，成本端同步缩减23.4%。上半年市场监管态势从严，102家拟IPO企业中，58家过会，44家被否，过会率仅为56.86%。公司上半年完成1单IPO项目，共筹资33.9亿元，占比3.68%。再融资项目方面，公司不断提高对客户的响应速度和服务质量，上半年作为主承销商增发项目市场份额为3.24%，同比提高1.7pct，作为投资顾问增发项目市场份额为9.47%，大幅提高8.5pct。
资管业务转型尚在进行中，业务收入小幅下滑。2018H1，公司资产管理业务净收入1.9亿元，同比降低7.4%。在市场整体去通道的行业背景下，公司顺应时势，回归本源模式。公司集合计划期末受托资金规模189.6亿元，较期初降低15.2%；定向计划期末受托资金规模1673.9亿元，较期初下降2.7%，专项计划期末受托资金规模35.8亿，较期初上升41.4%。我们认为，目前公司产品结构转型尚未完成，受到市场下行趋势的影响，资管业绩承压。但从长期来看，公司正逐步加大对资管业务的投入（本期营业支出同比增长15.1%），未来资管业务与投研能力相结合，回归主动管理方式，有望带动业绩提升。
信用业务收缩，规模减少控制风险。2018H1，公司信用业务实现收入6.8亿元，同比降低23%。期末融出资金余额为351.3亿元，较期初降低12.5%，担保物比例从上年末310.9%下降至2018H1的284.6%。买入返售金融资产规模为430.1亿元，较2017年末降低3.8%，其中自有资金出资额为369.3亿元，占比85.9%。经测算，买入返售资产担保物比例从上年末232.9%下降至2018H1的210.1%，与融资融券担保比例均处于可控范围。我们认为，公司目前阶段在主动规避市场频发的信用风险，未来可以通过与资管业务相对接的方式，降低自有出资比例，同时扩大业务规模。
市场低迷致股票亏损较大，投资业务由盈转亏。2018H1，公司投资业务实现收入-2.4亿元，同比大幅降低147.8%。根据公司公告，2018H1自营权益类占净资本比例为34.85%，较上年末下降6pct，自营固收类占净资本比例为104.31%，较上年末大幅提升35pct，公司投资业务资产配置的动态变化与2018H1的股债市场分化趋势相一致。但尽管是在公司大幅缩减股权投资规模，加大债权投资比例的情况下，股权投资当期变动损失仍超过3亿元，其他投资（主要为银行组合理财产品和杠杆票据）当期变动损失1.2亿，共同导致投资业务出现亏损。
结论：
我们看好公司经纪业务转型升级营业部服务模式和投资业务增加投入提升交易能力。我们预计公司2018-2020年的营收分别为88.6亿元、102.2亿元和109.1亿元，归母净利润分别为29.4亿元、34.5亿元和36.8亿元，EPS分别为0.36元、0.42元、0.45元，对应PE分别为24倍、20倍和19倍。首次覆盖给予“推荐”评级。
风险提示：
股票市场成交量进一步萎缩、自营业务市场波动风险、股票质押风险事件、经纪业务转型不及预期",,东兴证券,推荐,[None],2018-08-29,,增持,2235135,pdf_downloads/2018/2018-08-29/002736-国信证券（002736）：半年报点评：营业部传统优势升级，转型谋发展较为迫切.pdf,2736,国信证券,国信证券（002736）：半年报点评：营业部传统优势升级，转型谋发展较为迫切,"{
    ""forecasts"": [
        {
            ""year"": 2020,
            ""net_profit"": 36.8,
            ""eps"": 0.45,
            ""pe"": 19
        }
    ]
}",,,,,19.0,,,,,,0.45,
黄道立,"2015年首次覆盖以来,我们始终如一,并持续看好公司未来发展
    我们于2015年7月发布旗滨集团首次覆盖报告《旗滨~您值得拥有~~》以来,始终如一,坚定推荐公司,于2016年8月玻璃价格触底之时率先发送深度报告《玻璃价格超预期上涨,业绩高弹性》底部推荐,于2017年5月进一步更新深度报告《业绩增长无忧,未来深加工布局增亮点》,今日我们再发深度《新旗滨,再出发》,持续看好公司基本面中长期发展,看好公司股价。
    战略变革--从“快速做大”走向“做优做强”,提供股价长期看点
    作为玻璃行业后起之秀,2015年公司通过“十年战略”发展,产能跃居国内第一。从站稳脚跟到有立足之地,公司逐步确立战略转型,开始从追求发展速度向追求质量转变,全面提升产品技术含量、品质及品牌价值:①充实调整管理团队实现重大改革,并通过精细化管理提升效率,冷修技改+在线改造提升质量;②积极转型深加工,布局节能玻璃核心市场,广东河源、浙江绍兴、马来西亚三大基地瞄准国内需求最好的珠三角、长三角地区和东南亚“一带一路”建筑热点区域,目前已基本建成,即将投产;郴州旗滨光伏光电材料基板生产线项目也将于2018年完成建成投产;③开拓海外市场,马来西亚2条优质浮法玻璃生产线已于今年点火投产,盈利整体好于国内水平,有望成为新的盈利增长点,并以此为依托继续拓展海外市场,目标2-3年出口比例提升至20%;④股权激励激发活力,2017-2021计划每年分红比例不低于50%,分红高、动力强。
    深加工转型第一站:Low-E玻璃发展正当时,成长空间大
    Low-E玻璃是目前节能玻璃的主流产品,将持续受益建筑节能标准提升。目前我国总体普及率还很低(约10%,欧美发达国家已超80%),15年国内需求约1.7亿平米,受生产技术制约,产能利用率相对较低。假设2020年新建房屋建筑渗透率达20%(远低于国外),Low-E玻璃需求可达3.8亿平米,若政策支持力度加大,将有望进一步打开空间。
    18年行业景气强度有望超预期,提供股价中期弹性
    受益房地产竣工,预计18年玻璃需求稳增无忧;行业供给侧有望受到环保掣肘以及行业冷修周期的双重影响,存在供给收缩超预期的可能;产能收缩之后,玻璃企业有望获得下游产品涨价上游原材料跌价的双重收益;现阶段库存低位+价格高企奠定开春良好基础,暖春进一步提价可期。
    旗滨~依旧值得您长期拥有~~继续给予“买入”评级
    综上所述,短期看,玻璃行业暖春可期;中期看,18年玻璃行业景气弹性有望超预期;长期看,旗滨“一带一路”海外扩张,向工程LOW-E、光电等高端玻璃制造转型将为公司提供全新利润增长点,降低公司业绩振幅,使业绩长期增长更有保障。预计17-19年EPS0.46/0.64/0.79元,对应PE为14.8x/10.6x/8.6x,旗滨是注重股东回报的优质企业,继续给予“买入”评级。",,国信证券,买入,[None],2018-01-04,,买入,2105300,"pdf_downloads/2018/2018-01-04/002736-国信证券(002736)：新旗滨,再出发.pdf",2736,国信证券,"国信证券(002736)：新旗滨,再出发","{
    ""forecasts"": [
        {
            ""year"": 2017,
            ""net_profit"": null,
            ""eps"": 0.46,
            ""pe"": 14.8
        },
        {
            ""year"": 2018,
            ""net_profit"": null,
            ""eps"": 0.64,
            ""pe"": 10.6
        },
        {
            ""year"": 2019,
            ""net_profit"": null,
            ""eps"": 0.79,
            ""pe"": 8.6
        }
    ]
}",,14.8,10.6,8.6,,,,0.46,0.64,0.79,,
洪锦屏,"事项：

近日我们调研了国信证券，与公司董办及投行业务负责人就国信证券在当前监管环境下的发展近况、年度展望等方面进行了交流。公司今日披露母公司口径6月数据，上半年累计实现营收52.12亿元（同比下降17%），净利润19.57亿元（同比下降25%）；截至2017年6月30日，母公司净资产480.64亿元（同比+8%）。

主要观点

1.佣金率维持高位，财富管理新业务显露头角

国信证券2017Q1经纪业务平均佣金率5.69%%，远高于行业水平；较2016Q1的佣金率6.27%%仅下滑9%，下滑幅度小于行业。2017年一季度股基成交市场份额3.13%，与2016Q4基本持平。公司今年在财富管理有几大新业务布局，其中包括与美国公司联手打造的GuosenTradeStation交易平台，这是公司推进经纪业务转型，实施“互联网+”战略的重要切入点。效果已于今年显现，目前该平台的交易量及收入已经相当于一个中大型营业部。公司在互联网战略上均以自有投入为主。

2.上半年IPO发力，下半年预计放缓，投行收入整体维持稳定

今年公司投行业务呈现突出的结构变化，债券部分占比预计从40%降至20%不到，而股权（包括IPO和再融资）占比将达到70%以上。公司上半年IPO完成18家，与海通证券并列行业第二。IPO承销金额83.94亿元，市场份额6.69%，仅次于广发证券，排名第二。国信因司度事件受罚1个亿，已于5月计提，同时公开发行受到一些影响。公司判断下半年IPO发行回不到上半年那么快的发行速度，但再融资经过品种调整会有所增加，整体来看投行业务将与去年基本持平。

3.其余业务稳健有序开展，直投业务是一大亮点

股票质押业务上公司以自有资金投入为主，今年业务增量几个亿。公司注重股票本身的价格、质押率，把保证本金安全作为首要目标，而非追求利差。公司依托国信弘盛开展直投业务，经营业绩及投资能力在券商直投行业排名前列，目前除了跟企业成立产业基金外，也在与政府合作，项目质量都很高。直投标的持股比例不高，多数在5%以下，受减持新规影响不大。境外业务方面，香港子公司主要发挥平台作用，与大陆形成互动。

4.投资建议：

国信证券客户及业务基础扎实，投行业务保持优势，经纪业务探索转型，直投业内领先，整体稳健，在强市中能把握发展机会，在弱市中则沉静蓄力。预计公司2017-2019年EPS分别为0.61/0.65/0.69，对应PE分别为22.6/21.1/20.0，给予推荐评级。",,华创证券,推荐,[None],2017-07-12,,增持,2012135,pdf_downloads/2017/2017-07-12/002736-国信证券(002736)：强市冒尖，弱市沉静.pdf,2736,国信证券,国信证券(002736)：强市冒尖，弱市沉静,"{
    ""forecasts"": [
        {
            ""year"": 2017,
            ""net_profit"": null,
            ""eps"": 0.61,
            ""pe"": 22.6
        },
        {
            ""year"": 2018,
            ""net_profit"": null,
            ""eps"": 0.65,
            ""pe"": 21.1
        },
        {
            ""year"": 2019,
            ""net_profit"": null,
            ""eps"": 0.69,
            ""pe"": 20.0
        }
    ]
}",,,22.6,21.1,20.0,,,,0.61,0.65,0.69,
"魏涛,孙立金","事件：公司公布2016年报，实现营业收入127亿元，同比-56%；归母净利润45.6亿元，同比-67%；稀释每股收益0.56元/股，同比-67%。每10股分红2元，累计分配16.4亿元现金股利。

点评：

营收同比、归母净利润同比增速均低于行业平均水平，一、四季度受市场波动影响较大。证券行业营收同比下降43%；行业净利润同比下降50%。公司第一、四季度归母净利润分别为8.4亿、8.5亿；二、三季度分别为13.5亿、15.1亿。一、四季度股市波动幅度较大，公司受影响较大，业绩表现不佳。业绩落后于行业的主要原因是经纪佣金净收入占比高（2016年44%，2015年占54%），且同比减少65%；投资业务（投资收益+公允价值）同比减少了约50亿，降幅达73%。公司投资与交易业务共实现营业收入10.61亿元，同比下降81.77%。

资管业务规模增长65%，收入下降27%。公司资产管理业务实现收入4.49亿元，同比下降27.17%。投资于股市、债市的多数理财产品的投资收益率均较上年出现大幅下滑，影响规模和业绩提成。资管规模2312亿元，同比增长65%（其中定向资管1973亿，同比增98%；集合资管319亿，同比-19%）。

投行业务占营收的21%，对业绩带动能力强。公司投资银行业务实现营业收入26.89亿元，同比增长24.45%；利润总额10.78亿元，同比增长49.51%。公司投行业务从早期定位于服务中小企业及民营企业为主，到目前的助力核心客户做大做强，形成了较鲜明的“市场化投行”的特点。全年累计完成重大资产重组项目20家，位列行业第二；股票再融资项目家数行业排名第三，承销金额行业排名第四。今年是投行大年，预计IPO增幅在1倍左右，有望带动整体业绩增长。

投资建议：公司对经纪、自营业务的依赖度较大，业绩弹性大，随着市场的平稳修复，证券行业行情可期，高弹性标的具有比较优势，给予“增持”评级，六个月目标价：17元/股。

风险提示：监管趋严，政策性风险；业绩受股市波动影响的风险。",,太平洋证券,增持,[None],2017-04-20,,增持,1964438,pdf_downloads/2017/2017-04-20/002736-国信证券(002736)2016年报点评：业绩受经纪业务、自营业务拖累，业绩弹性大.pdf,2736,国信证券,国信证券(002736)2016年报点评：业绩受经纪业务、自营业务拖累，业绩弹性大,"{
  ""forecasts"": [
    {
      ""year"": null,
      ""net_profit"": 45.6,
      ""eps"": 0.56,
      ""pe"": null
    }
  ]
}",,,,,,,,,,,,
夏正洲,"一、事件：

国信证券17日晚间披露2016年年报。公司2016年实现营业收入12,748,903,313.78元，同比下降56.25%；实现归属于上市公司股东的净利润4,556,152,321.66元，同比下降67.34%；基本每股收益0.56元/股。公司2016年度利润分配预案为：以2016年12月31日总股本8,200,000,000股为基数，向全体股东每10股派送现金红利2.00元（含税）。

二、点评：

在市场整体持续震荡调整的环境下，2016年，国信证券实现营业收入127.49亿元，实现归属于上市公司股东的净利润45.56亿元，超过排在第十位的光大证券，排名第九，进入行业十强。不过，营业收入和净利润同比降幅分别为56.25%和67.34%，同比降幅均大于行业平均水平，不及预期。

1、业务结构偏重于经纪业务受市场波动影响较大

公司所从事的主要业务分为六大板块，分别是经纪与财富管理业务、投资银行业务、资本中介业务、投资与交易业务、资产管理业务和其它业务。从收入构成看，经纪及财富管理、投资银行、资本中介、投资与交易、资产管理和其它业务的收入分别占营业收入的53.25%、21.09%、8.73%、8.32%、3.52%和5.09%，其中经纪及财富管理业务依旧占据半壁江山以上，投资银行业务、资管业务和其它业务合计占比仅为29.7%，业务架构依旧偏重于经纪业务，受市场波动影响较大。

2、经纪业务占比较大增长投行业务有空间

经纪业务方面，报告期内，公司在做大做强基业的前提下，推出新型投顾服务产品和服务工具，探索科学投顾模式；完善多层次交易服务产品体系，为客户提供更加多样性、个性化的金融产品和服务；上线柜台无纸化和远程业务办理项目，大大提高了运营效率。经纪业务全年实现代理买卖手续费净收入市场份额4.97%，行业排名居前。

同时，公司加强在线财富管理平台建设，稳步推进互联网证券业务。截至2016年末，公司金太阳手机证券注册用户已超过949万，较上年末增长9.9%；手机证券交易量占比达39.36%，较年末上升6.96个百分点；微信公众号关注用户数超过89.9万，较上年末增长65.25%。

投行业务方面，报告期内，公司累计完成完美世界等20家重大资产重组业务（其中14家项目在实施重大资产重组同时完成配套融资），完成家数跃居市场前两名，创下历史最好成绩。报告期内，公司完成股票承销46.7家，市场份额为5.53%，排名行业第四。其中，再融资项目为37.7家，市场份额6.10%，排名行业第三。报告期内，公司股票承销金额为786.22亿元，市场份额为5.26%，实现营业收入26.89亿元，同比增长24.45%；利润总额10.78亿元，同比增长49.51%，市场影响力及盈利能力不断提升。但从业务构成看，投行业务依然具有较大的发展空间，这不仅有助于2017年经营业绩的企稳回升，而且有助于业务架构的优化。

资产管理业务方面，报告期内，以发展银行委托债券投资、固定收益类及权益类集合计划等主动管理型产品为重点，金融同业合作业务为辅，业务总量稳中有升，截至2016年底，公司资产管理净值达到2,312.01亿元，较上年末增长64.86%，实现收入4.49亿元，同比下降27.17%。从业务收入构成看，资管业务尚未成为公司的重要收入来源，同时，在今年金融领域掀起反腐风暴的情况下，资管业务收入的大幅提升具有较大的压力。

3、分红派息不理想

公司拟以2016年12月31日总股本8,200,000,000股为基数，向全体股东每10股派送现金红利2.00元（含税）。按2017年4月18日的收盘价计，兴业证券的股息率仅为1.40%，低于一年期的存款利率，对投资者的吸引力不强。

三、主要风险

国信证券今年主要面临风险可能来自两个方面：一是市场持续调整的风险；二是投行业务提升不及预期。",,开源证券,无评级,[None],2017-04-20,,,1965422,pdf_downloads/2017/2017-04-20/002736-国信证券(002736)2016年年报点评：经纪业务比重较大，投行业务有空间.pdf,2736,国信证券,国信证券(002736)2016年年报点评：经纪业务比重较大，投行业务有空间,"{
    ""forecasts"": [
        {
            ""year"": null,
            ""net_profit"": null,
            ""eps"": null,
            ""pe"": null
        }
    ]
}",,,,,,,,,,,,
"丁文韬,王维逸,胡翔,田眈,马祥云","事件

公司发布2016年年报：全年实现营业收入127.5亿元，同比下降56.3%；归属于母公司股东净利润45.6亿元，同比下降67.34%，EPS为0.56元；归属于母公司股东净资产483.9亿元，BVPS为5.9元。

投资要点

受市场低迷影响，经纪业务收入下降影响业绩整体下滑超过五成：公司2016年实现归母净利润45.6亿元，同比下滑67.34%。经纪、投行、资管、利息、自营业务收入比重分别为44%、21%、2%、12%、22%。公司经纪业务占比较高，受市场整体低迷影响，收入下滑64.5%至56亿，佣金率2016年Q4下降至0.0584%，仍显著高于行业平均水平0.0347%。

投行收入一枝独秀，境外业务稳步开展：16年公司实现投行业务收入26.8亿，同比增长24.28%。公司股票承销金额为786.2亿元，同比增长290%；债券主承销金额1304.2亿元，同比增长246%；公司完成20个通过证监会审核的重大资产重组项目，完成家数跃居行业前两位，投行业务继续保持优势。此外，全资子公司国信香港以全球协调人身份推出了绍兴城投3亿美元海外债券，成为全国首单地市级国有资产经营主体在境外成功发行的公司债券，公司海外影响力得到提升。

自营收入占比下降，直投业绩表现突出：公司2016年自营业务收入15.04亿，收入占比仅为12%，较15年下降10%。报告期内，公司向从事直投业务的全资子公司国信弘盛增资10亿元，子公司资本规模进一步扩大，直投项目新增16个，投资金额16.13亿。国信弘盛创造了市场上首例券商直投通过新三板做市交易退出的成功案例，获得市场广泛认可。

资管规模稳步提升，业务收入大幅下降：公司资产管理业务以发展银行委托债券投资、固定收益类及权益类集合计划等主动管理型产品为重点，业务总量稳中有升。截至12月末，公司资产管理净值达到2312.01亿元，较上年末增长64.86%。公司2016年资管业务收入2.47亿元，同比下滑44.53%，下降幅度明显。

投资建议

受市场景气度低迷影响，经纪业务收入下降影响16年整体业绩下滑超过五成。目前公司正在转型综合服务商，优势业务市场地位较高。预计17、18年归母净利润分别为50.2、56.7亿元，对应EPS0.61、0.69元。公司目前估值2.50倍17PB。给予目标价20.06元/股,对应3.44倍17PB，维持公司“增持”评级。

风险提示：二级市场行情波动对券商业绩和估值带来双重压力。",,东吴证券,增持,[None],2017-04-19,,增持,1964918,pdf_downloads/2017/2017-04-19/002736-国信证券(002736)2016年年报点评：经纪占比较高影响业绩，继续转型综合服务商.pdf,2736,国信证券,国信证券(002736)2016年年报点评：经纪占比较高影响业绩，继续转型综合服务商,"{
    ""forecasts"": [
        {
            ""year"": 2017,
            ""net_profit"": 50.2,
            ""eps"": 0.61,
            ""pe"": null
        },
        {
            ""year"": 2018,
            ""net_profit"": 56.7,
            ""eps"": 0.69,
            ""pe"": null
        }
    ]
}",,,,,,,,,0.61,0.69,,
"沈娟,彭文","加强风险防控，积极开拓创新，追求稳中求进

2016年归母净利润45.6亿元，同比-67%；实现营业收入127.5亿元，同比-56%；EPS为0.56元，每股净资产5.18元，加权平均ROE为9.35%。每10股派发2元。公司具备较高的市场敏感性，凭借着准确的市场定位和优秀的客户服务能力积累了大量优质的客户资源。2016年公司通过差异化服务进一步拓展个人客户，通过“3+N”业务格局提升机构客户在经济发达地区渗透率。未来公司将保持“统筹兼顾、把握大局”的经营策略，加强防控风险，开拓创新，追求多点突破，稳中求进。

经纪提升细分领域竞争力，资本中介保持领先地位

经纪业务在做大做强基业的前提下着力提升细分领域竞争力，推出新型投顾产品；强化互联网金融转型，加强在线财富管理平台建设。2016年股基交易量9.3万亿元，市场份额3.29%，较2015年下降54个bp。全年经纪业务净收入56亿元，同比-65%。全年股基佣金率水平0.06%，较2015年水平下滑15%左右，预计2017年仍有进一步下滑压力。2016年末两融余额380亿元，排名行业第9，与上年持平。股票质押业务年末余额198亿元，排名行业第7。实现利息净收入19.1亿元，同比-46%。

投行加强协同及资源共享，今年业绩有望加速释放

投行业务依托全价值链服务模式，充分发放内部协作及资源共享；业务结构进一步优化，完成并购重组项目20个，创历史新高。全年股权承销项目46.7家，其中IPO9家；主承销金额55.35亿元，同比-46%。债券主承销金额1304亿元，同比+147%。全年投行净收入26.8亿，同比+24%。截至2017年4月17日公司IPO在审有效项目62家，全部排队项目数量排名行业第7，预计2017年能维持较高增长。新三板截至2017年4月17日累计完成推荐挂牌项目339个，排名行业第8。

资管规模较快增长，自营强化风控，直投投资领域趋多元

资管大力拓展企业ABS、量化对冲、非标投资类创新产品，发展主动管理型产品，总体规模实现较好增长。年末AUM2312亿元，同比65%；其中集合规模319亿元，平均费率0.46%。全年资管业务净收入2.5亿，同比-44%。自营以追求低风险绝对收益为目标，积极运用衍生品等金融工具对冲风险，实现投资净收益18亿元，同比-73%。国信弘盛切入行业主题基金产业投资领域，探索多策略并行模式；全年新增投资项目16个，金额16亿元。

综合实力较强，维持买入评级

公司综合实力较强，连续5年总资产、净资产、净资本、营业收入及净利润排名行业前十，塑造优良的品牌效应。经纪及财富管理、投行领先优势累计了雄厚的客户资源，有力支撑以客户为中心的服务模式。看好公司的综合实力和较强的业务能力，预计2017-19年EPS为0.64元、0.71元和0.75元，对应PE为23倍、21倍和19倍，维持买入评级。

风险提示：业务开展不如预期，市场波动风。",,华泰证券,买入,[None],2017-04-18,,买入,1964157,pdf_downloads/2017/2017-04-18/002736-国信证券(002736)：业务稳健推进，综合实力较强.pdf,2736,国信证券,国信证券(002736)：业务稳健推进，综合实力较强,"{
    ""forecasts"": [
        {
            ""year"": 2017,
            ""net_profit"": null,
            ""eps"": 0.64,
            ""pe"": 23
        },
        {
            ""year"": 2018,
            ""net_profit"": null,
            ""eps"": 0.71,
            ""pe"": 21
        },
        {
            ""year"": 2019,
            ""net_profit"": null,
            ""eps"": 0.75,
            ""pe"": 19
        }
    ]
}",,,23.0,21.0,19.0,,,,0.64,0.71,0.75,
沈娟,"领先的市场化服务能力，稳健经营造就行业领先地位

公司具备较高的市场敏感性，在近20年的发展历程中公司率先把握住中国经济转型期发达城市个人用户与中小企业与日俱增的金融服务需求，凭借着准确的市场定位和优秀的客户服务能力积累了大量优质的客户资源。个人客户方面，公司积极通过大数据分析等新兴技术和手段，不断完善客户分级分类管理，实现精准营销和差异化服务。机构客户层面，公司构建“3+N”业务格局，为客户提供全方位的金融服务。在当前资本市场稳中求进的大环境下，公司将持续追求合理收益的风险管理理念，构建规范的公司治理和稳健的经营决策体系。

经纪转型财富管理方向坚定，投行在最强监管环境下业绩压力不大

经纪业务转型财富管理方向坚定，传统渠道加强营销与服务，互联网金融加大创新力度。同时公司以科学投顾为重心，加快向高端财富管理转型，不断丰富产品线以提升客户黏性。2016年前三季度公司佣金率水平0.061%，较2015年水平下滑15%左右，预计2017年佣金率水平仍有进一步下滑压力，但下滑压力将减小。投行业务在再融资新政下预计增发业务规模将缩量，但受益于IPO提速，首发业务将实现较好增长，并购重组业务保持较好发展势头，整体业绩压力不大。

资本中介依托服务提升客户黏性，自营投资审慎开展

资本中介业务保持行业领先地位，依托金融全业务链服务提升客户黏性。融资融券通过优化运营管理、加强营销支持、提升客户体验等措施，在震荡的市场环境下维持了较为稳定的市场份额。股权质押业务通过调整利率和质押率、提升审批流程等举措大力推进。自营业务审慎开展，以自有资金投资为主。其中权益类投资以追求低风险绝对收益为目标，固定收益类投资严控风险，杠杆水平较低。

直投业务保持较高收益率，境外业务稳步推进

公司直投业务依托子公司国信弘盛开展。在国内多层次资本市场日益丰富完善、股权私募市场稳健发展的大环境下，国信弘盛业务实现较好较快增长，2016年末管理规模近100亿元，投资规模接近50亿元，平均收益率超6%。2017年IPO提速将进一步疏通直投项目退出渠道，预计业务未来有较大发展潜力。国信证券（香港）具备证券业务全牌照，目前以开展投行业务为主。未来公司将积极把握相关业务机会，提升海外投行影响力。

综合实力突出，核心优势显著

公司综合实力较强，连续5年总资产、净资产、净资本、营业收入及净利润排名行业前十，塑造优良的品牌效应。经纪及财富管理、投行领先优势累积了雄厚的客户资源，有力支撑以客户为中心的服务模式。看好公司的综合实力和较强的业务能力，根据2016年业绩快报数据调整盈利预测，预计2016-18年EPS为0.59元、0.73元和0.87元，对应PE为26倍、21倍和18倍，目标价20-22元，维持买入评级。

风险提示：业务开展不如预期，市场波动风险。",,华泰证券,买入,[None],2017-03-03,,买入,1934758,pdf_downloads/2017/2017-03-03/002736-国信证券(002736)：转型发展，稳健为先.pdf,2736,国信证券,国信证券(002736)：转型发展，稳健为先,"{
    ""forecasts"": [
        {
            ""year"": 2016,
            ""net_profit"": null,
            ""eps"": 0.59,
            ""pe"": 26
        },
        {
            ""year"": 2017,
            ""net_profit"": null,
            ""eps"": 0.73,
            ""pe"": 21
        },
        {
            ""year"": 2018,
            ""net_profit"": null,
            ""eps"": 0.87,
            ""pe"": 18
        }
    ]
}",,26.0,21.0,18.0,,,,0.59,0.73,0.87,,
李少君,"一、事件概述

10月28日，国信证券披露了2016年第三季度报告，前三季度实现营业收入96.78亿元，同比下滑56.10%；归属母公司净利润37.05亿元，同比下降66.57%；基本每股收益0.45元，同比减少66.67%。

二、分析与判断

经纪、自营大幅下滑，投行收入增长

经纪、自营等业务收入下降，公司业绩同比下滑近七成。其中，经纪业务收入同比下滑近七成，股基交易市占率较2015年下降47bp至3.42%，佣金率下滑12%至万分之6.1，仍然保持行业高位。自营业务收入同比下滑近六成，自营规模大幅收缩至546.57亿元，投资收益率较上半年回升至2.53%。由于两融规模缩减，公司利息收入同比减少近无成。

投行聚焦中小企业，业务收入提升近两成。投行业务以服务中小企业及民营企业为特色，提供包括股权融资、债权融资、并购重组、挂牌推荐、直投及做市等全价值链投行服务。受益于债券承销规模快速增长，投行业务收入同比增长约两成。

经纪、自营收入占比下降，投行、信用收入占比提升

经纪业务收入占比明显下滑。相较于2015年末，经纪业务收入占比由54%大幅下滑10个百分点至44%，仍为公司第一大收入来源。自营业务收入占比由22%下滑6个百分点至16%。

投行业务收入占比大幅提升。投行业务占比由2015年末的7%大幅提升12个百分点至19%，超越自营成为公司第二大收入来源。信用业务占比由12%提升2个百分点至14%。资管业务收入占比保持稳定，仍为2%。

综合实力突出，业务排名高于资本排名

综合实力强劲，各项业务领先。相比公司总资产、净资产和净资本规模处于行业7-8名水平，公司经营业绩和业务发展排名相对靠前：营业收入和净利润水平行业4-5名；经纪、投行和资管业务行业领先。

三、盈利预测与投资建议

公司综合实力强劲，各项业务领先；经纪业务差异化服务，维持较高佣金率；投行聚焦中小企业，打造全价值链投行。我们看好公司未来发展，预计国信证券2016-2018年的BVPS分别为5.64/6.15/6.75元，对应PB分别为3.10、2.84和2.59倍，给予强烈推荐评级。

四、风险提示：1、公司战略推进不达预期；2、资本市场超预期波动。",,民生证券,强烈推荐,[None],2016-11-04,,买入,1881133,"pdf_downloads/2016/2016-11-04/002736-国信证券(002736)2016年三季度报告点评：业绩下滑符合预期,综合实力突出.pdf",2736,国信证券,"国信证券(002736)2016年三季度报告点评：业绩下滑符合预期,综合实力突出","{
  ""forecasts"": [
    {
      ""year"": 2016,
      ""net_profit"": null,
      ""eps"": null,
      ""pe"": null
    },
    {
      ""year"": 2017,
      ""net_profit"": null,
      ""eps"": null,
      ""pe"": null
    },
    {
      ""year"": 2018,
      ""net_profit"": null,
      ""eps"": null,
      ""pe"": null
    }
  ]
}",,,,,,,,,,,,
徐飞,"业绩简评

公司发布2016年中期业绩，实现营业收入61.5亿元，同比下降64.8%；归母净利润22.0亿元，同比下降75.7%；截至6月末，公司总资产2114.6亿元，较年初下降13.5%；净资产457.5亿元，较年初下降8.3%；EPS0.27元，同比下降75.5%；ROE4.43%，同比减少19.84个百分点。

经营分析

1、上半年受市场交易额萎缩和市场下跌影响，公司经纪业务、投资收益均同比下降，同时，2015年同期基数较高，使得总体业绩出现较大降幅。上半年，公司实现营业收入61.5亿元，同比下降64.8%；归母净利润22.0亿元，同比下降75.7%；ROE4.43%，同比减少19.84个百分点。6月末，公司净资产达到457.5亿元，较年初下降8.3%，主要受公司2015年分红49.2亿元影响。

2、上半年公司营业收入主要来自经纪、投行和资本中介业务，业务结构中，投行、资管、资本中介业务占比上升，经纪、自营业务占比下降。上半年，经纪、投行、资本中介、自营、资管业务分别实现收入35.5、11.5、8.3、4.7、2.6亿元，占营收比例分别为57.6%、18.7%、13.4%、7.7%、4.2%。其中，投行、资本中介、资管业务占比分别上升12.2、5.6、3.2个百分点，经纪、自营业务占比下降0.7、14.9个百分点。

3、公司市场化能力突出，不断打造经纪、投行等业务线的竞争优势。公司市场化能力突出，善于把握市场机遇，这是公司在长期市场竞争中，形成的具有自身特色的核心竞争能力。公司根据市场发展需求，打造业务线发展。在经纪业务线，实行“精品营业部”策略，针对深广京沪等发达城市的优质企业客户，打造精品营业部，以点带面提升服务的针对性，形成了一批具有国信特色的强劲竞争实力营业部，如深圳泰然九路营业部、上海北京东路营业部、广州东风中路营业部等；在投行业务线，公司发展战略从早期服务中小企业，转型为帮助核心客户做大做强，打造“市场化投行”，并在深广京沪等企业数量多的发达城市组建专门服务团队，随时满足客户需求。

投资建议

公司市场化服务能力突出，资本和资产实力位于行业前列，各项业务具有较强的市场创新和开拓能力，经纪业务和投行业务具有鲜明特点，同时，公司总部位于深圳，业务发展将受益于深港通的开通，预计2016/2017/2018年EPS为0.77/0.87/1.03元，维持“买入”评级。",,国金证券,买入,[None],2016-09-01,,买入,1859874,"pdf_downloads/2016/2016-09-01/002736-国信证券(002736)：市场化服务能力突出,经纪投行竞争优势显著.pdf",2736,国信证券,"国信证券(002736)：市场化服务能力突出,经纪投行竞争优势显著","{
    ""forecasts"": [
        {
            ""year"": 2016,
            ""net_profit"": 22.0,
            ""eps"": 0.27,
            ""pe"": null
        },
        {
            ""year"": 2017,
            ""net_profit"": null,
            ""eps"": 0.87,
            ""pe"": null
        },
        {
            ""year"": 2018,
            ""net_profit"": null,
            ""eps"": 1.03,
            ""pe"": null
        }
    ]
}",,,,,,,,,0.27,0.87,1.03,
李少君,"一、事件概述

8月28日，国信证券披露了2016年半年度报告，2016年上半年实现营业收入61.51亿元，同比下滑64.80%；归属母公司净利润21.96亿元，同比下滑75.65%。

二、分析与判断

业务发展：综合实力强劲，业务稳步推进

股基交易量下滑超六成，业务收入下降近七成。资本市场低迷，股基交易量下滑超六成，收入同比下降近七成。经纪业务市场份额3.42%。

自营规模收缩，收益率显著下降。受资本市场震荡影响，公司自营资产收益率大幅下滑至1.05%；自营资产规模较2015年末下滑3.5%至661.31亿元。

债券承销发展迅速，投行净收入略有提升。股权融资方面，共完成18.5单股权项目，承销总金额共计317.77亿元，市场份额4.56%，行业排名第七。债券融资方面，共完成54.75单债券承销项目，承销总额610.67亿元。

管理净值稳步提升，净收入略有下滑。资产管理业务实现净收入1.35亿元，同比下滑3.57%。截止2016年6月末，公司资产管理净值达到1,781.88亿元，较上年底增长27.06%。

业务结构：投行收入占比提升，收入结构优化

传统经纪自营业务收入占比合计下降15个百分点至62%，信用、投行等业务收入占比明显提升。其中，利息收入占比由12%上升3个百分点至15%，投行业务收入占比由8%提升12个百分点至20%。

综合实力突出，业务排名高于资本排名

综合实力强劲，各项业务领先。相比公司总资产、净资产和净资本规模处于行业7-8名水平，公司经营业绩和业务发展排名相对靠前：营业收入和净利润水平行业4-5名；经纪、投行和资管业务行业领先。

三、盈利预测与投资建议

公司综合实力强劲，各项业务领先；经纪业务差异化服务，维持较高佣金率；投行聚焦中小企业，打造全价值链投行。我们看好公司未来发展，预计国信证券2016-2018年的BVPS分别为5.86/6.55/7.33元，对应PB分别为2.98、2.67和2.38倍，给予强烈推荐评级。

四、风险提示

1、公司战略推进不达预期；2、资本市场超预期波动。",,民生证券,强烈推荐,[None],2016-08-31,,买入,1852046,"pdf_downloads/2016/2016-08-31/002736-国信证券(002736)2016年半年度报告点评：业绩下滑符合预期,各项业务行业领先.pdf",2736,国信证券,"国信证券(002736)2016年半年度报告点评：业绩下滑符合预期,各项业务行业领先","{
  ""forecasts"": [
    {
      ""year"": 2016,
      ""net_profit"": null,
      ""eps"": null,
      ""pe"": null
    },
    {
      ""year"": 2017,
      ""net_profit"": null,
      ""eps"": null,
      ""pe"": null
    },
    {
      ""year"": 2018,
      ""net_profit"": null,
      ""eps"": null,
      ""pe"": null
    }
  ]
}",,,,,,,,,,,,
"沈娟,罗毅,彭文","创新与稳健双轮驱动，竞争力居前

2016年上半年归属上市公司净利润21.96亿元，同比-76%，营业收入61.5亿元，同比-65%，EPS为0.27元。公司坚持规范稳健经营，推动“创新发展”与“合规风控”双轮驱动。公司具备专业的市场化服务能力，具有高度的市场敏感性，业务特色较为鲜明。多项经营指标排名行业前列。上半年受市场影响业绩出现较大下滑，但随着公司持续改革转型，下半年业绩有望出现拐点。

经纪业务创新转型加速，再融资及债券业务规模大幅提升

经纪业务加快向高端财富管理转型，以科学投顾为重心，提升客户黏性；并顺应互联网证券发展趋势，不断丰富产品线，提升用户体验。营业网点以在二三线城市建立轻型营业部为主，提升市场占有率。上半年经纪业务实现净收入29亿元，同比-69%。股权融资业务以行业和专业为主线，进一步提升业务品牌影响力和市场地位，上半年完成IPO项目2个，募集金额14亿元；再融资发展迅速，上半年主承销金额304亿元，同比上升173%。债券融资业务上半年主承销金额611亿元，同比上升223%；实现净收入11.5亿元，同比+0.3%。新三板业务进一步完善内控制度，强化后续督导及增值服务，上半年完成挂牌推荐68家，累计挂牌257家，行业排名第5。

自营探索直投实现多元发展，资管规模稳中有升

自营严控风险追求稳健收益，权益类投资严格执行总仓位风险控制准则，债券类投资把握交易性机会，较好完成投资目标。公司积极探索直投业务，实行多种投资策略基金并行募集与管理，上半年新增直投项目9个，投资金额8.9亿元。上半年实现投资净收益8.6亿元。资产管理业务以发展银行委托债券投资、固定收益类集合等主动管理型产品为重点，业务总量稳中有升。同时公司不断丰富和提升产品线及业务类型，大力拓展员工持股集合、定向增发及股票质押等新型产品。截至2016年6月末资管业务规模1782亿元，同比上升27%，其中主动管理类产品规模389亿元；实现资管业务净收入1.35亿元，同比-4%。

资本中介行业领先地位维持，国际业务取得突破

资本中介业务保持行业领先地位，融资融券通过优化运营管理、加强营销支持、提升客户体验等措施，在上半年震荡的市场环境下维持了较为稳定的市场份额；截至2016年6月末公司两融余额345.9亿元，市场份额4.05%，排名行业第9。股权质押业务通过调整利率和质押率、提升审批流程等举措大力推进；截至2016年6月末公司股票质押回购业务余额134亿元，行业排名第6。实现利息净收入8.9亿元，同比-62%。海外业务取得突破，国信香港成功承销绍兴城投3亿美元海外债券，完成公司作为总协调人面向全球投资者发行的首只债券，提升海外业务影响力。

综合实力突出，业务优势较强

公司综合实力较强，连续5年总资产、净资产、净资本、营业收入及净利润排名行业前十，塑造优良的品牌效应。经纪及财富管理、投行领先优势累计了雄厚的客户资源，有力支撑以客户为中心的服务模式。预计2016-18年EPS为0.63元、0.74元和0.84元，对应PE为28倍、24倍和21倍，维持增持评级。

风险提示：业务开展不如预期，市场波动风险。",,华泰证券,买入,[None],2016-08-30,,买入,1850386,"pdf_downloads/2016/2016-08-30/002736-国信证券(002736)：创新转型提速,业务稳健发展.pdf",2736,国信证券,"国信证券(002736)：创新转型提速,业务稳健发展","{
    ""forecasts"": [
        {
            ""year"": 2016,
            ""net_profit"": null,
            ""eps"": 0.63,
            ""pe"": 28
        },
        {
            ""year"": 2017,
            ""net_profit"": null,
            ""eps"": 0.74,
            ""pe"": 24
        },
        {
            ""year"": 2018,
            ""net_profit"": null,
            ""eps"": 0.84,
            ""pe"": 21
        }
    ]
}",,,28.0,24.0,21.0,,,,0.63,0.74,0.84,
李少君,"一、事件概述

国信证券14日发布公告称，公司在董事会审议通过以现金增资全资子公司国信弘盛创业投资24亿元人民币。增资资金分三期注入，每期间隔一年，第一、二期增资每次增资10亿元，第三期增资4亿元；首期10亿增资资金于2016年6月已完成。

二、分析与判断

资本实力大幅提升，拓展直投业务空间

作为国信证券的全资子公司，国信弘盛专注于直接投资，在专业投资领域成绩斐然。完成增资后，国信弘盛注册资本将由16.5亿元增至40.5亿元，增资比例高达1.45倍，资本实力将大幅提升。

2015年，公司直接投资业务新增项目投资21个，较上年增长61.54%；新增项目投资金额19亿元，较上年增长163.16%，并先后与大族激光、蓝思科技、金蝶软件等公司成立了5家产业并购基金管理公司，全力拓展产业并购业务；今年3月国信弘盛出资255万元与广州支点合资设立基金管理公司，注册资本500万元。

积极布局创新业务，增资子公司实现经营多元化

通过全资子公司国信弘盛、国信期货和国信香港将业务延伸至直接投资、期货以及境外业务等领域。同时，公司适时推进各子公司增加注册资本金，提升资本实力，扩大业务空间。此前，公司已增资国信香港，注册资本增至港币9.3亿港元。

综合实力突出，经纪保持优势、全能投行领先

相比公司总资产、净资产和净资本规模目前处于行业7-8名水平，公司经营业绩和业务发展排名相对靠前：营业收入和净利润水平行业4-5名。

其中，营业部实行准企业制、服务差异化，维持较高佣金率，2015年经纪业务收入行业第一；聚焦中小企业、打造全价值链大投行，IPO承销家数行业排名第一、新三板挂牌公司行业排名第五。

三、盈利预测与投资建议

预计公司2016-2018年净利润分别为91、110和115亿元，EPS分别为1.1、1.4和1.4元/股，对应PB分别为2.7X、2.3X和2X。维持公司“强烈推荐”评级。

四、风险提示：

1、增资效果不达预期；2、业务推进不达预期；3、佣金率下滑超预期。",,民生证券,强烈推荐,[None],2016-06-17,,买入,1773771,"pdf_downloads/2016/2016-06-17/002736-国信证券(002736)：增资全资子公司,提升直投业务资本实力.pdf",2736,国信证券,"国信证券(002736)：增资全资子公司,提升直投业务资本实力","{
  ""forecasts"": [
    {
      ""year"": 2016,
      ""net_profit"": 91,
      ""eps"": 1.1,
      ""pe"": null
    },
    {
      ""year"": 2017,
      ""net_profit"": 110,
      ""eps"": 1.4,
      ""pe"": null
    },
    {
      ""year"": 2018,
      ""net_profit"": 115,
      ""eps"": 1.4,
      ""pe"": null
    }
  ]
}",,,,,,,,,1.1,1.4,1.4,
"刘欣琦,张为,孔祥","本报告导读：
公司2015 年多项业务创公司历史新高，盈利能力领先于行业水平。公司未来积极布局各类创新业务，实现盈利模式转型升级，业务收入多元化。
投资要点：
给予“增持”评级，下调目标价至16.83元/股。2015年实现营收/归母净利润291.4/139.5 亿元，同比增长147%/183%。考虑到股基交易量下滑对于公司业绩的不利影响，我们下调公司2016-2018 年EPS 至0.97/1.02/1.06元。公司上市后资本实力和盈利能力均实现大幅提升，积极推动业务多元化布局，未来高速发展可期，给予公司一定的估值溢价，对应2016 年2.5倍PB，下调目标价至16.83 元/股，维持“增持”评级。
顺应行业发展趋势，协同打造“大经纪”业务。2015 年经纪及财富管理业务实现营业收入175.35 亿元，同比增长176.23%；经纪业务手续费收入跃居行业第一。公司金太阳手机证券注册用户及手机证券交易量大幅增长，其中金太阳手机证券注册用户超860 万，手机证券交易量占比32%。
未来公司将打造产品超市和互联网金融，进一步完善互联网金融布局。
建立投行“3+N”业务布局，中小企业股票承销维持行业领先。公司投行业务建立了全价值链服务模式，打造为客户提供从融资、并购到上市、做市等全方位金融服务。公司在中小板、创业板市场承销保荐的家数和金融处于行业领先地位，2015 年新增新三板挂牌企业126 家，行业排名第五；参与106 次挂牌企业股票发行，募集资金74.10 亿元，行业排名第四。
积极布局创新业务，盈利模式转型升级初见成效。公司资本中介业务高速发展，2015 年实现收入24.43 亿元，同比增长269.63%。全资子公司国信弘盛专注于直接投资，已成功切入专业化投资领域，2015 年与产业资本共同设立国信蓝思一号、国信大族一号等产业基金。
风险提示：股市大幅下跌",,国信证券,增持,[None],2016-05-12,,增持,1755769,pdf_downloads/2016/2016-05-12/002736-国信证券(002736)点评：业绩跨越式增长 向一流券商迈进.pdf,2736,国信证券,国信证券(002736)点评：业绩跨越式增长 向一流券商迈进,"{
    ""forecasts"": [
        {
            ""year"": 2016,
            ""net_profit"": null,
            ""eps"": 0.97,
            ""pe"": null
        },
        {
            ""year"": 2017,
            ""net_profit"": null,
            ""eps"": 1.02,
            ""pe"": null
        },
        {
            ""year"": 2018,
            ""net_profit"": null,
            ""eps"": 1.06,
            ""pe"": null
        }
    ]
}",,,,,,,,,0.97,1.02,1.06,
"丁文韬,王维逸","事件

国信证券发布2015年报：公司2015年实现营业收入291.39亿元，同比增长147.10%；归属于上市公司股东的净利润139.49亿元（对应EPS1.70元/股），同比增长183.08%，归属于上市公司股东净资产498.73亿元（对应BPS6.08元/股）。

投资要点

市场活跃带动经纪、自营、利息收入的大幅增加：公司全年实现归母净利润139.49亿元，同比增长183%，主要受益于：1）市场情绪高涨带动成交量规模增长；2）自营受益上半年市场走强；3）信用业务扩张、两融份额提升。截至15年底，经纪、自营、利息、投行、资管收入占比分别为54%、22%、12%、7%、2%。

经纪业务收入占比提升，加快向综合金融服务转型：15年公司股基成交额21万亿，同比大涨250%，市场份额为3.89%，同比增加0.08个百分点。截至15年底，金太阳手机证券注册用户已超过860万，具备一定的客户基础。同时向专业化财富管理转型，以增加客户粘性。15年佣金率由0.093%下降至0.079%，经纪收入158亿元，同比增长180%。经纪收入占比由48%提升至54%。

投行业务保持优势，IPO行业第一：15年公司投行业务实现营业收入21.61亿元，同比增长42.62%；利润总额7.21亿元，同比增长37.08%。公司股票承销家数42家，承销规模达270亿，创公司历史最佳成绩，其中IPO承销22家，市场份额行业位列第一；债券承销规模达534亿元，同比小幅下降15%；新三板挂牌126家，行业排名第五。

自营业务收入同比大增，直投业绩亮眼：15年公司实现证券自营业务实现营业收入64亿元，同比增长140%。15年公司股票、债券、基金投资规模分别占比22%、63%、10%。公司直投项目新增21个，同比增长62%，先后与大族激光、蓝思科技等公司成立5家产业并购基金管理公司，全力拓展产业并购业务。

资管业务规模定制拓展，推动产品创新：15年公司资管业务实现营业收入4.45亿元，同比增长132%，集合资产净值达到393.12亿元，同比增长79%。15年公司推出了首只资产证券化业务的专项资产管理计划和聚焦新三板市场的集合计划。

信用业务增速较快，受益市场活跃：信用业务实现利息收入35.48亿元，同比增长138%。下半年受监管影响，公司两融规模急剧缩水，期末余额459亿元，市场份额同比小幅下降至3.91%。

盈利预测及投资建议

公司主要收入来源为高弹性的经纪、自营、利息，经纪占半壁江山，受市场影响较大。预计16、17、18年净利润96亿、101亿、110亿，对应EPS1.18、1.24、1.58元。公司目前估值2.79倍16PB，合理估值3.3倍16PB，对应目标价20.06元。首次覆盖给予“买入”评级。

风险提示

市场持续震荡低迷；佣金率下滑超预期。",,东吴证券,买入,[None],2016-04-21,,买入,1748940,"pdf_downloads/2016/2016-04-21/002736-国信证券(002736)：转型综合服务,积极开展直投.pdf",2736,国信证券,"国信证券(002736)：转型综合服务,积极开展直投","{
    ""forecasts"": [
        {
            ""year"": 2016,
            ""net_profit"": 96,
            ""eps"": 1.18,
            ""pe"": null
        },
        {
            ""year"": 2017,
            ""net_profit"": 101,
            ""eps"": 1.24,
            ""pe"": null
        },
        {
            ""year"": 2018,
            ""net_profit"": 110,
            ""eps"": 1.58,
            ""pe"": null
        }
    ]
}",,,,,,,,,1.18,1.24,1.58,
"丁文韬,王维逸","事件
国信证券发布2015年报：公司2015年实现营业收入291.39亿元，同比增长147.10%；归属于上市公司股东的净利润139.49亿元（对应EPS 1.70元/股），同比增长183.08%，归属于上市公司股东净资产498.73亿元（对应BPS6.08元/股）。
投资要点
市场活跃带动经纪、自营、利息收入的大幅增加：公司全年实现归母净利润139.49 亿元，同比增长183%，主要受益于：1）市场情绪高涨带动成交量规模增长；2）自营受益上半年市场走强；3）信用业务扩张、两融份额提升。截至15 年底，经纪、自营、利息、投行、资管收入占比分别为54%、22%、12%、7%、2%。
经纪业务收入占比提升，加快向综合金融服务转型：15 年公司股基成交额21 万亿，同比大涨250%，市场份额为3.89%，同比增加0.08 个百分点。截至15 年底，金太阳手机证券注册用户已超过860 万，具备一定的客户基础。同时向专业化财富管理转型，以增加客户粘性。15 年佣金率由0.093%下降至0.079%，经纪收入158 亿元，同比增长180%。经纪收入占比由48%提升至54%。
投行业务保持优势，IPO 行业第一：15 年公司投行业务实现营业收入21.61 亿元，同比增长42.62%；利润总额7.21 亿元，同比增长37.08%。公司股票承销家数42 家，承销规模达270 亿，创公司历史最佳成绩，其中IPO 承销22 家，市场份额行业位列第一；债券承销规模达534 亿元，同比小幅下降15%；新三板挂牌126 家，行业排名第五。
自营业务收入同比大增，直投业绩亮眼：15 年公司实现证券自营业务实现营业收入64 亿元，同比增长140%。15 年公司股票、债券、基金投资规模分别占比22%、63%、10%。公司直投项目新增21 个，同比增长62%，先后与大族激光、蓝思科技等公司成立5 家产业并购基金管理公司，全力拓展产业并购业务。
资管业务规模定制拓展，推动产品创新：15 年公司资管业务实现营业收入4.45 亿元，同比增长132%，集合资产净值达到393.12亿元，同比增长79%。15 年公司推出了首只资产证券化业务的专项资产管理计划和聚焦新三板市场的集合计划。
信用业务增速较快，受益市场活跃：信用业务实现利息收入35.48 亿元，同比增长138%。下半年受监管影响，公司两融规模急剧缩水，期末余额459 亿元，市场份额同比小幅下降至3.91%。
盈利预测及投资建议
公司主要收入来源为高弹性的经纪、自营、利息，经纪占半壁江山，受市场影响较大。预计16、17、18 年净利润96 亿、101 亿、110 亿，对应EPS1.18、1.24、1.58 元。公司目前估值2.79 倍16PB，合理估值3.3 倍16PB，对应目标价20.06 元。首次覆盖给予“买入”评级。
风险提示
市场持续震荡低迷；佣金率下滑超预期。",,国信证券,买入,[None],2016-04-21,,买入,1748933,pdf_downloads/2016/2016-04-21/002736-国信证券(002736)年报点评：转型综合服务 积极开展直投.pdf,2736,国信证券,国信证券(002736)年报点评：转型综合服务 积极开展直投,"{
    ""forecasts"": [
        {
            ""year"": 2016,
            ""net_profit"": 96,
            ""eps"": 1.18,
            ""pe"": null
        },
        {
            ""year"": 2017,
            ""net_profit"": 101,
            ""eps"": 1.24,
            ""pe"": null
        },
        {
            ""year"": 2018,
            ""net_profit"": 110,
            ""eps"": 1.58,
            ""pe"": null
        }
    ]
}",,,,,,,,,1.18,1.24,1.58,
"张镭,刘涛","亊件：2016年4月17日，国信证券公布了2016年一季报。

投资要点：

公司一季度业绩大幅缩水主要有两方面原因：事级市场交易行情恶化以及管理费用率大幅提升。

事级市场交易行情恶化，给公司经纪、自营以及两融等业务均造成了较大的压力。大盘在1月份再次经历大幅调整，尽管在3月份有所回调，但一季度上证综指跌幅仍高达15.12%。两市成交额以及两融余额也出现大幅下降，一季度两市日均成交额5402亿元，同比下降25%，环比下降41%；期末两融规模为8809亿元，较期初下降25%。

管理费用率大幅上升。公司1季度的业务及管理费为13亿元，同比仅下降13%。一季度管理费用率为46%，比去年同期的24%有较大幅度的上升。主要原因在于公司的管理费用主要是员工薪酬（占比超过85%），因此弹性相对较小。

各业务发展情况：

经纪及财富管理业务：服务仍是公司主要竞争力。公司一季度实现代买证券业务净收入15亿元，同比下降49%，同期行业下降45.6%。根据我们的测算，公司16年一季度的股票代理交易的市场份额为3.48%，比去年同期下降了0.57个百分点，降幅为14%；一季度净佣金率为6.85%%，比去年同期下降了1.91个百分点，降幅21.8%，但仍高出行业2.75个百分点，期间降幅也低于行业的29.8%，充分体现了公司长期扎根财富管理服务所积累的优势。

投资银行业务：一季度唯一正增长的业务。公司一季度实现证券承销业务净收入5.3亿元，同比上升7%。主要原因在于一季度债券一级市场发行火爆，一季度公司承销的公司债和企业债规模分别为170亿元、71亿元，同比增长了16倍和1倍；股票承销方面，IPO共完成2个项目，规模14亿元，而去年同期共完成7个项目，规模40.6亿元，增发项目不去年同期一致为6个，但规模为61.1亿元，同比增加23.7%。

投资不交易业务：业绩波动最大。公司一季度实现投资净收益（含公允价值变动）1.6亿元，同比下降92%。若再把其他综合收益1包含进杢，一季度投资净收益（含公允价值变动以及其他综合收益）为-9.12亿元。不去年同期相比，公司自营规模出现了大幅度增长。公司一季度末的交易性金融资产和可供出售金融资产分别为544亿元、242亿元，同比增长126%和105%。结构上，根据15年底数据，交易性金融资产中股票、债券、基金占比分别为21%、70%和9%，可供出售金融资产中股票占比19%，债券占比27%，除此之外约有89亿元（占比41%）不证金公司开展了收益互换业务。

资产管理业务：集合资管规模有所下降。公司一季度实现受托客户管理业务净收入0.6亿元，同比下降9%，同期行业增速101%。公司的集合资管规模有所下降，目前公司的集合资产管理规模为332亿元，较15年底393亿元下降了15.5%。

资本中介业务：两融余额同比降幅较大。公司一季度实现利息净收入4.9亿元，同比下降42%，同期行业下降33.6%。截止3月末，公司融出资金规模376亿元，同比下降52%，买入返售金融资产2198亿元，同比增长6%，两项之和同比下降40.8%。

投资建议：基于日均成交额6500亿，两融余额9000亿元，上证综指3000点的假设下，我们测算公司2016年的EPS为0.71元，每股净资产6.76元，对应16年PE为22.6倍，PB为2.39倍。首次覆盖给予公司推荐评级。

风险提示：1、股票市场超预期下跌；2、市场交易行情不达预期",,中金财富,推荐,[None],2016-04-21,,增持,1748863,"pdf_downloads/2016/2016-04-21/002736-国信证券(002736)2016年一季报点评：业绩降幅较大,后续重点关注公司经纪业务市场份额变化.pdf",2736,国信证券,"国信证券(002736)2016年一季报点评：业绩降幅较大,后续重点关注公司经纪业务市场份额变化","{
    ""forecasts"": [
        {
            ""year"": 2016,
            ""net_profit"": null,
            ""eps"": 0.71,
            ""pe"": 22.6
        }
    ]
}",,,22.6,,,,,,0.71,,,
"沈娟,罗毅","盈利能力突出,竞争力居前
    2015 年归属上市公司股东净利润139 亿元,同比增长183%,营业收入291 亿元,同比增长147%,EPS 为1.7 元,每股净资产6.08 元,ROE 为33.86%。多项指标创历史新高,经纪业务积极创新转型,投行领先地位持续,自营、资管和资本中介业绩亮眼;拟每10 股派送现金股利6 元,高股息率具备吸引力。
    经纪转型积极,业务放量增长
    经纪业务充分整合内部资源,协同打造“大经纪”业务链条;推动传统业务向财富管理转型,针对个性化需求提供增值服务以提升客户粘性;积极布局互联网金融,手机证券交易量大幅增长,占比达32%;全年实现营业收入175.35 亿元,同比增长177%,排名行业第一。
    投行领先地位持续,业务均衡发展
    投行业务聚焦中小及民营企业,构建“3+N”业务格局,提供从融资、并购到上市、做市等全方位金融服务;承销保荐优势保持,完成股票承销42 家,同比增长73%,市场份额5.57%,其中IPO 项目22 家,排名行业第一;财务顾问业务大力推进,实现净收入3.99 亿元,同比增长77%;国信香港H 股主承销4 家,承销金额25.7亿港元,同比增长352%。新三板项目资源助力打造投行产业链,全年新增挂牌126家,排名第五。
    自营、资管、资本中介业绩亮眼
    自营业务坚持低风险绝对收益策略,全年实现投资净收入71.81 亿元,同比增长222%。资管业务重点拓展主动管理类业务,产业数量排名行业第二;集合资产净值达到 393.12 亿元,同比增长 79%;实现净收入4.45 亿元,同比增长132%。资本中介业务“中介+投资”双轮驱动,实现收入24.43 亿元,同比增长270%;融资融券受市场影响业绩略有下滑,两融余额460 亿元,同比下降8%;股权质押推出小额股票质押回购业务“小微通”,年末余额205.89 亿元,同比增长33%。直接投资向多投资策略基金并行转变,新增项目投资21 个,投资金额19 亿元,同比分别增长62%和163%;
    上市补充资本规模,市场化机制助力业务开展
    2015 年实现A 股上市,资本规模得到较好补充,有利于业务开展。高度的市场敏感性有利于迅速把握市场机遇,推动业务快速增长。2016 年年初受市场大跌和交易缩量影响,一季度净利润8.42 亿元,同比下降74%。看好公司创新业务能力及市场化经营机制,预计2016-18 年EPS 为0.86 元、0.97 元和1.05 元,对应 PE 为19 倍、 17 倍、16 倍,维持买入评级。
    风险提示:市场波动风险;新业务推进不如预期。",,华泰证券,买入,[None],2016-04-18,,买入,1747141,pdf_downloads/2016/2016-04-18/002736-国信证券(002736)年报点评：业务均衡发展 综合实力凸显.pdf,2736,国信证券,国信证券(002736)年报点评：业务均衡发展 综合实力凸显,"{
    ""forecasts"": [
        {
            ""year"": 2016,
            ""net_profit"": null,
            ""eps"": 0.86,
            ""pe"": 19
        },
        {
            ""year"": 2017,
            ""net_profit"": null,
            ""eps"": 0.97,
            ""pe"": 17
        },
        {
            ""year"": 2018,
            ""net_profit"": null,
            ""eps"": 1.05,
            ""pe"": 16
        }
    ]
}",,,19.0,17.0,16.0,,,,0.86,0.97,1.05,
"赵莎莎,赵竞萌","盈利能力领先上市券商

国信证券总资产、净资产和净资本规模目前处于行业7、8位水平，而营业收入和净利润水平排位靠前，在4、5名。2015年公司的加权平均净资产收益率为34.38%，处于大型券商的前列。同时，由于网点多布局在相对发达经济区，公司单体营业部的盈利能力突出。

以投顾服务为支撑的大经纪业务

公司经纪业务手续费收入市占率排名名列前茅，这主要源于公司较高的佣金率水平。2015年在互联网券商及一人多户等政策冲击下，公司的佣金率水平也出现一定程度的下降，但通过差异化的投顾服务作为支持，国信证券的佣金率降幅小于行业平均水平。

中小企业股票承销业务大赢家

2015年公司主承销业务收入合计7.76亿元，仅次于中信证券位居第二。其中IPO收入6.26亿元，占主承销收入比重的80.67%。公司充分利用IPO业务优势，向直投、场外市场延伸，打造投行全产业链，公司已在股权融资、债权融资、并购重组和其他融资产品等方面全方位布局，能够满足多产品、多层次的市场需求。

投资建议

国信证券是深圳国资委控股下盈利能力突出的大型券商。公司愿景是打造“大经纪”、“大投行”、“大资管”的业务格局。过去公司依靠经纪业务和投行业务的领先优势，积累了大量优质的零售客户和中小企业客户。未来公司还会将业务触角延伸至高端零售客户和大型企业客户当中，促进盈利模式的转型升级。同时，伴随资本市场的改革深入推进，公司正在不断延伸自己的产业链条，丰富产品数量与结构，提高业务协同效率与附加价值。我们预测2015-2016年，国信证券的每股收益分别为1.75、1.01元；每股净资产为6.08和7.10元，给予“推荐”投资评级。

风险提示

系统性风险、投资风险、政策风险",,国新证券,推荐,[None],2016-03-18,,增持,1733678,pdf_downloads/2016/2016-03-18/002736-国信证券(002736)深度报告：靠盈利能力胜出的全能投行.pdf,2736,国信证券,国信证券(002736)深度报告：靠盈利能力胜出的全能投行,"{
    ""forecasts"": [
        {
            ""year"": 2015,
            ""net_profit"": null,
            ""eps"": 1.75,
            ""pe"": null
        },
        {
            ""year"": 2016,
            ""net_profit"": null,
            ""eps"": 1.01,
            ""pe"": null
        }
    ]
}",,,,,,,,1.75,1.01,,,
"魏涛,郭晓露","2015年1-9月，国信证券(002736.CH/人民币16.10,未有评级)实现营业收入220.43亿元，比2014年末增长86.93%；归属于上市公司股东的净利润110.83亿元，比2014年末增长124.89%；基本每股收益1.35元，比上年末增长92.86%；加权平均净资产收益率28.50%，比2014年末增加7.22个百分点。公司资产总额2,851.08亿元，比2014年末增长76.70%；归属于上市公司股东净资产464.84亿元，比2014年末增长41.80%；杠杆率为6.13倍，比2014年末的4.92倍有所增加。

【业务发展情况简介】

2015年三季度公司经纪业务收入同比呈现快速增长态势。经纪业务净收入34.71亿元，同比增长146.30%。报告期内公司股基交易量4.78万亿，同比增长215.98%。股基交易市占率3.833%，比上年同期的3.875%有所下降。

2015年三季度公司投行业务收入小幅减少。投行业务净收入3.74亿元，同比减少2.70%。报告期内IPO暂停，公司共完成20项增发，共募集金额10.49亿元。

2015年三季度公司资管业务收入快速增长。资管业务净收入0.77亿元，同比增长99.19%。

2015年三季度公司自营业务收入大幅减少。自营业务净收入0.17亿元，同比减少97.50%。这主要和报告期内股市深幅调整，对公司自营投资标的负面影响较大有关。

2015年三季度公司利息收入增长速度较快。利息净收入5.33亿元，同比增长42.73%。三季度末公司融资融券余额408.46亿元，同比增长63.19%。

【建议关注国信证券的逻辑】

1、依托深圳特区地域优势，成长为南国巨鳄。公司以创新能力突出著称，发源于深圳特区，是深圳市国资委控股的实力最雄厚的证券公司，诞生起便具有深圳特有的市场化基因，综合实力和品牌竞争力居市场前列。2014年底公司上市，正值行业处于黄金发展周期，公司抓住上市契机，推进转型发展，IPO之后成为了深圳市国资委重要的资本运作平台。

2、市场定位和盈利能力居前，经营风格稳健。凭借灵活的运作机制和持续创新的活力，公司的市场地位和盈利能力位居前，彰显出稳健的经营风格及强劲的综合实力，ROE持续超越大型券商。经纪投行双驱动助推稳定增长，资本中介、投资和创新业务全面发力，业绩快速释放。在行业新一轮高速发展周期下，公司盈利能力和竞争力将上新台阶。",,中银国际,无评级,[None],2015-10-29,,,1362767,pdf_downloads/2015/2015-10-29/002736-国信证券：前三季度营业收入增长86。93％，净利润增长124。89％.pdf,2736,国信证券,国信证券：前三季度营业收入增长86。93％，净利润增长124。89％,"{
    ""forecasts"": [
        {
            ""year"": null,
            ""net_profit"": null,
            ""eps"": null,
            ""pe"": null
        }
    ]
}",,,,,,,,,,,,
"徐飞,贺国文","业绩简评

公司发布2015年中报，上半年，公司实现营业收入174.7亿元，同比增长306.9%；实现净利润90.2亿元，同比增长492.0%；总资产达到3480.5亿元，较年初增加115.7%；净资产达到454.7亿元，较年初增长38.7%；EPS1.10元，ROE24.27%，同比提升17.07个百分点。

经营分析

净利润增长近5倍，主要来自经纪和自营业务贡献。上半年，公司实现营业收入174.7亿元，同比增长306.9%；实现净利润90.2亿元，同比增长492.0%，业绩表现靓丽，增速高于行业平均水平。盈利增长主要来自于经纪和自营业务贡献，同时资本中介和投行业务也大幅增加。上半年，公司实现经纪、自营、资本中介、投行、资管业务营业收入分别为102.0、39.4、13.7、11.5、1.7亿元，同比增长415.4%、501.2%、477.1%、30.4%、92.5%，占总营业收入比例分别为58.4%、22.6%、7.8%、6.6%、1.0%，实现营业利润分别为73.0、35.1、8.3、4.9、0.9亿元。

推进“大经纪”业务战略，大力发展互联网金融。上半年，公司继续推进“大经纪”业务战略，发展综合财富管理业务，公司股基交易手续费收入行业排名第一，市场份额达到5.78%，排名较上年提升一位。同时，公司也大力推动互联网业务发展，截至6月末，公司金太阳手机证券注册用户超795万人，手机证券交易量占比达到32.4%。

公司业务实力领先，客户资源丰富，未来发展空间较大。公司在经纪和投行业务领域深耕市场、具有丰富经验，连续六年被深交所评为“最佳保荐机构”，今年上半年，在IPO保荐上市家数和股票融资主承销家数方面，公司继续保持市场第一。通过经纪和投行业务，公司积累了丰富的客户资源，未来发展空间较大。

盈利调整和投资建议

我们预计公司2015/2016年EPS为1.56/1.71元，对应10x/9xPE，2.5x/2.0xPB，首次覆盖，给予公司“买入”评级。",,国金证券,买入,[None],2015-08-30,,买入,1352960,pdf_downloads/2015/2015-08-30/002736-国信证券：盈利能力强，综合实力突出.pdf,2736,国信证券,国信证券：盈利能力强，综合实力突出,"{
    ""forecasts"": [
        {
            ""year"": 2015,
            ""net_profit"": null,
            ""eps"": 1.56,
            ""pe"": 10
        },
        {
            ""year"": 2016,
            ""net_profit"": null,
            ""eps"": 1.71,
            ""pe"": 9
        }
    ]
}",,,10.0,9.0,,,,,1.56,1.71,,
"魏涛,郭晓露","2015年上半年，国信证券(002736.CH/人民币16.48,未有评级)实现营业收入174.72亿元，同比增长306.90%。公司实现净利润90.22亿元，同比增长492.00%。每股收益1.10元，同比增长400.00%。归属于母公司净资产达到454.71亿元，比年初增加38.71%，杠杆率约为7.65倍，比2014年底4.92倍的杠杆率有一定提升。加权平均净资产收益率24.27%。

【业务发展情况简介】

上半年，国信证券的经纪及财富管理业务板块实现营业收入101.96亿元，同比增长415.40%；利润总额73.16亿元，同比增长598.89%。2015年上半年公司经纪股基日均交易量为953亿元，同比增长624%；手续费收入行业排名第一，市场份额5.78%，较上年上升一名。在机构业务方面，公司通过研究服务、产品销售、资源整合等措施拓展机构客户，为机构客户提供综合金融服务；完成了机构主交易商（PB）业务的布局，广泛筛选国内优秀的投资顾问和量化产品策略，积极服务机构客户；积极探索流动性服务、算法交易服务等服务手段，为机构客户提供多样化的服务和产品。公司实现交易单元席位租赁收入3.49亿元，较上年同期增长341.12%。

信用交易业务：截至6月末，公司累计开立信用户44万户，市场排名第三；融资融券余额1,053亿元，较上年末增长111%，市场排名第七。上半年，公司资本中介业务实现收入13.65亿元，同比增长477.14%。利润总额8.28亿元，同比增长330.14%。

投资银行业务实现营业收入11.47亿元，同比增长30.44%；利润总额4.85亿元，同比增长48.45%。公司股票承销家数29家，较上年增长118.86%，市场份额为7.18%，行业排名第一；承销金额201.08亿元，较上年增长9.57%，市场份额4.45%，行业排名第五。

其中，完成18家IPO项目，占市场总家数177家的10.17%，居于市场第一位。公司企业债承销家数8.5家（联合主承销项目按承销家数均分，下同），市场份额为5.12%，行业排名第五，承销金额75.5亿元，市场份额4.17%，行业排名第八。公司承销了国内第一支民营企业公募可交换债券（天士力）、国内规模最大的可交换私募债（东旭集团）、深交所第一支新私募公司债（漳龙债）。公司大力推动新三板挂牌业务，新增挂牌36家，截至报告期末挂牌家数累计达98家，行业排名第五，实际募集资金11亿元；累计为80家企业提供做市服务，做市企业家数量市场排名第二，做市交易金额市场排名第一。

投资与交易业务实现营业收入39.42亿元，同比增长501.16%。利润总额35.08亿元，同比增长716.60%。公司子公司国信弘盛发起设立10亿规模的国信大族机器人产业基金、100亿规模的国信蓝思TMT产业基金，打通上市公司资源，布局新兴行业上下游产业链。

公司资产管理业务实现营业收入1.72亿元，同比增长92.54%。利润总额0.86亿元，同比增长159.86%。公司并根据市场需求，积极研发、推出了专项资产管理计划、新三板集合资产管理计划等产品，满足了不同客户的投资需求，丰富了公司资产管理业务类型。截至2015年6月底，公司资产管理净值达到1,475.80亿元，其中集合资产净值达到373.14亿元，较上年底增长70%。",,中银国际,无评级,[None],2015-08-27,,,1344897,pdf_downloads/2015/2015-08-27/002736-国信证券半年报：净利润逾90亿，同比增长近500％.pdf,2736,国信证券,国信证券半年报：净利润逾90亿，同比增长近500％,"{
    ""forecasts"": [
        {
            ""year"": 2015,
            ""net_profit"": 90.22,
            ""eps"": 1.10,
            ""pe"": null
        }
    ]
}",,,,,,,,,1.1,,,
"罗毅,沈娟","多元化再迈进,业绩增势迅猛。中期归属母公司净利润90.22亿元,同比增长4.9倍;营业收入174.72亿元,同比增长3.1倍;EPS为1.10元,每股净资产5.55元,ROE为23.06%,主要指标保持行业前列。业务结构渐趋多元,转型创新稳步推进。经纪及投行一路领先,高端客户不断延伸;自营业绩快速释放;全面布局互联网,资本中介协同经纪大幅提升渗透率。
    大经纪云端发力,投行持续领先。继续推进经纪从传统中介向综合财富管理模式转型,积极借助云、网、端技术全方位提升产品及服务体验。经纪及财富管理收入101.96亿元,同比增长4.2倍;股基交易量953亿元,同比增长6.2倍,手续费收入市占率5.78%,行业排名第一。投行聚焦中小企业客户,打造“保荐+销售”核心竞争力,划分行业主线提升专业服务能力。股票承销、IPO、新三板做市交易额均排名市场第一。股票承销29家,同比增长118.9%,市场份额7.18%;IPO18家,市场份额10.17%。
    自营转型业绩爆发,资管创新空间打开。投资交易是三大收入来源之一,收入贡献比22.56%。产品涵盖权益类、固收、另类投资、衍生品等,收入39.42亿元,同比增长5倍。从自有资金投资转型基金管理,子公司国信弘盛设立产业基金布局新兴行业产业链。资管自主研发理财产品,集合资产净值达到373.14亿元,较2014年末增长70%。实现收入1.72亿元,同比增长92.54%。
    资本中介发挥协同,两融规模平稳增长。资本中介增势强劲,是公司业绩重要支撑,收入13.65亿元,同比增长4.8倍,收入贡献比7.81%。深化经纪与两融协同合作,两融渗透率有效提升,累计开立信用户44万户,市场排名第三;融资融券余额1053亿元,较14年末增长111%,利息收入贡献比70.07%。股票质押回购交易业务余额为5,584亿元,较2014年年末增长65%,利息收入贡献比12.75%。
    雄厚资源支撑,综合型券商地位提升。连续3年总资产、净资产、净资本、营业收入、净利润居行业前十,塑造优良品牌效应。经纪及财富管理、投行领先优势积累雄厚客户资源,有力支撑以客户为中心的服务模式,助力打造大经纪、大投行、大资管战略格局;盈利模式转型空间打开,综合竞争实力显著提升。预计2015-17年EPS为1.66元、1.45元、1.62元,对应PE为9倍、10.2倍、9.2倍,维持买入评级。风险提示:市场波动风险,新业务发展不如预期。",,国信证券,买入,[None],2015-08-26,,买入,1344693,pdf_downloads/2015/2015-08-26/002736-国信证券(002736)中报点评：多元服务发力 竞争力居前.pdf,2736,国信证券,国信证券(002736)中报点评：多元服务发力 竞争力居前,"{
    ""forecasts"": [
        {
            ""year"": 2015,
            ""net_profit"": null,
            ""eps"": 1.66,
            ""pe"": 9
        },
        {
            ""year"": 2016,
            ""net_profit"": null,
            ""eps"": 1.45,
            ""pe"": 10.2
        },
        {
            ""year"": 2017,
            ""net_profit"": null,
            ""eps"": 1.62,
            ""pe"": 9.2
        }
    ]
}",,,9.0,10.2,9.2,,,,1.66,1.45,1.62,
"邵子钦,田良,童成墩","事项:
    自2014年12月29日国信证券新股上市以来,9个交易日均以涨停板收盘,涨幅达到208.92%,期间行业指数下跌1.75%,我们认为新股发行造成的国信折价已经回补,未来走势将与行业保持一致,具体观点如下:
    评论:
    按照可比券商估值,国信证券合理定价19.41元
    从资产规模、盈利规模和业务份额上看,与国信证券可比的上市券商是招商证券、广发证券和华泰证券。根据我们的预测,各个公司的估值情况如下表,三家可比券商相对2015年的平均PB估值为2.67倍,平均PE估值为18.02倍。
    我们预计国信证券2015年归属于母公司股东的净利润为90.29亿元,年末净资产为412.94亿元,对应的EPS为1.10元,BVPS为5.04元。预计2015年三家可比公司净资产回报率14.85%,PB为2.67倍,国信证券的ROE为20.96%,考虑到国信证券ROE高于同行,给予公司3.77倍PB,对应合理价值为19.00元。给予国信证券与同行相同的PE(18.02倍),合理价值为19.82元。平均价格为19.41元,较1月12日收盘价高7.77%。
    风险因素
    1.股票市场大跌。2.佣金率加速下行。3.交易量萎缩。",,国信证券,,[None],2015-01-13,,,1316146,pdf_downloads/2015/2015-01-13/002736-国信证券(002736)重大事项点评：综合考虑估值和筹码松动情况.pdf,2736,国信证券,国信证券(002736)重大事项点评：综合考虑估值和筹码松动情况,"{
    ""forecasts"": [
        {
            ""year"": 2015,
            ""net_profit"": 90.29,
            ""eps"": 1.10,
            ""pe"": 18.02
        }
    ]
}",,,18.02,,,,,,1.1,,,
赵砚泽,"公司概况：

公司主要通过总部以及下属分公司、营业部从事证券经纪、投资银行、证券自营、资产管理以及资本中介等业务，通过全资子公司国信弘盛从事直接投资业务、通过全资子公司国信期货从事期货业务、通过全资子公司国信香港从事境外业务等。公司作为主动服务型证券公司，根据自身的经营条件和竞争优势，将广泛的零售客户群体、细分行业和区域优势企业作为目标客户，建立开放、可快速延展的业务模式，在经纪和投资银行业务方面具有较突出的行业领先优势。

公司控股股东为深投控，本次发行前持有公司40%的股权。深圳市国资委持有公司控股股东深投控100%的股权，为公司实际控制人。

行业现状及前景

GDP增长驱动证券行业发展。2011年、2012年和2013年，我国国内生产总值(GDP)年同比增长率分别为9.20%、7.80%和7.70%。随着我国GDP的增长，证券市场的供给方和需求方都得到了发展。从供给方来看，近几年来，许多盈利能力强、成长性佳的中小企业和新经济行业企业陆续进入证券市场，上市公司数量得到扩充、质量得到提升，扩大了市场容量，增加了交易的活跃性。

经济和金融体制改革：为证券行业发展创造机遇。2013年11月，《中共中央关于全面深化改革若干重大问题的决定》指出经济体制改革是“完善和发展中国特色社会主义制度、推进国家治理体系和治理能力现代化”的重点；要推动金融领域全面深化改革，推动建立更为开放、更为市场化的高效金融体系。证券行业面临巨大的发展机遇。

公司亮点：

均衡的业务竞争实力和良好的创新能力。2011年至2013年，公司总资产、净资产、净资本、营业收入和净利润等五项指标排名均进入前十位。公司在经纪和投资银行业务方面具有较突出的行业领先优势。

准确的客户与目标市场定位。公司作为主动服务型证券公司，根据自身的经营条件和竞争优势，将广泛的零售客户群体、细分行业和区域优势企业作为目标客户。公司的营业网点大多分布于深圳、广州、北京、上海等人均GDP较高、金融业较发达的城市。这些区域中产阶级数量众多，市场化专业服务的需求旺盛。

募投项目

公司本次发行募集资金将全部用于补充公司营运资金，主要用于融资融券等资本中介业务的开展、子公司的发展以及相关创新业务的开展等。

主要潜在风险

1、市场波动风险。目前证券公司主要从事证券经纪、投资银行、证券自营、资产管理和资本中介等业务，盈利能力、经营状况与市场景气程度等有较强的相关性。我国证券市场尚处于“新兴加转轨”阶段，市场景气程度受国内外经济形势、国民经济发展速度、宏观经济政策、行业发展状况及投资者心理等诸多因素的影响，存在较大的不确定性，从而导致公司经营业绩也出现较大波动。

2、行业竞争风险。近年来，随着监管理念及市场环境的变化，证券行业竞争越来越激烈，并由分散化、低水平竞争向集中化、差异化、专业化竞争演变。目前，已有多家证券公司通过兼并收购、增资扩股、发行上市等方式迅速扩大资本规模、提升竞争实力，也有部分证券公司在特定地域、特定业务类型等方面形成了比较竞争优势。

估值

发行人所在行业为金融业的资本市场服务，截止2014年12月16日,中证指数发布的最近一个月平均静态市盈率为60.45倍。预计公司2014、2015、2016年每股收益分别为0.36元、0.51元、0.71元。综合目前市场状况，结合公司发行价格5.83元（对应2013年摊薄市盈率22.97倍)，预计公司上市10个交易日内股价核心波动区间为24元-30元。",,恒泰证券,无评级,[None],2015-01-05,,,832128,pdf_downloads/2015/2015-01-05/002736-国信证券(002736)：预计公司上市10个交易日内股价核心波动区间为24元－30元.pdf,2736,国信证券,国信证券(002736)：预计公司上市10个交易日内股价核心波动区间为24元－30元,"{
    ""forecasts"": [
        {
            ""year"": 2014,
            ""net_profit"": null,
            ""eps"": 0.36,
            ""pe"": null
        },
        {
            ""year"": 2015,
            ""net_profit"": null,
            ""eps"": 0.51,
            ""pe"": null
        },
        {
            ""year"": 2016,
            ""net_profit"": null,
            ""eps"": 0.71,
            ""pe"": null
        }
    ]
}",,,,,,,,0.36,0.51,0.71,,
,"投资要点：

上市开启新征程，快速崛起的南国巨鳄。公司以创新能力突出而著称，发源于深圳特区的券商，诞生起便具有深圳特有的市创新基因，综合实力和品牌竞争力居市场前列。上市将助推新跨越，解开资本束缚，为公司大展拳脚提供平台。正值行业处于黄金发展周期，公司抓住上市契机，推进转型发展，打造业务新空间，将实现新的跨越。

盈利能力突出，竞争力居前的综合型券商。凭借灵活的运作机制和持续创新的活力，市场地位和盈利能力位居前，连续3年总资产、净资产、净资本、营业收入、净利润居行业前十位，彰显出稳健的经营风格及强劲的综合实力，ROE持续超越大型券商（在10%以上）。经纪投行双驱动助推稳定增长，资本中介、投资和创新业务全面发力，业绩快速释放。在行业新一轮高速发展周期下，公司盈利能力和竞争力将上新台阶。

经纪品牌优势明显，投行竞争力居前，新业务全面发力。率先打造精品营业部差异化营销战略，提供综合和增值服务，在市场上形成较强品牌影响力。2009-2013年有6家证券营业部进入前10名，泰然九路证券营业部连续五年第一。投行推动股债双轮发展，专业化优势明显，聚焦于中小企业客户，将充分受益于注册制改革。重点发展再融资、并购业务、中小企业私募债券等创新业务，形成完善的投行产业链优势。资本中介和投资业务爆发式增长，是公司重要增长点。

买入评级，市值相对目前还有2倍提升空间。上市募集资金将推动业务规模化发展（两融、子公司业务发展），在行业处于高增长周期轨道，公司业绩将实现高增长。假设2014-2015年股基日均成交额3000-4500亿，2015年两融市场规模1.5万亿元，预计公司2014-2015年净利润分别为38亿、61亿，同比增长82%和58%，对应发行后EPS0.47元、0.74元。公司首次发行价格5.83元/股，对应2014年（考虑发行补充资本后）PB约1.7倍左右，对应2014年PE约12倍，远低于行业平均水平，给予公司2015年25-30倍PE，公司合理目标价18.5-22元。从市值角度看，上市后公司市值仅478亿，相比同阶梯券商（招商市值1685亿元、广发市值1550亿元、光大市值1041亿元），相对目前公司市值还有2倍提升空间。

风险提示：新业务进展不如预期，市场波动风险。",,华泰证券,无评级,[None],2014-12-29,,,1315868,pdf_downloads/2014/2014-12-29/002736-国信证券：南国巨鳄再崛起.pdf,2736,国信证券,国信证券：南国巨鳄再崛起,"{
    ""forecasts"": [
        {
            ""year"": 2015,
            ""net_profit"": 61,
            ""eps"": 0.74,
            ""pe"": null
        }
    ]
}",,,,,,,,,,0.74,,
魏涛,"【发行方案】
    1.国信证券新股发行不超过12亿股,发行前股本70亿股,发行后总股本不超过82亿股,本次新股发行占发行后总股本的比例不超过14.63%。
    公司拟募集资金69.96亿元,每股发行价格5.83元。对应2013年22.97倍市盈率,1.69倍市净率。
    2.根据可比公司〔广发证券(000776.CH/人民币24.80,未有评级)、光大证券(601788.CH/人民币25.46,未有评级)〕市值法和相对估值法〔广发、招商证券(600999.CH/人民币28.73,未有评级)〕预测国信证券发行上市后股价合理的运行区间是14-21元。强烈推荐关注。
    【公司情况】
    1.近年来,公司营业收入和净利润稳步增长,2012年和2013年营业收入的同比增长率分别为0.38%和11.46%,净利润同比增长率分别为1.46%和14.06%。经计算,公司2011年、2012年和2013年的ROE分别为10.25%、9.63%和10.23%,保持平稳状态。
    2.证券经纪业务是公司重要的收入来源,2011至2013年,公司经纪业务实现的手续费及佣金净收入略有上升。公司营业部部均成交额远超行业水平,这已成为国信证券经纪业务的特色。2009年-2013年公司连续五年均有六家营业部进入证券公司营业部股票交易金额前十名,其中泰然九路证券营业部连续五年排名第一。
    3.近年来,公司投资银行业务收入有所下降。在股票承销保荐业务方面,受2012年末IPO发行暂停的影响,股票发行家数和金额下降幅度较大。债券承销保荐业务方面,受市场利率和政府政策导向的影响,2012年债券承销家数和金额大幅度增加,2013年略有回落。公司保荐项目较多,一直位列行业前四,但由于近年来客户以中小型企业为主,佣金下降等影响,造成整体收入下降明显。随着IPO的重启,预计投行业务收入将会有所改善。",,中银国际,无评级,[None],2014-12-23,,,831619,"pdf_downloads/2014/2014-12-23/002736-国信证券(002736)新股发行：打开资本限制,起风正好飞翔.pdf",2736,国信证券,"国信证券(002736)新股发行：打开资本限制,起风正好飞翔","{
    ""forecasts"": [
        {
            ""year"": null,
            ""net_profit"": null,
            ""eps"": null,
            ""pe"": 22.97
        }
    ]
}",,,,,,,,,,,,
,"【发行方案】
    1. 国信证券新股发行不超过 12亿股,发行前股本 70亿股,发行后总股本不超过 82亿股,本次新股发行占发行后总股本的比例不超过 14.63%。
    公司拟募集资金 69.96亿元,每股发行价格 5.83元。对应 2013年 22.97倍市盈率,1.69倍市净率。
    2. 根据可比公司〔广发证券(000776.CH/人民币 24.80, 未有评级)、光大证券(601788.CH/人民币 25.46, 未有评级)〕市值法和相对估值法〔广发、招商证券(600999.CH/人民币 28.73, 未有评级)〕预测国信证券发行上市后股价合理的运行区间是 14-21元。强烈推荐关注。
    【公司情况】
    1. 近年来,公司营业收入和净利润稳步增长,2012年和 2013年营业收入的同比增长率分别为 0.38%和 11.46%,净利润同比增长率分别为 1.46%和 14.06%。经计算,公司 2011 年、2012 年和 2013 年的 ROE 分别为10.25%、9.63%和 10.23%,保持平稳状态。
    2. 证券经纪业务是公司重要的收入来源,2011至 2013年,公司经纪业务实现的手续费及佣金净收入略有上升。公司营业部部均成交额远超行业水平,这已成为国信证券经纪业务的特色。2009 年-2013 年公司连续五年均有六家营业部进入证券公司营业部股票交易金额前十名,其中泰然九路证券营业部连续五年排名第一。
    3. 近年来,公司投资银行业务收入有所下降。在股票承销保荐业务方面,受 2012年末 IPO发行暂停的影响,股票发行家数和金额下降幅度较大。债券承销保荐业务方面,受市场利率和政府政策导向的影响,2012年债券承销家数和金额大幅度增加,2013年略有回落。公司保荐项目较多,一直位列行业前四,但由于近年来客户以中小型企业为主,佣金下降等影响,造成整体收入下降明显。随着 IPO的重启,预计投行业务收入将会有所改善。
    公司概况
    公司前身深圳国投证券有限公司于 1994年 6月 30日由深圳国际信托投资公司与中国国际企业合作公司共同出资设立。2008年 3月25日,公司完成股份制改革,正式变更为国信证券股份有限公司。公司主要通过总部以及下属 11家分公司、84家营业部从事证券经纪、投资银行、证券自营、资产管理以及资本中介等业务,通过全资子公司国信弘盛从事直接投资业务、通过全资子公司国信期货从事期货业务、通过全资子公司国信香港从事境外业务等。
    公司共有 5家股东,深圳市投资控股有限公司持有公司 40.00%的股权,为控股股东为深圳市投资控股有限公司(简称“深投控”),深圳市国资委持有深投控 100%的股权,因此,国信证券的实际控制人是深圳市国资委。
    市场地位
    从 2011年至 2013年数据来看,公司总资产、净资产、净资本三项指标均进入行业排名前十位,保持着较为稳定的水平,一直处于行业前列。
    经纪业务市场占有率方面,公司营业网点主要分布在经济较发达地区,各家证券公司网点布局较为密集,经纪业务竞争十分激烈;轻型营业部的推出和互联网金融的发展进一步降低了竞争门槛,削弱了公司营业网点布局优势,2011年、2012年和 2013年,公司 A股交易金额市场占有率分别为 3.95%、3.74%和 3.64%,市场份额呈下降趋势。
    收入结构
    证券经纪业务是公司重要的收入来源,2011至 2013年,公司经纪业务实现的手续费及佣金净收入略有上升。在经纪业务交易佣金率方面,2011 年、2012年和 2013年,公司股票基金净佣金率分别为 0.898‰、0.904‰和 0.974‰,同比变动率分别为-10.59%、0.76%和 7.72%,逐年升高且均高于证券行业平均股票基金净佣金率。2013 年净佣金率同比的提高是经纪业务收入大幅提升的重要原因之一。
    公司营业部部均成交额远超行业水平,这已成为国信证券经纪业务的特色。2009年-2013年公司连续五年均有六家营业部进入证券公司营业部股票交易金额前十名,其中泰然九路证券营业部连续五年排名第一。
    近年来,公司投资银行业务收入有所下降。在股票承销保荐业务方面,受 2012年末 IPO发行暂停的影响,股票发行家数和金额下降幅度较大。债券承销保荐业务方面,受市场利率和政府政策导向的影响,2012 年债券承销家数和金额大幅度增加,2013 年略有回落。公司保荐项目较多,一直位列行业前四,但由于近年来客户以中小型企业为主,佣金下降等影响,造成整体收入下降明显。随着 IPO的重启,预计投行业务收入将会有所改善。
    资本中介业务方面,公司目前已开展了融资融券、约定购回式证券交易、股票质押式回购、场外期权等多项创新业务。其中,公司融资融券余额在 2011年、2012年和 2013年分别为 24.44亿元、40.33亿元和 158.27亿元,融资融券利息收入在 2011年、2012年和 2013年分别为 1.52亿元、2.73亿元和 9.28亿元。
    根据中证协统计数据,2013年公司融资融券业务利息收入名列行业第八。
    在信息技术系统建设方面,公司坚持自主开发核心业务系统,创立“金太阳”手机证券自主品牌,注册用户达 574万户。
    短期来看,经纪业务、投资银行业务和自营业务仍将会是公司营业收入的主要来源,并且稳定发展,但随着近年来公司进行了较为积极的创新业务布局和备战,盈利模式转型升级也将逐渐显现,尤其是资产管理、直投业务和期货业务将会成为未来公司营业收入增长的动力。
    业绩表现
    近年来,公司营业收入和净利润稳步增长,2012年和 2013年营业收入的同比增长率分别为 0.38%和 11.46%,净利润同比增长率分别为 1.46%和 14.06%。经计算,公司 2011年、2012年和 2013年的 ROE分别为 10.25%、9.63%和 10.23%,保持平稳状态。
    基本发行情况
    国信证券发行前股本 700,000万股,本次发行不超过 120,000万股,占发行后总股本的比例不超过14.63%,发行后总股本不超过82亿股。公司拟募集资金69.96亿元,每股发行价格 5.83元。对应 2013年 22.97倍市盈率,1.69倍市净率。
    盈利预测和估值定价
    盈利预测:按照广发 14、15年的收入增速预测收入, 14-15年每股收益按照上市后总股本摊薄。
    估值定价:
    可比市值法:
    按照与广发证券、光大证券市场份额的差距折算现在市值,再进行净资产调整后的市值除以发行后总股本。得出上市后价格区间为 13.04~15.01元。
    相对估值法:
    同类公司广发、招商 14年预测平均估值水平,我们认为公司合理股价应在 21元左右。
    综上,我们认为公司上市后合理价格区间在 14元~21元。",,中银国际,,[None],2014-12-22,,,1315775,pdf_downloads/2014/2014-12-22/002736-璞玉共精金*公司*国信证券(002736)新股发行：打开资本限制 起风正好飞翔.pdf,2736,国信证券,璞玉共精金*公司*国信证券(002736)新股发行：打开资本限制 起风正好飞翔,"{
    ""forecasts"": [
        {
            ""year"": null,
            ""net_profit"": null,
            ""eps"": null,
            ""pe"": null
        }
    ]
}",,,,,,,,,,,,
张月彗,"事件描述

国信证券将在深交所中小板挂牌上市，首次募集股份不超过12亿股，每股发行价格5.83元，募集资金不超过69.96亿元。

公司基本面扎实传统业务优势明显

公司具有良好的基本面，业务结构均衡，2014年中报数据显示，公司经纪业务占比39.40%，投行业务占比20.65%，自营业务占比21.07%。传统业务中经纪业务与投行业务优势明显，均在行业排名前十。2014年中期，经纪业务净佣金率为0.918‰，显著高于行业平均水平。经纪业务市场份额位居第七位。公司营业网点虽然相对同类型券商较少，但部均成交量表现突出，连续五年占据营业部成交金额首位，并保持有六家进入前十的五年纪录。投行业务综合实力强劲。截止到12月18日，主承销家数排名行业第五，IPO家数10单，排名行业第三。新三板业务目前已挂牌77家，推荐挂牌与做市业务均居行业领先水平。公司首发、再融资、债券承销与新三板业务均处于行业前列，未来也将充分享受注册制带来的增量收入。

投资策略

公司总资产、净资产、营业收入和净利润等指标均位于行业前十，总资产、净资产指标与上市券商中光大证券接近，营业收入、净利润指标与华泰证券接近。按照公司5.83元的发行价格，对照14年PE仅12.1倍，PB仅1.56倍，同期行业平均水平为PE47.61倍、PB4.47倍。对应可比券商华泰证券（PE42.31X,PB3.67X）以及光大证券（PE74.82X,PB3.98X），估值明显偏低。

公司由于缺乏股权融资渠道，主要采取负债方式提供业务营运资金，发行前资产负债率较高。资本金不足也在一定程度上限制了公司自营等业务的发展。此次上市后募集资金将有效解决公司资本金限制问题，对自营业务、两融业务及子公司的投入将直接兑现业绩，融资完成后也给了公司加杠杆的空间。鉴于公司基本面良好，资本金束缚打开后将助力公司发展，以及券商板块近期的表现，我们认为公司上市后股价具备大幅上升空间，给与买入评级。

风险提示：市场下行风险，佣金率下降，创新不及预期",,开源证券,无评级,[None],2014-12-18,,,831423,pdf_downloads/2014/2014-12-18/002736-国信证券(002736)上市点评：基本面良好，资本限制打开后发展空间巨大.pdf,2736,国信证券,国信证券(002736)上市点评：基本面良好，资本限制打开后发展空间巨大,"{
  ""forecasts"": [
    {
      ""year"": null,
      ""net_profit"": null,
      ""eps"": null,
      ""pe"": null
    }
  ]
}",,,,,,,,,,,,
